Thornton,Noah,Morin,Felisha,Thornton,Lee
Caldeiro,Tiana,Polk,Nina,Caldeiro,Orion
Sellers,Jared,Garfield,Isabel,Sellers,Lukas
Schmitt,Erica,Coolidge,Noemi,Schmitt,Mauricio
Harrison,Saul,Polansky,Gianna,Harrison,Darrin
Poindexter,Shania,Grabe,Elana,Poindexter,Lionel
Hire,Jawaun,Carr,Corina,Hire,Efren
Moore,Lizette,Brand,Katy,Moore,Samuel
Wheelock,Idris,Olivas,Janice,Wheelock,Easton
Archambault,Katelin,Gutierrez,Francisca,Archambault,Keanu
Helms,Kayle,Grout,Toni,Helms,Bennett
Young,Kamri,Coleman,Isabella,Young,Ricardo
Newman,Javion,Lopez,Jazmyn,Newman,Killian
Magnus,Dakota,Gregory,Octavia,Magnus,Jevon
Brown,Brenton,Cleave,Alayna,Brown,Darnell
Springer,Vera,Grabe,Torrie,Springer,Marvin
Burbank,Salvador,Massimino,Karlee,Burbank,Dylon
Low,Chantelle,Camarda,Ixchel,Low,Rudy
Eisele,Yakov,Thagard,Jhane,Eisele,Brennan
Jernigan,Adrianna,Coleman,Keila,Jernigan,Skylar
Valheim,Van,Gorie,Daija,Valheim,Scott
Buchanan,Heidy,Foale,Taylorann,Buchanan,Coleman
Piper,Rhett,Tyler,Brigid,Piper,Payton
Greene,Harlie,Adamson,Theresa,Greene,Tony
Culbertson,Richard,Jernigan,Mykelle,Culbertson,Devin
Hobaugh,Stevie,Williams,Nichelle,Hobaugh,Romeo
Kelly,Ladarius,Harris,Dena,Kelly,Jordan
Precour,Mollie,Gregory,Kate,Precour,Nigel
Thornton,Jai,Caldeiro,Tiana,Thornton,Noah
Henricks,Edith,Lucid,Felicia,Henricks,Rey
Thornton,Frankie,Caldeiro,Tiana,Thornton,Noah
Godwin,Sarina,Sellers,Jenniffer,Godwin,Campbell
Thornton,Jamie,Caldeiro,Tiana,Thornton,Noah
Thornton,Kailey,Caldeiro,Tiana,Thornton,Noah
Thornton,Lloyd,Caldeiro,Tiana,Thornton,Noah
Thornton,Marisela,Caldeiro,Tiana,Thornton,Noah
Thornton,Tyren,Caldeiro,Tiana,Thornton,Noah
Thornton,Marisa,Caldeiro,Tiana,Thornton,Noah
Thornton,Guadalupe,Caldeiro,Tiana,Thornton,Noah
Thornton,Angelina,Caldeiro,Tiana,Thornton,Noah
Thornton,Daylon,Caldeiro,Tiana,Thornton,Noah
Thornton,Shea,Caldeiro,Tiana,Thornton,Noah
Thornton,Ty,Caldeiro,Tiana,Thornton,Noah
Thornton,Jasmine,Caldeiro,Tiana,Thornton,Noah
Thornton,Grady,Caldeiro,Tiana,Thornton,Noah
Thornton,Makayla,Caldeiro,Tiana,Thornton,Noah
Sellers,Shawn,Schmitt,Erica,Sellers,Jared
Sellers,Itati,Schmitt,Erica,Sellers,Jared
Sellers,Brayden,Schmitt,Erica,Sellers,Jared
Sellers,Larissa,Schmitt,Erica,Sellers,Jared
Sellers,Steven,Schmitt,Erica,Sellers,Jared
Sellers,Vivien,Schmitt,Erica,Sellers,Jared
Sellers,Darrell,Schmitt,Erica,Sellers,Jared
Sellers,Sylvia,Schmitt,Erica,Sellers,Jared
Sellers,Evan,Schmitt,Erica,Sellers,Jared
Sellers,Ariana,Schmitt,Erica,Sellers,Jared
Harrison,Ernest,Poindexter,Shania,Harrison,Saul
Sellers,Maia,Schmitt,Erica,Sellers,Jared
Harrison,Jackson,Poindexter,Shania,Harrison,Saul
Harrison,Baily,Poindexter,Shania,Harrison,Saul
Harrison,Skylar,Poindexter,Shania,Harrison,Saul
Harrison,Aja,Poindexter,Shania,Harrison,Saul
Harrison,Wilfredo,Poindexter,Shania,Harrison,Saul
Hire,Shana,Moore,Lizette,Hire,Jawaun
Harrison,Valentine,Poindexter,Shania,Harrison,Saul
Hire,Shelbi,Moore,Lizette,Hire,Jawaun
Harrison,Tayler,Poindexter,Shania,Harrison,Saul
Hire,Cheyenne,Moore,Lizette,Hire,Jawaun
Harrison,Matthew,Poindexter,Shania,Harrison,Saul
Hire,Makenzie,Moore,Lizette,Hire,Jawaun
Harrison,Joan,Poindexter,Shania,Harrison,Saul
Hire,Arianna,Moore,Lizette,Hire,Jawaun
Hire,Ernest,Moore,Lizette,Hire,Jawaun
Hire,Kallee,Moore,Lizette,Hire,Jawaun
Hire,Wyatt,Moore,Lizette,Hire,Jawaun
Wheelock,Cassie,Archambault,Katelin,Wheelock,Idris
Hire,Demonte,Moore,Lizette,Hire,Jawaun
Helms,Rianna,Young,Kamri,Helms,Kayle
Hire,Abdul,Moore,Lizette,Hire,Jawaun
Helms,Nancy,Young,Kamri,Helms,Kayle
Hire,Darien,Moore,Lizette,Hire,Jawaun
Helms,Sky,Young,Kamri,Helms,Kayle
Hire,Jovan,Moore,Lizette,Hire,Jawaun
Helms,Sheri,Young,Kamri,Helms,Kayle
Hire,Davis,Moore,Lizette,Hire,Jawaun
Helms,Shania,Young,Kamri,Helms,Kayle
Hire,Darrin,Moore,Lizette,Hire,Jawaun
Helms,Siera,Young,Kamri,Helms,Kayle
Hire,Alejandro,Moore,Lizette,Hire,Jawaun
Helms,Daesha,Young,Kamri,Helms,Kayle
Hire,Jarrett,Moore,Lizette,Hire,Jawaun
Newman,Rosemary,Magnus,Dakota,Newman,Javion
Hire,Travis,Moore,Lizette,Hire,Jawaun
Newman,Alana,Magnus,Dakota,Newman,Javion
Hire,Denzell,Moore,Lizette,Hire,Jawaun
Newman,Spencer,Magnus,Dakota,Newman,Javion
Wheelock,Reed,Archambault,Katelin,Wheelock,Idris
Brown,Jennah,Springer,Vera,Brown,Brenton
Wheelock,Omar,Archambault,Katelin,Wheelock,Idris
Burbank,Halie,Low,Chantelle,Burbank,Salvador
Helms,Kirk,Young,Kamri,Helms,Kayle
Burbank,Malia,Low,Chantelle,Burbank,Salvador
Helms,Bill,Young,Kamri,Helms,Kayle
Burbank,Amberly,Low,Chantelle,Burbank,Salvador
Helms,Desmond,Young,Kamri,Helms,Kayle
Burbank,Shelby,Low,Chantelle,Burbank,Salvador
Newman,Marcell,Magnus,Dakota,Newman,Javion
Eisele,Sania,Jernigan,Adrianna,Eisele,Yakov
Newman,Gerard,Magnus,Dakota,Newman,Javion
Eisele,Darcie,Jernigan,Adrianna,Eisele,Yakov
Newman,Oscar,Magnus,Dakota,Newman,Javion
Valheim,Nichole,Buchanan,Heidy,Valheim,Van
Newman,Camden,Magnus,Dakota,Newman,Javion
Piper,Brittany,Greene,Harlie,Piper,Rhett
Newman,Martin,Magnus,Dakota,Newman,Javion
Piper,Marivel,Greene,Harlie,Piper,Rhett
Newman,Kristian,Magnus,Dakota,Newman,Javion
Piper,Gianna,Greene,Harlie,Piper,Rhett
Brown,Maliki,Springer,Vera,Brown,Brenton
Piper,Emmily,Greene,Harlie,Piper,Rhett
Brown,Ward,Springer,Vera,Brown,Brenton
Piper,Hattie,Greene,Harlie,Piper,Rhett
Brown,Aidan,Springer,Vera,Brown,Brenton
Piper,Destany,Greene,Harlie,Piper,Rhett
Brown,Quintin,Springer,Vera,Brown,Brenton
Culbertson,Alexandra,Hobaugh,Stevie,Culbertson,Richard
Burbank,Bill,Low,Chantelle,Burbank,Salvador
Culbertson,Kaela,Hobaugh,Stevie,Culbertson,Richard
Burbank,Tyler,Low,Chantelle,Burbank,Salvador
Kelly,Deyaneira,Precour,Mollie,Kelly,Ladarius
Burbank,Marvin,Low,Chantelle,Burbank,Salvador
Kelly,Kenna,Precour,Mollie,Kelly,Ladarius
Burbank,Tracy,Low,Chantelle,Burbank,Salvador
Kelly,Myranda,Precour,Mollie,Kelly,Ladarius
Burbank,Thaddeus,Low,Chantelle,Burbank,Salvador
Kelly,Eryn,Precour,Mollie,Kelly,Ladarius
Burbank,Ramiro,Low,Chantelle,Burbank,Salvador
Thornton,Annabel,Henricks,Edith,Thornton,Jai
Burbank,Jalil,Low,Chantelle,Burbank,Salvador
Thornton,Misty,Henricks,Edith,Thornton,Jai
Eisele,Spenser,Jernigan,Adrianna,Eisele,Yakov
Thornton,Kendall,Henricks,Edith,Thornton,Jai
Eisele,Deshawn,Jernigan,Adrianna,Eisele,Yakov
Thornton,Marlena,Henricks,Edith,Thornton,Jai
Eisele,Ravon,Jernigan,Adrianna,Eisele,Yakov
Thornton,Marlene,Henricks,Edith,Thornton,Jai
Eisele,Dreshaun,Jernigan,Adrianna,Eisele,Yakov
Thornton,Tasha,Henricks,Edith,Thornton,Jai
Eisele,Alberto,Jernigan,Adrianna,Eisele,Yakov
Thornton,Demi,Henricks,Edith,Thornton,Jai
Eisele,Rex,Jernigan,Adrianna,Eisele,Yakov
Thornton,Megan,Godwin,Sarina,Thornton,Frankie
Eisele,Jarvis,Jernigan,Adrianna,Eisele,Yakov
Thornton,Helen,Godwin,Sarina,Thornton,Frankie
Eisele,Arnold,Jernigan,Adrianna,Eisele,Yakov
Thornton,Sapphire,Godwin,Sarina,Thornton,Frankie
Eisele,Denver,Jernigan,Adrianna,Eisele,Yakov
Thornton,Siarra,Godwin,Sarina,Thornton,Frankie
Eisele,Tysheem,Jernigan,Adrianna,Eisele,Yakov
Thornton,Janae,Godwin,Sarina,Thornton,Frankie
Lee,Morin,Felisha,Caldeiro,Orion
Valheim,Habram,Buchanan,Heidy,Valheim,Van
Thornton,Chelsie,Sellers,Itati,Thornton,Jamie
Valheim,Sebastian,Buchanan,Heidy,Valheim,Van
Thornton,Anabel,Sellers,Itati,Thornton,Jamie
Valheim,Charly,Buchanan,Heidy,Valheim,Van
Thornton,Deanna,Sellers,Itati,Thornton,Jamie
Valheim,Ben,Buchanan,Heidy,Valheim,Van
Thornton,Kayleigh,Sellers,Itati,Thornton,Jamie
Piper,Seamus,Greene,Harlie,Piper,Rhett
Thornton,Riley,Sellers,Larissa,Thornton,Lloyd
Piper,Patric,Greene,Harlie,Piper,Rhett
Thornton,Emmily,Sellers,Larissa,Thornton,Lloyd
Piper,Malcolm,Greene,Harlie,Piper,Rhett
Thornton,Kayland,Sellers,Larissa,Thornton,Lloyd
Piper,Jaylon,Greene,Harlie,Piper,Rhett
Thornton,Karley,Sellers,Larissa,Thornton,Lloyd
Piper,Darrius,Greene,Harlie,Piper,Rhett
Thornton,Marysol,Sellers,Larissa,Thornton,Lloyd
Piper,Ruben,Greene,Harlie,Piper,Rhett
Thornton,Ryann,Sellers,Larissa,Thornton,Lloyd
Piper,Nico,Greene,Harlie,Piper,Rhett
Thornton,Alma,Sellers,Larissa,Thornton,Lloyd
Piper,Demarcus,Greene,Harlie,Piper,Rhett
Thornton,Veronica,Sellers,Larissa,Thornton,Lloyd
Piper,Dreshaun,Greene,Harlie,Piper,Rhett
Thornton,Helena,Sellers,Larissa,Thornton,Lloyd
Piper,Neil,Greene,Harlie,Piper,Rhett
Thornton,Gabriela,Sellers,Larissa,Thornton,Lloyd
Piper,Austyn,Greene,Harlie,Piper,Rhett
Thornton,Rebecca,Sellers,Vivien,Thornton,Tyren
Piper,Douglas,Greene,Harlie,Piper,Rhett
Thornton,Beverly,Sellers,Vivien,Thornton,Tyren
Piper,Denver,Greene,Harlie,Piper,Rhett
Thornton,Willow,Sellers,Vivien,Thornton,Tyren
Piper,Isaac,Greene,Harlie,Piper,Rhett
Thornton,Morgen,Sellers,Vivien,Thornton,Tyren
Culbertson,Junior,Hobaugh,Stevie,Culbertson,Richard
Thornton,Caitlynn,Sellers,Vivien,Thornton,Tyren
Culbertson,Douglas,Hobaugh,Stevie,Culbertson,Richard
Thornton,Rocio,Sellers,Vivien,Thornton,Tyren
Culbertson,San,Hobaugh,Stevie,Culbertson,Richard
Thornton,Martha,Sellers,Vivien,Thornton,Tyren
Culbertson,Norman,Hobaugh,Stevie,Culbertson,Richard
Thornton,Norma,Sellers,Vivien,Thornton,Tyren
Kelly,Wilson,Precour,Mollie,Kelly,Ladarius
Thornton,Shiloh,Sellers,Sylvia,Thornton,Guadalupe
Kelly,Devan,Precour,Mollie,Kelly,Ladarius
Thornton,Karishma,Sellers,Sylvia,Thornton,Guadalupe
Thornton,Zackary,Henricks,Edith,Thornton,Jai
Thornton,Jaycee,Sellers,Sylvia,Thornton,Guadalupe
Thornton,Dallin,Henricks,Edith,Thornton,Jai
Thornton,Shauna,Sellers,Sylvia,Thornton,Guadalupe
Thornton,Brad,Henricks,Edith,Thornton,Jai
Thornton,Rachel,Sellers,Sylvia,Thornton,Guadalupe
Thornton,Stefan,Henricks,Edith,Thornton,Jai
Thornton,Alaina,Sellers,Sylvia,Thornton,Guadalupe
Thornton,Davis,Henricks,Edith,Thornton,Jai
Thornton,Allie,Sellers,Ariana,Thornton,Daylon
Thornton,Kendrick,Godwin,Sarina,Thornton,Frankie
Thornton,Isadora,Sellers,Ariana,Thornton,Daylon
Thornton,Damion,Godwin,Sarina,Thornton,Frankie
Thornton,Eliana,Sellers,Ariana,Thornton,Daylon
Thornton,Tavon,Godwin,Sarina,Thornton,Frankie
Thornton,Essence,Sellers,Ariana,Thornton,Daylon
Thornton,Marcos,Godwin,Sarina,Thornton,Frankie
Thornton,Laura,Sellers,Ariana,Thornton,Daylon
Thornton,Langston,Godwin,Sarina,Thornton,Frankie
Thornton,Aerial,Sellers,Ariana,Thornton,Daylon
Thornton,Brodie,Godwin,Sarina,Thornton,Frankie
Thornton,Nallely,Sellers,Ariana,Thornton,Daylon
Thornton,Bernardo,Godwin,Sarina,Thornton,Frankie
Thornton,Audrey,Sellers,Ariana,Thornton,Daylon
Thornton,Marcus,Sellers,Itati,Thornton,Jamie
Thornton,Cameron,Sellers,Ariana,Thornton,Daylon
Thornton,Jaquan,Sellers,Itati,Thornton,Jamie
Thornton,Kaya,Sellers,Maia,Thornton,Ty
Thornton,Triston,Sellers,Larissa,Thornton,Lloyd
Thornton,Bridgette,Sellers,Maia,Thornton,Ty
Thornton,Diego,Sellers,Larissa,Thornton,Lloyd
Thornton,Shayna,Sellers,Maia,Thornton,Ty
Thornton,Cullen,Sellers,Larissa,Thornton,Lloyd
Thornton,Ashanti,Sellers,Maia,Thornton,Ty
Thornton,Trae,Sellers,Larissa,Thornton,Lloyd
Thornton,Tatianna,Sellers,Maia,Thornton,Ty
Thornton,Saul,Sellers,Larissa,Thornton,Lloyd
Thornton,Anamaria,Harrison,Baily,Thornton,Grady
Thornton,Kegan,Sellers,Larissa,Thornton,Lloyd
Thornton,Anamarie,Harrison,Baily,Thornton,Grady
Thornton,Brice,Sellers,Larissa,Thornton,Lloyd
Sellers,Karina,Thornton,Kailey,Sellers,Shawn
Thornton,Michel,Sellers,Larissa,Thornton,Lloyd
Sellers,Jaida,Thornton,Kailey,Sellers,Shawn
Thornton,Abdul,Sellers,Larissa,Thornton,Lloyd
Sellers,Rebecca,Thornton,Kailey,Sellers,Shawn
Thornton,Parker,Sellers,Larissa,Thornton,Lloyd
Sellers,Sneha,Thornton,Kailey,Sellers,Shawn
Thornton,Bailey,Sellers,Vivien,Thornton,Tyren
Sellers,Nichole,Thornton,Marisela,Sellers,Brayden
Thornton,Julius,Sellers,Vivien,Thornton,Tyren
Sellers,Tanna,Thornton,Marisela,Sellers,Brayden
Thornton,Wilfredo,Sellers,Vivien,Thornton,Tyren
Sellers,Kellie,Thornton,Marisela,Sellers,Brayden
Thornton,Sebastien,Sellers,Vivien,Thornton,Tyren
Sellers,Emely,Thornton,Marisela,Sellers,Brayden
Thornton,Nestor,Sellers,Vivien,Thornton,Tyren
Sellers,Jade,Thornton,Marisela,Sellers,Brayden
Thornton,Cristopher,Sellers,Vivien,Thornton,Tyren
Sellers,Caroline,Thornton,Marisa,Sellers,Steven
Thornton,Edgardo,Sellers,Vivien,Thornton,Tyren
Sellers,Nichelle,Thornton,Marisa,Sellers,Steven
Thornton,Roland,Sellers,Vivien,Thornton,Tyren
Sellers,Michele,Thornton,Marisa,Sellers,Steven
Thornton,Dantae,Sellers,Vivien,Thornton,Tyren
Sellers,Brooklyn,Thornton,Marisa,Sellers,Steven
Thornton,Spencer,Sellers,Sylvia,Thornton,Guadalupe
Sellers,Julia,Thornton,Marisa,Sellers,Steven
Thornton,Weston,Sellers,Sylvia,Thornton,Guadalupe
Sellers,Ashly,Thornton,Angelina,Sellers,Darrell
Thornton,Wayne,Sellers,Sylvia,Thornton,Guadalupe
Sellers,Alex,Thornton,Angelina,Sellers,Darrell
Thornton,Aron,Sellers,Sylvia,Thornton,Guadalupe
Sellers,Darcie,Thornton,Angelina,Sellers,Darrell
Thornton,Yovani,Sellers,Sylvia,Thornton,Guadalupe
Sellers,Rebekah,Thornton,Angelina,Sellers,Darrell
Thornton,Robert,Sellers,Sylvia,Thornton,Guadalupe
Sellers,Zandria,Thornton,Angelina,Sellers,Darrell
Thornton,Nour,Sellers,Sylvia,Thornton,Guadalupe
Sellers,Keisha,Thornton,Angelina,Sellers,Darrell
Thornton,Clint,Sellers,Sylvia,Thornton,Guadalupe
Sellers,Talia,Thornton,Angelina,Sellers,Darrell
Thornton,Jarod,Sellers,Ariana,Thornton,Daylon
Sellers,Jamie,Thornton,Shea,Sellers,Evan
Thornton,Emiliano,Sellers,Ariana,Thornton,Daylon
Sellers,Cristal,Thornton,Shea,Sellers,Evan
Thornton,Jayden,Sellers,Ariana,Thornton,Daylon
Sellers,Breanne,Thornton,Shea,Sellers,Evan
Thornton,Rigoberto,Sellers,Ariana,Thornton,Daylon
Sellers,Sherry,Thornton,Shea,Sellers,Evan
Thornton,Rasheed,Sellers,Ariana,Thornton,Daylon
Harrison,Keishla,Thornton,Jasmine,Harrison,Ernest
Thornton,Luciano,Sellers,Maia,Thornton,Ty
Harrison,Lyric,Thornton,Jasmine,Harrison,Ernest
Thornton,Cooper,Sellers,Maia,Thornton,Ty
Harrison,Tia,Thornton,Jasmine,Harrison,Ernest
Thornton,Byron,Sellers,Maia,Thornton,Ty
Harrison,Emely,Thornton,Jasmine,Harrison,Ernest
Thornton,Esteban,Sellers,Maia,Thornton,Ty
Harrison,Debora,Thornton,Jasmine,Harrison,Ernest
Thornton,Brendan,Sellers,Maia,Thornton,Ty
Harrison,Genesis,Thornton,Jasmine,Harrison,Ernest
Thornton,Stephon,Harrison,Baily,Thornton,Grady
Harrison,Makayla,Thornton,Jasmine,Harrison,Ernest
Thornton,Chandler,Harrison,Baily,Thornton,Grady
Harrison,Nancy,Thornton,Jasmine,Harrison,Ernest
Thornton,Daniel,Harrison,Baily,Thornton,Grady
Harrison,Yolanda,Thornton,Makayla,Harrison,Jackson
Thornton,Garrick,Harrison,Baily,Thornton,Grady
Harrison,Summer,Thornton,Makayla,Harrison,Jackson
Sellers,Idris,Thornton,Kailey,Sellers,Shawn
Harrison,Camila,Thornton,Makayla,Harrison,Jackson
Sellers,Kerry,Thornton,Kailey,Sellers,Shawn
Harrison,Tyler,Thornton,Makayla,Harrison,Jackson
Sellers,Vernon,Thornton,Kailey,Sellers,Shawn
Harrison,Ebony,Thornton,Makayla,Harrison,Jackson
Sellers,Christian,Thornton,Kailey,Sellers,Shawn
Harrison,Ruth,Thornton,Makayla,Harrison,Jackson
Sellers,Hayden,Thornton,Kailey,Sellers,Shawn
Harrison,Gloria,Thornton,Makayla,Harrison,Jackson
Sellers,Michel,Thornton,Kailey,Sellers,Shawn
Harrison,Nadia,Thornton,Makayla,Harrison,Jackson
Sellers,Zachery,Thornton,Kailey,Sellers,Shawn
Harrison,Nichole,Hire,Shana,Harrison,Skylar
Sellers,Kareem,Thornton,Kailey,Sellers,Shawn
Harrison,Tyra,Hire,Shana,Harrison,Skylar
Sellers,Frederick,Thornton,Marisela,Sellers,Brayden
Harrison,Kira,Hire,Shana,Harrison,Skylar
Sellers,Dequan,Thornton,Marisela,Sellers,Brayden
Harrison,Annie,Hire,Shana,Harrison,Skylar
Sellers,Myron,Thornton,Marisela,Sellers,Brayden
Harrison,Spencer,Hire,Shana,Harrison,Skylar
Sellers,Mohammad,Thornton,Marisela,Sellers,Brayden
Harrison,Cristal,Hire,Shana,Harrison,Skylar
Sellers,Tyson,Thornton,Marisela,Sellers,Brayden
Harrison,Eliana,Hire,Shana,Harrison,Skylar
Sellers,Rand,Thornton,Marisela,Sellers,Brayden
Harrison,Kiana,Hire,Shana,Harrison,Skylar
Sellers,Gilberto,Thornton,Marisa,Sellers,Steven
Harrison,Montana,Hire,Shelbi,Harrison,Wilfredo
Sellers,Raequan,Thornton,Angelina,Sellers,Darrell
Harrison,Elena,Hire,Shelbi,Harrison,Wilfredo
Sellers,Maliki,Thornton,Angelina,Sellers,Darrell
Harrison,Krystan,Hire,Shelbi,Harrison,Wilfredo
Sellers,Braden,Thornton,Angelina,Sellers,Darrell
Harrison,Itati,Hire,Cheyenne,Harrison,Valentine
Sellers,Casey,Thornton,Angelina,Sellers,Darrell
Harrison,Abigayle,Hire,Cheyenne,Harrison,Valentine
Sellers,Noel,Thornton,Angelina,Sellers,Darrell
Harrison,Rebeca,Hire,Cheyenne,Harrison,Valentine
Sellers,Korey,Thornton,Angelina,Sellers,Darrell
Harrison,Aleah,Hire,Cheyenne,Harrison,Valentine
Sellers,Ashton,Thornton,Angelina,Sellers,Darrell
Harrison,Serenity,Hire,Makenzie,Harrison,Tayler
Sellers,Leonel,Thornton,Angelina,Sellers,Darrell
Harrison,Lizette,Hire,Makenzie,Harrison,Tayler
Sellers,Jay,Thornton,Shea,Sellers,Evan
Harrison,Camille,Hire,Makenzie,Harrison,Tayler
Harrison,Emilio,Thornton,Jasmine,Harrison,Ernest
Harrison,Norma,Hire,Makenzie,Harrison,Tayler
Harrison,Simon,Thornton,Jasmine,Harrison,Ernest
Harrison,Kayleen,Hire,Makenzie,Harrison,Tayler
Harrison,Heriberto,Thornton,Jasmine,Harrison,Ernest
Harrison,Shae,Hire,Makenzie,Harrison,Tayler
Harrison,Jamir,Thornton,Jasmine,Harrison,Ernest
Harrison,Britni,Hire,Arianna,Harrison,Matthew
Harrison,Shea,Thornton,Jasmine,Harrison,Ernest
Harrison,Bria,Hire,Arianna,Harrison,Matthew
Harrison,Ramiro,Thornton,Jasmine,Harrison,Ernest
Harrison,Klee,Hire,Arianna,Harrison,Matthew
Harrison,Javion,Thornton,Jasmine,Harrison,Ernest
Harrison,Odalys,Hire,Arianna,Harrison,Matthew
Harrison,Wyatt,Thornton,Makayla,Harrison,Jackson
Harrison,Kaylyn,Hire,Arianna,Harrison,Matthew
Harrison,Jalil,Thornton,Makayla,Harrison,Jackson
Harrison,Jessenia,Hire,Arianna,Harrison,Matthew
Harrison,Bobby,Thornton,Makayla,Harrison,Jackson
Harrison,Estela,Hire,Arianna,Harrison,Matthew
Harrison,Neftaly,Thornton,Makayla,Harrison,Jackson
Harrison,Maegan,Hire,Kallee,Harrison,Joan
Harrison,Maximillia,Thornton,Makayla,Harrison,Jackson
Harrison,Rayven,Hire,Kallee,Harrison,Joan
Harrison,Tylor,Thornton,Makayla,Harrison,Jackson
Harrison,Haylie,Hire,Kallee,Harrison,Joan
Harrison,Trent,Thornton,Makayla,Harrison,Jackson
Harrison,Kendal,Hire,Kallee,Harrison,Joan
Harrison,Amari,Thornton,Makayla,Harrison,Jackson
Harrison,Melanie,Hire,Kallee,Harrison,Joan
Harrison,Deonta,Thornton,Makayla,Harrison,Jackson
Harrison,Janessa,Hire,Kallee,Harrison,Joan
Harrison,Torey,Thornton,Makayla,Harrison,Jackson
Harrison,Ashley,Hire,Kallee,Harrison,Joan
Harrison,Javon,Hire,Shana,Harrison,Skylar
Harrison,Veronica,Hire,Kallee,Harrison,Joan
Harrison,Jessee,Hire,Shana,Harrison,Skylar
Harrison,Sarafina,Hire,Kallee,Harrison,Joan
Harrison,Austyn,Hire,Shana,Harrison,Skylar
Harrison,Robin,Hire,Kallee,Harrison,Joan
Harrison,Antavius,Hire,Shana,Harrison,Skylar
Harrison,Makena,Hire,Kallee,Harrison,Joan
Harrison,Kalon,Hire,Shana,Harrison,Skylar
Harrison,Shelly,Hire,Kallee,Harrison,Joan
Harrison,Israel,Hire,Shana,Harrison,Skylar
Hire,Brandi,Harrison,Aja,Hire,Ernest
Harrison,Jessie,Hire,Shana,Harrison,Skylar
Hire,Tayler,Harrison,Aja,Hire,Ernest
Harrison,Rolando,Hire,Shana,Harrison,Skylar
Hire,Lora,Harrison,Aja,Hire,Ernest
Harrison,Zachary,Hire,Shana,Harrison,Skylar
Hire,Trevor,Harrison,Aja,Hire,Ernest
Harrison,Gage,Hire,Cheyenne,Harrison,Valentine
Hire,Roxana,Harrison,Aja,Hire,Ernest
Harrison,Thomas,Hire,Makenzie,Harrison,Tayler
Hire,Katerina,Harrison,Aja,Hire,Ernest
Harrison,Demarcus,Hire,Makenzie,Harrison,Tayler
Hire,Trisha,Wheelock,Cassie,Hire,Wyatt
Harrison,Jalen,Hire,Arianna,Harrison,Matthew
Hire,Aaliyah,Wheelock,Cassie,Hire,Wyatt
Harrison,Brennan,Hire,Arianna,Harrison,Matthew
Hire,Kendal,Wheelock,Cassie,Hire,Wyatt
Harrison,Timothy,Hire,Arianna,Harrison,Matthew
Hire,Erika,Wheelock,Cassie,Hire,Wyatt
Harrison,Lane,Hire,Arianna,Harrison,Matthew
Hire,Beatriz,Wheelock,Cassie,Hire,Wyatt
Harrison,Adonis,Hire,Arianna,Harrison,Matthew
Hire,Deborah,Wheelock,Cassie,Hire,Wyatt
Harrison,Efrain,Hire,Arianna,Harrison,Matthew
Hire,Veda,Wheelock,Cassie,Hire,Wyatt
Harrison,Everett,Hire,Arianna,Harrison,Matthew
Hire,Kelli,Helms,Rianna,Hire,Demonte
Harrison,Isiah,Hire,Arianna,Harrison,Matthew
Hire,Lily,Helms,Rianna,Hire,Demonte
Harrison,Callum,Hire,Arianna,Harrison,Matthew
Hire,Adriane,Helms,Rianna,Hire,Demonte
Harrison,Duncan,Hire,Arianna,Harrison,Matthew
Hire,Marie,Helms,Rianna,Hire,Demonte
Harrison,Cade,Hire,Arianna,Harrison,Matthew
Hire,Elexus,Helms,Rianna,Hire,Demonte
Harrison,Nour,Hire,Arianna,Harrison,Matthew
Hire,Joanna,Helms,Rianna,Hire,Demonte
Harrison,Dayton,Hire,Arianna,Harrison,Matthew
Hire,Loni,Helms,Rianna,Hire,Demonte
Harrison,Luis,Hire,Kallee,Harrison,Joan
Hire,Sariah,Helms,Rianna,Hire,Demonte
Harrison,Armando,Hire,Kallee,Harrison,Joan
Hire,Ivory,Helms,Rianna,Hire,Demonte
Harrison,Raekwon,Hire,Kallee,Harrison,Joan
Hire,Catalina,Helms,Nancy,Hire,Abdul
Harrison,Stephen,Hire,Kallee,Harrison,Joan
Hire,Crystal,Helms,Nancy,Hire,Abdul
Harrison,Talon,Hire,Kallee,Harrison,Joan
Hire,Sabrina,Helms,Nancy,Hire,Abdul
Harrison,Corey,Hire,Kallee,Harrison,Joan
Hire,Annmarie,Helms,Nancy,Hire,Abdul
Harrison,Evan,Hire,Kallee,Harrison,Joan
Hire,Bridgette,Helms,Nancy,Hire,Abdul
Hire,Amir,Harrison,Aja,Hire,Ernest
Hire,Brenna,Helms,Nancy,Hire,Abdul
Hire,Grant,Harrison,Aja,Hire,Ernest
Hire,Shae,Helms,Nancy,Hire,Abdul
Hire,Samson,Harrison,Aja,Hire,Ernest
Hire,Talia,Helms,Nancy,Hire,Abdul
Hire,Marielle,Harrison,Aja,Hire,Ernest
Hire,Isabelle,Helms,Nancy,Hire,Abdul
Hire,Marquise,Wheelock,Cassie,Hire,Wyatt
Hire,Vanessa,Helms,Nancy,Hire,Abdul
Hire,Trace,Wheelock,Cassie,Hire,Wyatt
Hire,Carolyn,Helms,Nancy,Hire,Abdul
Hire,Marcello,Wheelock,Cassie,Hire,Wyatt
Hire,Shanice,Helms,Nancy,Hire,Abdul
Hire,Damien,Wheelock,Cassie,Hire,Wyatt
Hire,Aleah,Helms,Sky,Hire,Darien
Hire,Johnathon,Wheelock,Cassie,Hire,Wyatt
Hire,Lena,Helms,Sky,Hire,Darien
Hire,Diamond,Wheelock,Cassie,Hire,Wyatt
Hire,Julissa,Helms,Sky,Hire,Darien
Hire,Bradly,Helms,Rianna,Hire,Demonte
Hire,Lyric,Helms,Sheri,Hire,Jovan
Hire,Gerardo,Helms,Rianna,Hire,Demonte
Hire,Lesley,Helms,Sheri,Hire,Jovan
Hire,Darian,Helms,Rianna,Hire,Demonte
Hire,Olga,Helms,Sheri,Hire,Jovan
Hire,Nicholas,Helms,Rianna,Hire,Demonte
Hire,Luisa,Helms,Sheri,Hire,Jovan
Hire,Titus,Helms,Rianna,Hire,Demonte
Hire,Makala,Helms,Sheri,Hire,Jovan
Hire,Freddy,Helms,Rianna,Hire,Demonte
Hire,Rochelle,Helms,Sheri,Hire,Jovan
Hire,Elliot,Helms,Rianna,Hire,Demonte
Hire,Reyanna,Helms,Shania,Hire,Davis
Hire,Skyler,Helms,Rianna,Hire,Demonte
Hire,Hannah,Helms,Shania,Hire,Davis
Hire,Mason,Helms,Nancy,Hire,Abdul
Hire,Kierra,Helms,Shania,Hire,Davis
Hire,Charles,Helms,Nancy,Hire,Abdul
Hire,Rocio,Helms,Shania,Hire,Davis
Hire,Colbey,Helms,Nancy,Hire,Abdul
Hire,Tayla,Helms,Shania,Hire,Davis
Hire,Tyson,Helms,Nancy,Hire,Abdul
Hire,Harlie,Helms,Shania,Hire,Davis
Hire,Cristobal,Helms,Nancy,Hire,Abdul
Hire,Cheryl,Helms,Shania,Hire,Davis
Hire,Zachary,Helms,Nancy,Hire,Abdul
Hire,Shyann,Helms,Shania,Hire,Davis
Hire,Elvin,Helms,Nancy,Hire,Abdul
Hire,Paola,Helms,Shania,Hire,Davis
Hire,Dexter,Helms,Nancy,Hire,Abdul
Hire,Maya,Helms,Siera,Hire,Darrin
Hire,Kerrick,Helms,Sky,Hire,Darien
Hire,Brigid,Helms,Siera,Hire,Darrin
Hire,Sawyer,Helms,Sky,Hire,Darien
Hire,Janie,Helms,Siera,Hire,Darrin
Hire,Dyllon,Helms,Sky,Hire,Darien
Hire,Alejandra,Helms,Siera,Hire,Darrin
Hire,Adam,Helms,Sheri,Hire,Jovan
Hire,Mandi,Helms,Siera,Hire,Darrin
Hire,Lauren,Helms,Sheri,Hire,Jovan
Hire,Aundrea,Helms,Siera,Hire,Darrin
Hire,Babyboy,Helms,Sheri,Hire,Jovan
Hire,Kira,Helms,Siera,Hire,Darrin
Hire,Reid,Helms,Shania,Hire,Davis
Hire,Carley,Helms,Siera,Hire,Darrin
Hire,Byron,Helms,Shania,Hire,Davis
Hire,Tiera,Helms,Daesha,Hire,Alejandro
Hire,Myles,Helms,Shania,Hire,Davis
Hire,Caitriona,Helms,Daesha,Hire,Alejandro
Hire,Jonathon,Helms,Shania,Hire,Davis
Hire,Kailee,Helms,Daesha,Hire,Alejandro
Hire,Torey,Helms,Shania,Hire,Davis
Hire,Julianna,Helms,Daesha,Hire,Alejandro
Hire,Denver,Helms,Shania,Hire,Davis
Hire,Kaylah,Helms,Daesha,Hire,Alejandro
Hire,Kenneth,Helms,Shania,Hire,Davis
Hire,Rowan,Helms,Daesha,Hire,Alejandro
Hire,Francis,Helms,Shania,Hire,Davis
Hire,Lesly,Helms,Daesha,Hire,Alejandro
Hire,Geoffrey,Helms,Siera,Hire,Darrin
Hire,Bryn,Helms,Daesha,Hire,Alejandro
Hire,Idris,Helms,Siera,Hire,Darrin
Hire,Maricarmen,Helms,Daesha,Hire,Alejandro
Hire,Rashad,Helms,Siera,Hire,Darrin
Hire,Teresa,Helms,Daesha,Hire,Alejandro
Hire,Abraham,Helms,Siera,Hire,Darrin
Hire,Daisy,Helms,Daesha,Hire,Alejandro
Hire,Theodore,Helms,Siera,Hire,Darrin
Hire,Carmela,Newman,Rosemary,Hire,Jarrett
Hire,Santana,Helms,Siera,Hire,Darrin
Hire,Alexia,Newman,Rosemary,Hire,Jarrett
Hire,Logan,Helms,Siera,Hire,Darrin
Hire,Marion,Newman,Alana,Hire,Travis
Hire,Mohammad,Helms,Siera,Hire,Darrin
Hire,Malika,Newman,Alana,Hire,Travis
Hire,Lane,Helms,Siera,Hire,Darrin
Hire,Ryann,Newman,Alana,Hire,Travis
Hire,Raul,Helms,Siera,Hire,Darrin
Hire,Anastasia,Newman,Alana,Hire,Travis
Hire,Salvador,Helms,Daesha,Hire,Alejandro
Hire,Christa,Newman,Alana,Hire,Travis
Hire,Shaquille,Helms,Daesha,Hire,Alejandro
Hire,Baily,Newman,Alana,Hire,Travis
Hire,Abdiel,Helms,Daesha,Hire,Alejandro
Hire,Berenice,Newman,Alana,Hire,Travis
Hire,Lloyd,Helms,Daesha,Hire,Alejandro
Hire,Nichole,Newman,Alana,Hire,Travis
Hire,Cory,Helms,Daesha,Hire,Alejandro
Hire,Marlene,Newman,Spencer,Hire,Denzell
Hire,Tracy,Newman,Rosemary,Hire,Jarrett
Hire,Kaelyn,Newman,Spencer,Hire,Denzell
Hire,Malik,Newman,Rosemary,Hire,Jarrett
Hire,Bridgett,Newman,Spencer,Hire,Denzell
Hire,Tucker,Newman,Alana,Hire,Travis
Hire,Bonnie,Newman,Spencer,Hire,Denzell
Hire,Eli,Newman,Alana,Hire,Travis
Hire,Jaycie,Newman,Spencer,Hire,Denzell
Hire,Riley,Newman,Alana,Hire,Travis
Hire,Debbie,Newman,Spencer,Hire,Denzell
Hire,Brennan,Newman,Spencer,Hire,Denzell
Hire,Anahi,Newman,Spencer,Hire,Denzell
Hire,Hugh,Newman,Spencer,Hire,Denzell
Hire,Elijah,Newman,Spencer,Hire,Denzell
Hire,Kamau,Newman,Spencer,Hire,Denzell
Hire,Dixie,Newman,Spencer,Hire,Denzell
Hire,Osvaldo,Newman,Spencer,Hire,Denzell
Wheelock,Sasha,Brown,Jennah,Wheelock,Reed
Hire,Alek,Newman,Spencer,Hire,Denzell
Wheelock,Alani,Brown,Jennah,Wheelock,Reed
Hire,Brice,Newman,Spencer,Hire,Denzell
Wheelock,Violet,Brown,Jennah,Wheelock,Reed
Hire,Jules,Newman,Spencer,Hire,Denzell
Wheelock,Meghan,Burbank,Halie,Wheelock,Omar
Hire,Barrett,Newman,Spencer,Hire,Denzell
Wheelock,Haven,Burbank,Halie,Wheelock,Omar
Hire,Issac,Newman,Spencer,Hire,Denzell
Wheelock,Rhiannon,Burbank,Halie,Wheelock,Omar
Hire,Darrion,Newman,Spencer,Hire,Denzell
Helms,Irma,Burbank,Amberly,Helms,Bill
Wheelock,Ladarius,Brown,Jennah,Wheelock,Reed
Helms,Allysa,Burbank,Amberly,Helms,Bill
Wheelock,Truman,Brown,Jennah,Wheelock,Reed
Helms,Elana,Burbank,Amberly,Helms,Bill
Wheelock,Colton,Brown,Jennah,Wheelock,Reed
Helms,Makenzie,Burbank,Amberly,Helms,Bill
Wheelock,Ezra,Brown,Jennah,Wheelock,Reed
Helms,Darcie,Burbank,Amberly,Helms,Bill
Wheelock,Tallon,Brown,Jennah,Wheelock,Reed
Helms,Makaila,Burbank,Amberly,Helms,Bill
Wheelock,Lane,Brown,Jennah,Wheelock,Reed
Helms,Maire,Burbank,Amberly,Helms,Bill
Wheelock,Nicolas,Brown,Jennah,Wheelock,Reed
Helms,Katy,Burbank,Amberly,Helms,Bill
Wheelock,Brennon,Brown,Jennah,Wheelock,Reed
Helms,Samantha,Burbank,Amberly,Helms,Bill
Wheelock,Avery,Burbank,Halie,Wheelock,Omar
Helms,Samara,Burbank,Amberly,Helms,Bill
Wheelock,Evan,Burbank,Halie,Wheelock,Omar
Helms,Karley,Burbank,Amberly,Helms,Bill
Wheelock,Terrell,Burbank,Halie,Wheelock,Omar
Helms,Lenora,Burbank,Shelby,Helms,Desmond
Wheelock,Shamar,Burbank,Halie,Wheelock,Omar
Helms,Joyce,Burbank,Shelby,Helms,Desmond
Wheelock,Jaylen,Burbank,Halie,Wheelock,Omar
Helms,Susanna,Burbank,Shelby,Helms,Desmond
Helms,Quincy,Burbank,Malia,Helms,Kirk
Helms,Myesha,Burbank,Shelby,Helms,Desmond
Helms,Jessie,Burbank,Malia,Helms,Kirk
Helms,Kitana,Burbank,Shelby,Helms,Desmond
Helms,Walter,Burbank,Malia,Helms,Kirk
Helms,Isadora,Burbank,Shelby,Helms,Desmond
Helms,Tyler,Burbank,Amberly,Helms,Bill
Helms,Shari,Burbank,Shelby,Helms,Desmond
Helms,Mohammed,Burbank,Amberly,Helms,Bill
Helms,Carla,Burbank,Shelby,Helms,Desmond
Helms,Deric,Burbank,Amberly,Helms,Bill
Helms,Kailey,Burbank,Shelby,Helms,Desmond
Helms,Rigoberto,Burbank,Amberly,Helms,Bill
Helms,Rosemary,Burbank,Shelby,Helms,Desmond
Helms,Diondre,Burbank,Amberly,Helms,Bill
Newman,Karissa,Eisele,Sania,Newman,Marcell
Helms,Stefan,Burbank,Amberly,Helms,Bill
Newman,Evelyn,Eisele,Sania,Newman,Marcell
Helms,Colton,Burbank,Amberly,Helms,Bill
Newman,Debbie,Eisele,Sania,Newman,Marcell
Helms,Trey,Burbank,Amberly,Helms,Bill
Newman,Alisha,Eisele,Sania,Newman,Marcell
Helms,Maxwell,Burbank,Shelby,Helms,Desmond
Newman,Michal,Eisele,Sania,Newman,Marcell
Helms,Grant,Burbank,Shelby,Helms,Desmond
Newman,Adrianna,Eisele,Darcie,Newman,Gerard
Helms,Johnny,Burbank,Shelby,Helms,Desmond
Newman,Athena,Eisele,Darcie,Newman,Gerard
Helms,Nathaniel,Burbank,Shelby,Helms,Desmond
Newman,Tatianna,Eisele,Darcie,Newman,Gerard
Helms,Chris,Burbank,Shelby,Helms,Desmond
Newman,Kaela,Eisele,Darcie,Newman,Gerard
Helms,Kerry,Burbank,Shelby,Helms,Desmond
Newman,Maricela,Eisele,Darcie,Newman,Gerard
Helms,Kyler,Burbank,Shelby,Helms,Desmond
Newman,Colby,Eisele,Darcie,Newman,Gerard
Helms,Barry,Burbank,Shelby,Helms,Desmond
Newman,Callan,Eisele,Darcie,Newman,Gerard
Newman,Connor,Eisele,Sania,Newman,Marcell
Newman,Breonna,Valheim,Nichole,Newman,Oscar
Newman,Todd,Eisele,Sania,Newman,Marcell
Newman,Maegan,Valheim,Nichole,Newman,Oscar
Newman,Tristin,Eisele,Sania,Newman,Marcell
Newman,Marisa,Valheim,Nichole,Newman,Oscar
Newman,Brad,Eisele,Sania,Newman,Marcell
Newman,Shelbi,Valheim,Nichole,Newman,Oscar
Newman,Kelton,Eisele,Sania,Newman,Marcell
Newman,Bree,Piper,Marivel,Newman,Martin
Newman,Brogan,Eisele,Sania,Newman,Marcell
Newman,Tayla,Piper,Marivel,Newman,Martin
Newman,Yobani,Eisele,Sania,Newman,Marcell
Newman,Kristina,Piper,Marivel,Newman,Martin
Newman,Romeo,Eisele,Sania,Newman,Marcell
Newman,Aundrea,Piper,Marivel,Newman,Martin
Newman,Quayshawn,Eisele,Darcie,Newman,Gerard
Newman,Meagan,Piper,Marivel,Newman,Martin
Newman,Easton,Valheim,Nichole,Newman,Oscar
Newman,Holland,Piper,Marivel,Newman,Martin
Newman,Jevon,Valheim,Nichole,Newman,Oscar
Newman,Kaycee,Piper,Marivel,Newman,Martin
Newman,Benjamen,Piper,Brittany,Newman,Camden
Newman,Nallely,Piper,Marivel,Newman,Martin
Newman,Markell,Piper,Brittany,Newman,Camden
Newman,Mattie,Piper,Marivel,Newman,Martin
Newman,Lee,Piper,Brittany,Newman,Camden
Newman,Daesha,Piper,Marivel,Newman,Martin
Newman,Alfonso,Piper,Marivel,Newman,Martin
Newman,Maritza,Piper,Gianna,Newman,Kristian
Newman,Seamus,Piper,Marivel,Newman,Martin
Newman,Hailey,Piper,Gianna,Newman,Kristian
Newman,Tracy,Piper,Marivel,Newman,Martin
Newman,Rayna,Piper,Gianna,Newman,Kristian
Newman,Tyreek,Piper,Marivel,Newman,Martin
Newman,Kaydee,Piper,Gianna,Newman,Kristian
Newman,Alberto,Piper,Marivel,Newman,Martin
Newman,Stefanie,Piper,Gianna,Newman,Kristian
Newman,Samual,Piper,Marivel,Newman,Martin
Brown,Loni,Piper,Emmily,Brown,Maliki
Newman,Terence,Piper,Marivel,Newman,Martin
Brown,Kristine,Piper,Emmily,Brown,Maliki
Newman,Lashawn,Piper,Marivel,Newman,Martin
Brown,Adrianna,Piper,Emmily,Brown,Maliki
Newman,Corey,Piper,Gianna,Newman,Kristian
Brown,Hailey,Piper,Emmily,Brown,Maliki
Newman,Guadalupe,Piper,Gianna,Newman,Kristian
Brown,Baby,Piper,Emmily,Brown,Maliki
Newman,Raheem,Piper,Gianna,Newman,Kristian
Brown,Katheryn,Piper,Emmily,Brown,Maliki
Brown,Sebastien,Piper,Emmily,Brown,Maliki
Brown,Laura,Piper,Emmily,Brown,Maliki
Brown,Jonathon,Piper,Emmily,Brown,Maliki
Brown,Antoinette,Piper,Emmily,Brown,Maliki
Brown,Clint,Piper,Emmily,Brown,Maliki
Brown,Evangelina,Piper,Emmily,Brown,Maliki
Brown,Bryson,Piper,Emmily,Brown,Maliki
Brown,Heaven,Piper,Hattie,Brown,Ward
Brown,Yuri,Piper,Emmily,Brown,Maliki
Brown,Devany,Piper,Hattie,Brown,Ward
Brown,Ryland,Piper,Emmily,Brown,Maliki
Brown,Lynda,Piper,Hattie,Brown,Ward
Brown,Eduardo,Piper,Emmily,Brown,Maliki
Brown,Selena,Piper,Destany,Brown,Aidan
Brown,Humberto,Piper,Emmily,Brown,Maliki
Brown,Merissa,Piper,Destany,Brown,Aidan
Brown,Sammie,Piper,Emmily,Brown,Maliki
Brown,Shekinah,Piper,Destany,Brown,Aidan
Brown,Riley,Piper,Emmily,Brown,Maliki
Brown,Janice,Piper,Destany,Brown,Aidan
Brown,Oscar,Piper,Emmily,Brown,Maliki
Brown,Kelsie,Piper,Destany,Brown,Aidan
Brown,Leland,Piper,Hattie,Brown,Ward
Brown,Cameron,Piper,Destany,Brown,Aidan
Brown,Bryant,Piper,Hattie,Brown,Ward
Brown,Arielle,Piper,Destany,Brown,Aidan
Brown,Philip,Piper,Hattie,Brown,Ward
Brown,Rebekah,Piper,Destany,Brown,Aidan
Brown,Zakery,Piper,Hattie,Brown,Ward
Brown,Dominique,Culbertson,Alexandra,Brown,Quintin
Brown,Mike,Piper,Destany,Brown,Aidan
Brown,Elissa,Culbertson,Alexandra,Brown,Quintin
Brown,Gunnar,Piper,Destany,Brown,Aidan
Brown,Lisa,Culbertson,Alexandra,Brown,Quintin
Brown,Ayub,Piper,Destany,Brown,Aidan
Brown,Mikhaila,Culbertson,Alexandra,Brown,Quintin
Brown,Dexter,Piper,Destany,Brown,Aidan
Burbank,Mikayla,Culbertson,Kaela,Burbank,Bill
Brown,Bernard,Piper,Destany,Brown,Aidan
Burbank,Jazmyne,Culbertson,Kaela,Burbank,Bill
Brown,Bryce,Piper,Destany,Brown,Aidan
Burbank,Colleen,Culbertson,Kaela,Burbank,Bill
Brown,Van,Piper,Destany,Brown,Aidan
Burbank,Paxton,Culbertson,Kaela,Burbank,Bill
Brown,Conrad,Culbertson,Alexandra,Brown,Quintin
Burbank,Lucy,Culbertson,Kaela,Burbank,Bill
Brown,Leroy,Culbertson,Alexandra,Brown,Quintin
Burbank,Armani,Culbertson,Kaela,Burbank,Bill
Brown,Camron,Culbertson,Alexandra,Brown,Quintin
Burbank,Lyndsey,Kelly,Deyaneira,Burbank,Tyler
Brown,Ron,Culbertson,Alexandra,Brown,Quintin
Burbank,Shania,Kelly,Deyaneira,Burbank,Tyler
Brown,Wesley,Culbertson,Alexandra,Brown,Quintin
Burbank,Jessie,Kelly,Kenna,Burbank,Marvin
Brown,Terance,Culbertson,Alexandra,Brown,Quintin
Burbank,Makaila,Kelly,Kenna,Burbank,Marvin
Brown,Sergio,Culbertson,Alexandra,Brown,Quintin
Burbank,Darrian,Kelly,Kenna,Burbank,Marvin
Brown,Al,Culbertson,Alexandra,Brown,Quintin
Burbank,Marjorie,Kelly,Kenna,Burbank,Marvin
Brown,Romello,Culbertson,Alexandra,Brown,Quintin
Burbank,Clara,Kelly,Kenna,Burbank,Marvin
Burbank,Dayton,Culbertson,Kaela,Burbank,Bill
Burbank,Kendyl,Kelly,Kenna,Burbank,Marvin
Burbank,Alexandro,Culbertson,Kaela,Burbank,Bill
Burbank,Anne,Kelly,Kenna,Burbank,Marvin
Burbank,Kegan,Culbertson,Kaela,Burbank,Bill
Burbank,Jacquelin,Kelly,Kenna,Burbank,Marvin
Burbank,Ralph,Culbertson,Kaela,Burbank,Bill
Burbank,Minnie,Kelly,Kenna,Burbank,Marvin
Burbank,Garrett,Culbertson,Kaela,Burbank,Bill
Burbank,Kendall,Kelly,Kenna,Burbank,Marvin
Burbank,Ronnie,Culbertson,Kaela,Burbank,Bill
Burbank,Lena,Kelly,Kenna,Burbank,Marvin
Burbank,Reginald,Culbertson,Kaela,Burbank,Bill
Burbank,Desaree,Kelly,Myranda,Burbank,Tracy
Burbank,Savion,Culbertson,Kaela,Burbank,Bill
Burbank,Carra,Kelly,Myranda,Burbank,Tracy
Burbank,Terron,Culbertson,Kaela,Burbank,Bill
Burbank,Ashlynn,Kelly,Myranda,Burbank,Tracy
Burbank,Jace,Culbertson,Kaela,Burbank,Bill
Burbank,Tamia,Kelly,Myranda,Burbank,Tracy
Burbank,Curtis,Kelly,Deyaneira,Burbank,Tyler
Burbank,Bonnie,Kelly,Myranda,Burbank,Tracy
Burbank,Kyler,Kelly,Deyaneira,Burbank,Tyler
Burbank,Kerri,Kelly,Myranda,Burbank,Tracy
Burbank,Maverick,Kelly,Deyaneira,Burbank,Tyler
Burbank,Luz,Kelly,Myranda,Burbank,Tracy
Burbank,Geoffrey,Kelly,Deyaneira,Burbank,Tyler
Burbank,Deondra,Kelly,Myranda,Burbank,Tracy
Burbank,Collin,Kelly,Kenna,Burbank,Marvin
Burbank,Allyson,Kelly,Myranda,Burbank,Tracy
Burbank,Angelo,Kelly,Kenna,Burbank,Marvin
Burbank,Mikhaila,Kelly,Myranda,Burbank,Tracy
Burbank,Enrique,Kelly,Kenna,Burbank,Marvin
Burbank,Cortney,Kelly,Eryn,Burbank,Thaddeus
Burbank,Rakeem,Kelly,Kenna,Burbank,Marvin
Burbank,Melissa,Kelly,Eryn,Burbank,Thaddeus
Burbank,Daniel,Kelly,Kenna,Burbank,Marvin
Burbank,Maryanne,Kelly,Eryn,Burbank,Thaddeus
Burbank,Deondre,Kelly,Kenna,Burbank,Marvin
Burbank,Tayla,Kelly,Eryn,Burbank,Thaddeus
Burbank,Deleon,Kelly,Kenna,Burbank,Marvin
Burbank,Spencer,Kelly,Eryn,Burbank,Thaddeus
Burbank,Micheal,Kelly,Myranda,Burbank,Tracy
Burbank,Tyeisha,Thornton,Annabel,Burbank,Ramiro
Burbank,Jaylon,Kelly,Myranda,Burbank,Tracy
Burbank,Brianna,Thornton,Annabel,Burbank,Ramiro
Burbank,Torey,Kelly,Myranda,Burbank,Tracy
Burbank,Kayley,Thornton,Annabel,Burbank,Ramiro
Burbank,Wilmer,Kelly,Myranda,Burbank,Tracy
Burbank,Ivy,Thornton,Annabel,Burbank,Ramiro
Burbank,Marshall,Kelly,Myranda,Burbank,Tracy
Burbank,Susanna,Thornton,Annabel,Burbank,Ramiro
Burbank,Trevor,Kelly,Eryn,Burbank,Thaddeus
Burbank,Sommer,Thornton,Misty,Burbank,Jalil
Burbank,Bryson,Kelly,Eryn,Burbank,Thaddeus
Burbank,Delaney,Thornton,Misty,Burbank,Jalil
Burbank,Clarence,Kelly,Eryn,Burbank,Thaddeus
Burbank,Cassandra,Thornton,Misty,Burbank,Jalil
Burbank,Jorge,Kelly,Eryn,Burbank,Thaddeus
Burbank,Aireona,Thornton,Misty,Burbank,Jalil
Burbank,Gene,Kelly,Eryn,Burbank,Thaddeus
Burbank,Dina,Thornton,Misty,Burbank,Jalil
Burbank,Dante,Kelly,Eryn,Burbank,Thaddeus
Burbank,Shawna,Thornton,Misty,Burbank,Jalil
Burbank,Matthew,Kelly,Eryn,Burbank,Thaddeus
Burbank,Angela,Thornton,Misty,Burbank,Jalil
Burbank,Byron,Kelly,Eryn,Burbank,Thaddeus
Eisele,Tierra,Thornton,Kendall,Eisele,Spenser
Burbank,Cecil,Kelly,Eryn,Burbank,Thaddeus
Eisele,Salena,Thornton,Kendall,Eisele,Spenser
Burbank,Jawaun,Kelly,Eryn,Burbank,Thaddeus
Eisele,Yvette,Thornton,Kendall,Eisele,Spenser
Burbank,Keion,Thornton,Annabel,Burbank,Ramiro
Eisele,Aubrie,Thornton,Kendall,Eisele,Spenser
Burbank,Deonte,Thornton,Annabel,Burbank,Ramiro
Eisele,Lilly,Thornton,Kendall,Eisele,Spenser
Burbank,Buford,Thornton,Annabel,Burbank,Ramiro
Eisele,Noelle,Thornton,Kendall,Eisele,Spenser
Burbank,Simeon,Thornton,Annabel,Burbank,Ramiro
Eisele,Connie,Thornton,Kendall,Eisele,Spenser
Burbank,Wilfredo,Thornton,Annabel,Burbank,Ramiro
Eisele,Cindy,Thornton,Kendall,Eisele,Spenser
Burbank,Anders,Thornton,Annabel,Burbank,Ramiro
Eisele,Jamee,Thornton,Kendall,Eisele,Spenser
Burbank,Miles,Thornton,Annabel,Burbank,Ramiro
Eisele,Dianne,Thornton,Kendall,Eisele,Spenser
Burbank,Edgar,Thornton,Annabel,Burbank,Ramiro
Eisele,Madison,Thornton,Marlena,Eisele,Deshawn
Burbank,Jared,Thornton,Annabel,Burbank,Ramiro
Eisele,Kelli,Thornton,Marlena,Eisele,Deshawn
Burbank,Hugo,Thornton,Annabel,Burbank,Ramiro
Eisele,Hilda,Thornton,Marlena,Eisele,Deshawn
Burbank,Craig,Thornton,Annabel,Burbank,Ramiro
Eisele,Katrina,Thornton,Marlena,Eisele,Deshawn
Burbank,Francisco,Thornton,Annabel,Burbank,Ramiro
Eisele,Destini,Thornton,Marlena,Eisele,Deshawn
Burbank,Ulysses,Thornton,Misty,Burbank,Jalil
Eisele,Rita,Thornton,Marlena,Eisele,Deshawn
Burbank,Sidney,Thornton,Misty,Burbank,Jalil
Eisele,Carra,Thornton,Marlena,Eisele,Deshawn
Burbank,Jaylin,Thornton,Misty,Burbank,Jalil
Eisele,Alexia,Thornton,Marlene,Eisele,Ravon
Burbank,Ted,Thornton,Misty,Burbank,Jalil
Eisele,Makaila,Thornton,Marlene,Eisele,Ravon
Burbank,Jarod,Thornton,Misty,Burbank,Jalil
Eisele,Diamond,Thornton,Marlene,Eisele,Ravon
Burbank,River,Thornton,Misty,Burbank,Jalil
Eisele,Celena,Thornton,Marlene,Eisele,Ravon
Eisele,Dimitri,Thornton,Kendall,Eisele,Spenser
Eisele,Cynthia,Thornton,Marlene,Eisele,Ravon
Eisele,Erick,Thornton,Kendall,Eisele,Spenser
Eisele,Colby,Thornton,Marlene,Eisele,Ravon
Eisele,Jackson,Thornton,Kendall,Eisele,Spenser
Eisele,Brenna,Thornton,Marlene,Eisele,Ravon
Eisele,Nathaniel,Thornton,Kendall,Eisele,Spenser
Eisele,Susanna,Thornton,Marlene,Eisele,Ravon
Eisele,Caleb,Thornton,Kendall,Eisele,Spenser
Eisele,Darcy,Thornton,Tasha,Eisele,Dreshaun
Eisele,Jalil,Thornton,Kendall,Eisele,Spenser
Eisele,Allie,Thornton,Tasha,Eisele,Dreshaun
Eisele,Hakeem,Thornton,Kendall,Eisele,Spenser
Eisele,Camila,Thornton,Tasha,Eisele,Dreshaun
Eisele,Lashawn,Thornton,Kendall,Eisele,Spenser
Eisele,Carolyn,Thornton,Tasha,Eisele,Dreshaun
Eisele,Derrick,Thornton,Kendall,Eisele,Spenser
Eisele,Rosemary,Thornton,Tasha,Eisele,Dreshaun
Eisele,Zackery,Thornton,Marlena,Eisele,Deshawn
Eisele,Moriah,Thornton,Tasha,Eisele,Dreshaun
Eisele,Deanthony,Thornton,Marlena,Eisele,Deshawn
Eisele,Brieanna,Thornton,Tasha,Eisele,Dreshaun
Eisele,Leonard,Thornton,Marlena,Eisele,Deshawn
Eisele,Ellie,Thornton,Tasha,Eisele,Dreshaun
Eisele,Gerardo,Thornton,Marlena,Eisele,Deshawn
Eisele,Alison,Thornton,Tasha,Eisele,Dreshaun
Eisele,Efrain,Thornton,Marlena,Eisele,Deshawn
Eisele,Hallie,Thornton,Tasha,Eisele,Dreshaun
Eisele,Simeon,Thornton,Marlena,Eisele,Deshawn
Eisele,Silvia,Thornton,Tasha,Eisele,Dreshaun
Eisele,Jameson,Thornton,Marlena,Eisele,Deshawn
Eisele,Talia,Thornton,Tasha,Eisele,Dreshaun
Eisele,Coby,Thornton,Marlene,Eisele,Ravon
Eisele,Berenice,Thornton,Tasha,Eisele,Dreshaun
Eisele,Izaiah,Thornton,Marlene,Eisele,Ravon
Eisele,Montana,Thornton,Tasha,Eisele,Dreshaun
Eisele,Tomas,Thornton,Marlene,Eisele,Ravon
Eisele,Sean,Thornton,Tasha,Eisele,Dreshaun
Eisele,Ahmad,Thornton,Marlene,Eisele,Ravon
Eisele,Katharine,Thornton,Tasha,Eisele,Dreshaun
Eisele,Jean,Thornton,Marlene,Eisele,Ravon
Eisele,Genna,Thornton,Tasha,Eisele,Dreshaun
Eisele,Deante,Thornton,Marlene,Eisele,Ravon
Eisele,Sarai,Thornton,Tasha,Eisele,Dreshaun
Eisele,Brayden,Thornton,Marlene,Eisele,Ravon
Eisele,Anahi,Thornton,Demi,Eisele,Alberto
Eisele,Keanu,Thornton,Marlene,Eisele,Ravon
Eisele,Marian,Thornton,Demi,Eisele,Alberto
Eisele,Kirk,Thornton,Marlene,Eisele,Ravon
Eisele,Maricarmen,Thornton,Demi,Eisele,Alberto
