Weitz,Tre,Adamson,Deja,Weitz,Ron
Carter,Lindsey,Apt,Rayven,Carter,Jaquan
Lousma,Reuben,Hart,Octavia,Lousma,Gonzalo
Sellers,Baylee,Taylor,Elijah,Sellers,Ted
Tyler,Jay,Chaffee,Rachael,Tyler,Evan
Poindexter,Carra,Thorne,Jennifer,Poindexter,Gonzalo
Gardner,Joan,Bowersox,Danica,Gardner,Aiden
Coats,Montana,Thuot,India,Coats,Shea
Bolden,Mario,Bull,Kristyn,Bolden,Yvan
Cunningham,Khaliah,Parker,Jazmin,Cunningham,Gage
Shriver,Eli,Currie,Alexandria,Shriver,Brett
Schwartz,Kinsey,Curbeam,Heaven,Schwartz,Benjamin
Patrick,Donovan,Precour,Brecken,Patrick,Jerry
Daniels,Wendy,Lopez,Tatum,Daniels,Devin
Anders,Thaddeus,Halsell,Anabel,Anders,Tayler
Kerwin,Kayli,Polansky,Maegan,Kerwin,Nestor
Scobee,Jermaine,Sullivan,Sunny,Scobee,Bradlee
Nowak,Shane,McNair,Elissa,Nowak,Leon
Lovell,Aleksandr,Pierce,Brecken,Lovell,Taquan
Edwards,Daja,Brown,Tiffany,Edwards,Raheem
Musgrave,Francisco,Halsell,Lizbeth,Musgrave,Brogan
McDivitt,Kaila,Cockrell,Asha,McDivitt,Armani
Kennedy,Yash,Hudson,Colleen,Kennedy,Austin
Zophar,Kelsi,McBride,Harley,Zophar,Roland
Fabian,Irvin,Cooper,Kenyatta,Fabian,Anthoni
Parazynski,Chana,Thomas,Jonae,Parazynski,Shlomo
Helms,Ernest,Gemar,Natalia,Helms,Hayes
Grout,Maricarmen,Ochoa,Ivory,Grout,Lashawn
Chaffee,Marques,Melroy,Tonya,Chaffee,Johnathen
Weitz,Kali,Carter,Lindsey,Weitz,Tre
Shriver,Bronson,McKinley,Colleen,Shriver,Ameer
Weitz,Dorian,Carter,Lindsey,Weitz,Tre
Weitz,Emmanuel,Carter,Lindsey,Weitz,Tre
Weitz,Alysia,Carter,Lindsey,Weitz,Tre
Weitz,Kirkland,Carter,Lindsey,Weitz,Tre
Weitz,Lily,Carter,Lindsey,Weitz,Tre
Weitz,Tylor,Carter,Lindsey,Weitz,Tre
Lousma,Anabel,Sellers,Baylee,Lousma,Reuben
Weitz,Desmond,Carter,Lindsey,Weitz,Tre
Lousma,Casie,Sellers,Baylee,Lousma,Reuben
Weitz,Jawaun,Carter,Lindsey,Weitz,Tre
Tyler,Carmelita,Poindexter,Carra,Tyler,Jay
Weitz,Curtis,Carter,Lindsey,Weitz,Tre
Tyler,Alissa,Poindexter,Carra,Tyler,Jay
Weitz,Jamel,Carter,Lindsey,Weitz,Tre
Tyler,Jazmyn,Poindexter,Carra,Tyler,Jay
Lousma,Devaughn,Sellers,Baylee,Lousma,Reuben
Tyler,Natalia,Poindexter,Carra,Tyler,Jay
Lousma,Jordin,Sellers,Baylee,Lousma,Reuben
Tyler,Kandice,Poindexter,Carra,Tyler,Jay
Lousma,Brice,Sellers,Baylee,Lousma,Reuben
Tyler,Abigayle,Poindexter,Carra,Tyler,Jay
Lousma,Garin,Sellers,Baylee,Lousma,Reuben
Tyler,Celia,Poindexter,Carra,Tyler,Jay
Lousma,Lamont,Sellers,Baylee,Lousma,Reuben
Tyler,Christy,Poindexter,Carra,Tyler,Jay
Lousma,Tobias,Sellers,Baylee,Lousma,Reuben
Gardner,Alesha,Coats,Montana,Gardner,Joan
Lousma,Caleb,Sellers,Baylee,Lousma,Reuben
Gardner,Coral,Coats,Montana,Gardner,Joan
Tyler,Jerome,Poindexter,Carra,Tyler,Jay
Gardner,Chana,Coats,Montana,Gardner,Joan
Tyler,Marcos,Poindexter,Carra,Tyler,Jay
Gardner,Estefani,Coats,Montana,Gardner,Joan
Tyler,Joshua,Poindexter,Carra,Tyler,Jay
Bolden,Jazmyne,Cunningham,Khaliah,Bolden,Mario
Tyler,Deric,Poindexter,Carra,Tyler,Jay
Bolden,Alisha,Cunningham,Khaliah,Bolden,Mario
Tyler,Maleek,Poindexter,Carra,Tyler,Jay
Bolden,Harley,Cunningham,Khaliah,Bolden,Mario
Tyler,Tobias,Poindexter,Carra,Tyler,Jay
Bolden,Patience,Cunningham,Khaliah,Bolden,Mario
Tyler,Mathieu,Poindexter,Carra,Tyler,Jay
Bolden,Alexis,Cunningham,Khaliah,Bolden,Mario
Tyler,Mauro,Poindexter,Carra,Tyler,Jay
Shriver,Samara,Schwartz,Kinsey,Shriver,Eli
Gardner,Deshaun,Coats,Montana,Gardner,Joan
Shriver,Luisa,Schwartz,Kinsey,Shriver,Eli
Gardner,Dallin,Coats,Montana,Gardner,Joan
Shriver,Jessa,Schwartz,Kinsey,Shriver,Eli
Gardner,Frankie,Coats,Montana,Gardner,Joan
Shriver,Mia,Schwartz,Kinsey,Shriver,Eli
Bolden,Corbin,Cunningham,Khaliah,Bolden,Mario
Shriver,Brynn,Schwartz,Kinsey,Shriver,Eli
Bolden,Donald,Cunningham,Khaliah,Bolden,Mario
Shriver,Madison,Schwartz,Kinsey,Shriver,Eli
Bolden,Dexter,Cunningham,Khaliah,Bolden,Mario
Shriver,Janette,Schwartz,Kinsey,Shriver,Eli
Bolden,Roy,Cunningham,Khaliah,Bolden,Mario
Shriver,Isis,Schwartz,Kinsey,Shriver,Eli
Bolden,Ethan,Cunningham,Khaliah,Bolden,Mario
Shriver,Tristin,Schwartz,Kinsey,Shriver,Eli
Bolden,Tomas,Cunningham,Khaliah,Bolden,Mario
Patrick,Ronni,Daniels,Wendy,Patrick,Donovan
Bolden,Barry,Cunningham,Khaliah,Bolden,Mario
Patrick,Yoana,Daniels,Wendy,Patrick,Donovan
Bolden,Rodney,Cunningham,Khaliah,Bolden,Mario
Patrick,Tatum,Daniels,Wendy,Patrick,Donovan
Bolden,Zachary,Cunningham,Khaliah,Bolden,Mario
Anders,Adrian,Kerwin,Kayli,Anders,Thaddeus
Bolden,Harry,Cunningham,Khaliah,Bolden,Mario
Anders,Casey,Kerwin,Kayli,Anders,Thaddeus
Shriver,Charly,Schwartz,Kinsey,Shriver,Eli
Anders,Nichelle,Kerwin,Kayli,Anders,Thaddeus
Shriver,Pablo,Schwartz,Kinsey,Shriver,Eli
Anders,Shekinah,Kerwin,Kayli,Anders,Thaddeus
Shriver,Anthoni,Schwartz,Kinsey,Shriver,Eli
Anders,Luna,Kerwin,Kayli,Anders,Thaddeus
Shriver,Tristan,Schwartz,Kinsey,Shriver,Eli
Anders,Krystan,Kerwin,Kayli,Anders,Thaddeus
Shriver,Tarik,Schwartz,Kinsey,Shriver,Eli
Scobee,Britney,Nowak,Shane,Scobee,Jermaine
Shriver,Davis,Schwartz,Kinsey,Shriver,Eli
Scobee,Leslie,Nowak,Shane,Scobee,Jermaine
Shriver,Drew,Schwartz,Kinsey,Shriver,Eli
Scobee,Eleni,Nowak,Shane,Scobee,Jermaine
Shriver,Trae,Schwartz,Kinsey,Shriver,Eli
Scobee,Yuki,Nowak,Shane,Scobee,Jermaine
Shriver,Norman,Schwartz,Kinsey,Shriver,Eli
Scobee,Anjelica,Nowak,Shane,Scobee,Jermaine
Shriver,Dean,Schwartz,Kinsey,Shriver,Eli
Scobee,Delanie,Nowak,Shane,Scobee,Jermaine
Shriver,Rodney,Schwartz,Kinsey,Shriver,Eli
Scobee,Kellie,Nowak,Shane,Scobee,Jermaine
Patrick,Lee,Daniels,Wendy,Patrick,Donovan
Lovell,Celia,Edwards,Daja,Lovell,Aleksandr
Patrick,Jaquan,Daniels,Wendy,Patrick,Donovan
Lovell,Nyla,Edwards,Daja,Lovell,Aleksandr
Patrick,Courtney,Daniels,Wendy,Patrick,Donovan
Musgrave,Lizette,McDivitt,Kaila,Musgrave,Francisco
Patrick,Anton,Daniels,Wendy,Patrick,Donovan
Musgrave,Zulema,McDivitt,Kaila,Musgrave,Francisco
Carter,Jaquan,Apt,Rayven,Weitz,Ron,Boilermaker
Anders,Howard,Kerwin,Kayli,Anders,Thaddeus
Musgrave,Martha,McDivitt,Kaila,Musgrave,Francisco
Anders,Kory,Kerwin,Kayli,Anders,Thaddeus
Musgrave,Drew,McDivitt,Kaila,Musgrave,Francisco
Scobee,Brogan,Nowak,Shane,Scobee,Jermaine
Musgrave,Teagan,McDivitt,Kaila,Musgrave,Francisco
Scobee,Anibal,Nowak,Shane,Scobee,Jermaine
Kennedy,Cynthia,Zophar,Kelsi,Kennedy,Yash
Scobee,Callum,Nowak,Shane,Scobee,Jermaine
Kennedy,Julie,Zophar,Kelsi,Kennedy,Yash
Scobee,Keegan,Nowak,Shane,Scobee,Jermaine
Kennedy,Krysta,Zophar,Kelsi,Kennedy,Yash
Scobee,Chase,Nowak,Shane,Scobee,Jermaine
Kennedy,Amina,Zophar,Kelsi,Kennedy,Yash
Lovell,Elvin,Edwards,Daja,Lovell,Aleksandr
Kennedy,Jennifer,Zophar,Kelsi,Kennedy,Yash
Lovell,Trentin,Edwards,Daja,Lovell,Aleksandr
Kennedy,Linda,Zophar,Kelsi,Kennedy,Yash
Musgrave,Nickolas,McDivitt,Kaila,Musgrave,Francisco
Kennedy,Imelda,Zophar,Kelsi,Kennedy,Yash
Musgrave,Fredy,McDivitt,Kaila,Musgrave,Francisco
Kennedy,Virginia,Zophar,Kelsi,Kennedy,Yash
Kennedy,Chris,Zophar,Kelsi,Kennedy,Yash
Kennedy,Rayna,Zophar,Kelsi,Kennedy,Yash
Kennedy,Keifer,Zophar,Kelsi,Kennedy,Yash
Kennedy,Rianna,Zophar,Kelsi,Kennedy,Yash
Kennedy,Jakob,Zophar,Kelsi,Kennedy,Yash
Fabian,Delilah,Parazynski,Chana,Fabian,Irvin
Kennedy,Tarik,Zophar,Kelsi,Kennedy,Yash
Fabian,Chantelle,Parazynski,Chana,Fabian,Irvin
Kennedy,Garin,Zophar,Kelsi,Kennedy,Yash
Fabian,Dianne,Parazynski,Chana,Fabian,Irvin
Kennedy,Dashane,Zophar,Kelsi,Kennedy,Yash
Fabian,Kristine,Parazynski,Chana,Fabian,Irvin
Kennedy,Liam,Zophar,Kelsi,Kennedy,Yash
Helms,Heather,Grout,Maricarmen,Helms,Ernest
Kennedy,Langston,Zophar,Kelsi,Kennedy,Yash
Helms,Veda,Grout,Maricarmen,Helms,Ernest
Kennedy,Fabian,Zophar,Kelsi,Kennedy,Yash
Helms,Heidi,Grout,Maricarmen,Helms,Ernest
Fabian,Adan,Parazynski,Chana,Fabian,Irvin
Helms,Unique,Grout,Maricarmen,Helms,Ernest
Fabian,Paris,Parazynski,Chana,Fabian,Irvin
Chaffee,Kelsi,Weitz,Kali,Chaffee,Marques
Fabian,Kahlil,Parazynski,Chana,Fabian,Irvin
Chaffee,Audra,Weitz,Kali,Chaffee,Marques
Fabian,Seamus,Parazynski,Chana,Fabian,Irvin
Shriver,Taryn,Weitz,Dorian,Shriver,Bronson
Fabian,Isidro,Parazynski,Chana,Fabian,Irvin
Shriver,Deandrea,Weitz,Dorian,Shriver,Bronson
Fabian,Wilson,Parazynski,Chana,Fabian,Irvin
Shriver,Joselyn,Weitz,Dorian,Shriver,Bronson
Fabian,Lamont,Parazynski,Chana,Fabian,Irvin
Shriver,Laken,Weitz,Dorian,Shriver,Bronson
Fabian,Nigel,Parazynski,Chana,Fabian,Irvin
Shriver,Yaritza,Weitz,Dorian,Shriver,Bronson
Fabian,Marc,Parazynski,Chana,Fabian,Irvin
Shriver,Georgina,Weitz,Dorian,Shriver,Bronson
Helms,Izaiah,Grout,Maricarmen,Helms,Ernest
Shriver,Kirstin,Weitz,Dorian,Shriver,Bronson
Helms,Brandon,Grout,Maricarmen,Helms,Ernest
Shriver,Erin,Weitz,Dorian,Shriver,Bronson
Helms,Remington,Grout,Maricarmen,Helms,Ernest
Shriver,Torrie,Weitz,Dorian,Shriver,Bronson
Helms,Efrain,Grout,Maricarmen,Helms,Ernest
Shriver,Ashtyn,Weitz,Dorian,Shriver,Bronson
Chaffee,Joseph,Weitz,Kali,Chaffee,Marques
Weitz,Jillian,Lousma,Anabel,Weitz,Emmanuel
Chaffee,Jaylin,Weitz,Kali,Chaffee,Marques
Weitz,Helena,Lousma,Anabel,Weitz,Emmanuel
Shriver,Devan,Weitz,Dorian,Shriver,Bronson
Weitz,Kyana,Lousma,Anabel,Weitz,Emmanuel
Shriver,Griffin,Weitz,Dorian,Shriver,Bronson
Weitz,Drew,Lousma,Casie,Weitz,Kirkland
Shriver,Jovon,Weitz,Dorian,Shriver,Bronson
Weitz,Morgan,Lousma,Casie,Weitz,Kirkland
Shriver,Gideon,Weitz,Dorian,Shriver,Bronson
Weitz,Deanna,Lousma,Casie,Weitz,Kirkland
Shriver,Jeramie,Weitz,Dorian,Shriver,Bronson
Weitz,Merideth,Lousma,Casie,Weitz,Kirkland
Shriver,Guadalupe,Weitz,Dorian,Shriver,Bronson
Weitz,Mariangeli,Lousma,Casie,Weitz,Kirkland
Shriver,Everett,Weitz,Dorian,Shriver,Bronson
Weitz,Adriane,Lousma,Casie,Weitz,Kirkland
Weitz,Aron,Lousma,Anabel,Weitz,Emmanuel
Weitz,Savanah,Lousma,Casie,Weitz,Kirkland
Weitz,Kapil,Lousma,Anabel,Weitz,Emmanuel
Weitz,Kristy,Lousma,Casie,Weitz,Kirkland
Weitz,Marcus,Lousma,Anabel,Weitz,Emmanuel
Weitz,Benita,Lousma,Casie,Weitz,Kirkland
Weitz,Derek,Lousma,Anabel,Weitz,Emmanuel
Weitz,Shannon,Lousma,Casie,Weitz,Kirkland
Weitz,Dion,Lousma,Anabel,Weitz,Emmanuel
Weitz,Madelyne,Lousma,Casie,Weitz,Kirkland
Weitz,Connor,Lousma,Anabel,Weitz,Emmanuel
Weitz,Siera,Tyler,Carmelita,Weitz,Tylor
Weitz,Bronson,Lousma,Anabel,Weitz,Emmanuel
Weitz,Barbara,Tyler,Carmelita,Weitz,Tylor
Weitz,Jerome,Lousma,Anabel,Weitz,Emmanuel
Weitz,Rylee,Tyler,Carmelita,Weitz,Tylor
Weitz,Yair,Lousma,Casie,Weitz,Kirkland
Weitz,Marli,Tyler,Carmelita,Weitz,Tylor
Weitz,Rhett,Lousma,Casie,Weitz,Kirkland
Weitz,Karah,Tyler,Carmelita,Weitz,Tylor
Weitz,Colby,Lousma,Casie,Weitz,Kirkland
Weitz,Brittney,Tyler,Carmelita,Weitz,Tylor
Weitz,Jeffrey,Tyler,Carmelita,Weitz,Tylor
Weitz,Queen,Tyler,Carmelita,Weitz,Tylor
Weitz,Reginald,Tyler,Carmelita,Weitz,Tylor
Weitz,Antonia,Tyler,Carmelita,Weitz,Tylor
Weitz,Cristian,Tyler,Carmelita,Weitz,Tylor
Weitz,Shauna,Tyler,Carmelita,Weitz,Tylor
Weitz,Terron,Tyler,Carmelita,Weitz,Tylor
Weitz,Helen,Tyler,Carmelita,Weitz,Tylor
Weitz,Brett,Tyler,Carmelita,Weitz,Tylor
Weitz,Latasha,Tyler,Carmelita,Weitz,Tylor
Weitz,Samual,Tyler,Carmelita,Weitz,Tylor
Weitz,Diana,Tyler,Alissa,Weitz,Desmond
Weitz,Deante,Tyler,Carmelita,Weitz,Tylor
Weitz,Frances,Tyler,Alissa,Weitz,Desmond
Weitz,Ali,Tyler,Alissa,Weitz,Desmond
Weitz,Klarisa,Tyler,Alissa,Weitz,Desmond
Weitz,Dandre,Tyler,Alissa,Weitz,Desmond
Weitz,Zulema,Tyler,Alissa,Weitz,Desmond
Weitz,Ricardo,Tyler,Alissa,Weitz,Desmond
Weitz,Tatyana,Tyler,Jazmyn,Weitz,Jawaun
Weitz,Reed,Tyler,Jazmyn,Weitz,Jawaun
Weitz,Haylee,Tyler,Jazmyn,Weitz,Jawaun
Weitz,Dustin,Tyler,Jazmyn,Weitz,Jawaun
Weitz,Trinity,Tyler,Jazmyn,Weitz,Jawaun
Weitz,Deric,Tyler,Jazmyn,Weitz,Jawaun
Weitz,Brittany,Tyler,Jazmyn,Weitz,Jawaun
Weitz,Adonis,Tyler,Jazmyn,Weitz,Jawaun
Weitz,Maxine,Tyler,Jazmyn,Weitz,Jawaun
Weitz,Demetrius,Tyler,Natalia,Weitz,Curtis
Weitz,Shayna,Tyler,Jazmyn,Weitz,Jawaun
Weitz,Grant,Tyler,Natalia,Weitz,Curtis
Weitz,Valencia,Tyler,Jazmyn,Weitz,Jawaun
Weitz,Ignacio,Tyler,Natalia,Weitz,Curtis
Weitz,Zoe,Tyler,Jazmyn,Weitz,Jawaun
Weitz,Anthoni,Tyler,Natalia,Weitz,Curtis
Weitz,Lara,Tyler,Jazmyn,Weitz,Jawaun
Weitz,Addison,Tyler,Natalia,Weitz,Curtis
Weitz,Cherokee,Tyler,Natalia,Weitz,Curtis
Weitz,Caleb,Tyler,Natalia,Weitz,Curtis
Weitz,Kaci,Tyler,Natalia,Weitz,Curtis
Weitz,Menachem,Tyler,Natalia,Weitz,Curtis
Weitz,Peyton,Tyler,Natalia,Weitz,Curtis
Weitz,Eddie,Tyler,Natalia,Weitz,Curtis
Weitz,Liz,Tyler,Natalia,Weitz,Curtis
Weitz,Dayton,Tyler,Natalia,Weitz,Curtis
Weitz,Katherine,Tyler,Natalia,Weitz,Curtis
Weitz,Leonardo,Tyler,Natalia,Weitz,Curtis
Weitz,Kaina,Tyler,Natalia,Weitz,Curtis
Weitz,Tracy,Tyler,Natalia,Weitz,Curtis
Weitz,Shyann,Tyler,Kandice,Weitz,Jamel
Weitz,Devonte,Tyler,Kandice,Weitz,Jamel
Weitz,Francesca,Tyler,Kandice,Weitz,Jamel
Weitz,Garin,Tyler,Kandice,Weitz,Jamel
Weitz,Sara,Tyler,Kandice,Weitz,Jamel
Weitz,Saul,Tyler,Kandice,Weitz,Jamel
Weitz,Kyla,Tyler,Kandice,Weitz,Jamel
Weitz,Sam,Tyler,Kandice,Weitz,Jamel
Weitz,Astrid,Tyler,Kandice,Weitz,Jamel
Weitz,Lamar,Tyler,Kandice,Weitz,Jamel
Lousma,Maura,Weitz,Alysia,Lousma,Devaughn
Lousma,Anthoni,Weitz,Alysia,Lousma,Devaughn
Lousma,Haiden,Weitz,Alysia,Lousma,Devaughn
Lousma,Vicente,Weitz,Alysia,Lousma,Devaughn
Lousma,Courtney,Weitz,Alysia,Lousma,Devaughn
Lousma,Ezequiel,Weitz,Alysia,Lousma,Devaughn
Lousma,Allison,Weitz,Alysia,Lousma,Devaughn
Lousma,Ali,Weitz,Alysia,Lousma,Devaughn
Lousma,Tatum,Weitz,Alysia,Lousma,Devaughn
Lousma,Savion,Weitz,Alysia,Lousma,Devaughn
Lousma,Celeste,Weitz,Alysia,Lousma,Devaughn
Lousma,Evan,Weitz,Alysia,Lousma,Devaughn
Lousma,Loren,Weitz,Alysia,Lousma,Devaughn
Lousma,Darrion,Weitz,Lily,Lousma,Jordin
Lousma,Rebekah,Weitz,Alysia,Lousma,Devaughn
Lousma,Brian,Weitz,Lily,Lousma,Jordin
Lousma,Karena,Weitz,Alysia,Lousma,Devaughn
Lousma,Wayne,Weitz,Lily,Lousma,Jordin
Lousma,Kaci,Weitz,Alysia,Lousma,Devaughn
Lousma,Nico,Weitz,Lily,Lousma,Jordin
Lousma,Edith,Weitz,Alysia,Lousma,Devaughn
Lousma,Kegan,Weitz,Lily,Lousma,Jordin
Lousma,Terri,Weitz,Alysia,Lousma,Devaughn
Lousma,Eduardo,Weitz,Lily,Lousma,Jordin
Lousma,Aileen,Weitz,Lily,Lousma,Jordin
Lousma,Mitchell,Tyler,Abigayle,Lousma,Brice
Lousma,Addison,Weitz,Lily,Lousma,Jordin
Lousma,Nikolas,Tyler,Abigayle,Lousma,Brice
Lousma,Keila,Weitz,Lily,Lousma,Jordin
Lousma,Roland,Tyler,Abigayle,Lousma,Brice
Lousma,Tristan,Weitz,Lily,Lousma,Jordin
Lousma,Alvin,Tyler,Celia,Lousma,Garin
Lousma,Jaymee,Weitz,Lily,Lousma,Jordin
Lousma,Kody,Tyler,Celia,Lousma,Garin
Lousma,Olga,Weitz,Lily,Lousma,Jordin
Lousma,Gordon,Tyler,Celia,Lousma,Garin
Lousma,Julie,Weitz,Lily,Lousma,Jordin
Lousma,Claudio,Tyler,Celia,Lousma,Garin
Lousma,Kristy,Tyler,Abigayle,Lousma,Brice
Lousma,Pablo,Tyler,Celia,Lousma,Garin
Lousma,Desaree,Tyler,Abigayle,Lousma,Brice
Lousma,Chris,Tyler,Celia,Lousma,Garin
Lousma,Maryanne,Tyler,Celia,Lousma,Garin
Lousma,Dan,Tyler,Christy,Lousma,Lamont
Lousma,Shakira,Tyler,Celia,Lousma,Garin
Lousma,Josiah,Tyler,Christy,Lousma,Lamont
Lousma,Linsey,Tyler,Celia,Lousma,Garin
Lousma,Ross,Tyler,Christy,Lousma,Lamont
Lousma,Sophia,Tyler,Celia,Lousma,Garin
Lousma,Domenic,Tyler,Christy,Lousma,Lamont
Lousma,Yaritza,Tyler,Celia,Lousma,Garin
Lousma,Corey,Tyler,Christy,Lousma,Lamont
Lousma,Josey,Tyler,Celia,Lousma,Garin
Lousma,Sawyer,Tyler,Christy,Lousma,Lamont
Lousma,Ixchel,Tyler,Christy,Lousma,Lamont
Lousma,Bretton,Tyler,Christy,Lousma,Lamont
Lousma,Kara,Tyler,Christy,Lousma,Lamont
Lousma,Elliot,Tyler,Christy,Lousma,Lamont
Lousma,Xiomara,Tyler,Christy,Lousma,Lamont
Lousma,Dean,Tyler,Christy,Lousma,Lamont
Lousma,Erin,Tyler,Christy,Lousma,Lamont
Lousma,Joel,Tyler,Christy,Lousma,Lamont
Lousma,Mindi,Tyler,Christy,Lousma,Lamont
Lousma,Keith,Tyler,Christy,Lousma,Lamont
Lousma,Kelcee,Tyler,Christy,Lousma,Lamont
Lousma,Santos,Tyler,Christy,Lousma,Lamont
Lousma,Aaliyah,Tyler,Christy,Lousma,Lamont
Lousma,Bruce,Tyler,Christy,Lousma,Lamont
Lousma,Demi,Gardner,Alesha,Lousma,Tobias
Lousma,Luke,Gardner,Alesha,Lousma,Tobias
Lousma,Carley,Gardner,Alesha,Lousma,Tobias
Lousma,Kamau,Gardner,Alesha,Lousma,Tobias
Lousma,Jacquelyn,Gardner,Alesha,Lousma,Tobias
Lousma,Willie,Gardner,Alesha,Lousma,Tobias
Lousma,Zenia,Gardner,Alesha,Lousma,Tobias
Lousma,Keshaun,Gardner,Alesha,Lousma,Tobias
Lousma,Aria,Gardner,Alesha,Lousma,Tobias
Lousma,Chandler,Gardner,Alesha,Lousma,Tobias
Lousma,Carol,Gardner,Alesha,Lousma,Tobias
Lousma,Willis,Gardner,Coral,Lousma,Caleb
Lousma,Ciarra,Gardner,Alesha,Lousma,Tobias
Lousma,Michel,Gardner,Coral,Lousma,Caleb
Lousma,Joanne,Gardner,Alesha,Lousma,Tobias
Lousma,Kasey,Gardner,Coral,Lousma,Caleb
Lousma,Dorothy,Gardner,Alesha,Lousma,Tobias
Lousma,Slaten,Gardner,Coral,Lousma,Caleb
Lousma,Marisa,Gardner,Alesha,Lousma,Tobias
Lousma,Kory,Gardner,Coral,Lousma,Caleb
Lousma,Tania,Gardner,Alesha,Lousma,Tobias
Lousma,Clay,Gardner,Coral,Lousma,Caleb
Lousma,Alycia,Gardner,Coral,Lousma,Caleb
Lousma,Jose,Gardner,Coral,Lousma,Caleb
Lousma,Aidan,Gardner,Coral,Lousma,Caleb
Lousma,Frederic,Gardner,Coral,Lousma,Caleb
Lousma,Kaylah,Gardner,Coral,Lousma,Caleb
Lousma,Jarred,Gardner,Coral,Lousma,Caleb
Lousma,Janell,Gardner,Coral,Lousma,Caleb
Tyler,Babyboy,Gardner,Chana,Tyler,Jerome
Lousma,Beverly,Gardner,Coral,Lousma,Caleb
Tyler,Martin,Gardner,Chana,Tyler,Jerome
Lousma,Yesenia,Gardner,Coral,Lousma,Caleb
Tyler,Braden,Gardner,Chana,Tyler,Jerome
Lousma,Breana,Gardner,Coral,Lousma,Caleb
Tyler,Tylar,Gardner,Chana,Tyler,Jerome
Tyler,Lilly,Gardner,Chana,Tyler,Jerome
Tyler,Keshaun,Gardner,Chana,Tyler,Jerome
Tyler,Violet,Gardner,Chana,Tyler,Jerome
Tyler,Julius,Gardner,Estefani,Tyler,Marcos
Tyler,Keishla,Gardner,Chana,Tyler,Jerome
Tyler,Neal,Gardner,Estefani,Tyler,Marcos
Tyler,Shanyce,Gardner,Chana,Tyler,Jerome
Tyler,Savion,Gardner,Estefani,Tyler,Marcos
Tyler,Elaina,Gardner,Estefani,Tyler,Marcos
Tyler,Cedric,Gardner,Estefani,Tyler,Marcos
Tyler,Roxanne,Gardner,Estefani,Tyler,Marcos
Tyler,Tre,Gardner,Estefani,Tyler,Marcos
Tyler,Janelle,Gardner,Estefani,Tyler,Marcos
Tyler,Nestor,Gardner,Estefani,Tyler,Marcos
Tyler,Alejandra,Gardner,Estefani,Tyler,Marcos
Tyler,John,Gardner,Estefani,Tyler,Marcos
Tyler,Nathalie,Gardner,Estefani,Tyler,Marcos
Tyler,Dimitri,Bolden,Jazmyne,Tyler,Joshua
Tyler,Evelin,Gardner,Estefani,Tyler,Marcos
Tyler,Orion,Bolden,Jazmyne,Tyler,Joshua
Tyler,Kailee,Gardner,Estefani,Tyler,Marcos
Tyler,Shayne,Bolden,Jazmyne,Tyler,Joshua
Tyler,Alexi,Gardner,Estefani,Tyler,Marcos
Tyler,Garrett,Bolden,Jazmyne,Tyler,Joshua
Tyler,Bianca,Gardner,Estefani,Tyler,Marcos
Tyler,Asa,Bolden,Jazmyne,Tyler,Joshua
Tyler,Gabrielle,Bolden,Jazmyne,Tyler,Joshua
Tyler,Andrew,Bolden,Jazmyne,Tyler,Joshua
Tyler,Charlotte,Bolden,Jazmyne,Tyler,Joshua
Tyler,Michel,Bolden,Jazmyne,Tyler,Joshua
Tyler,Krystle,Bolden,Jazmyne,Tyler,Joshua
Tyler,Draven,Bolden,Alisha,Tyler,Deric
Tyler,Danika,Bolden,Jazmyne,Tyler,Joshua
Tyler,Dorian,Bolden,Alisha,Tyler,Deric
Tyler,Sariah,Bolden,Jazmyne,Tyler,Joshua
Tyler,Darrell,Bolden,Alisha,Tyler,Deric
Tyler,Chanel,Bolden,Jazmyne,Tyler,Joshua
Tyler,Coby,Bolden,Harley,Tyler,Maleek
Tyler,Karly,Bolden,Jazmyne,Tyler,Joshua
Tyler,Tylor,Bolden,Harley,Tyler,Maleek
Tyler,Jocelyn,Bolden,Jazmyne,Tyler,Joshua
Tyler,Jeremy,Bolden,Harley,Tyler,Maleek
Tyler,Breanne,Bolden,Jazmyne,Tyler,Joshua
Tyler,Dequan,Bolden,Patience,Tyler,Tobias
Tyler,Sania,Bolden,Jazmyne,Tyler,Joshua
Tyler,Mohamed,Bolden,Patience,Tyler,Tobias
Tyler,Ronni,Bolden,Jazmyne,Tyler,Joshua
Tyler,Dane,Bolden,Patience,Tyler,Tobias
Tyler,Bryana,Bolden,Alisha,Tyler,Deric
Tyler,Isidro,Bolden,Patience,Tyler,Tobias
Tyler,Kaley,Bolden,Alisha,Tyler,Deric
Tyler,Trentin,Bolden,Alexis,Tyler,Mathieu
Tyler,Maryanne,Bolden,Alisha,Tyler,Deric
Tyler,Titus,Bolden,Alexis,Tyler,Mathieu
Tyler,Eileen,Bolden,Harley,Tyler,Maleek
Tyler,Duncan,Shriver,Samara,Tyler,Mauro
Tyler,Alyssa,Bolden,Patience,Tyler,Tobias
Tyler,Bret,Shriver,Samara,Tyler,Mauro
Tyler,Alyson,Bolden,Patience,Tyler,Tobias
Tyler,Mohammad,Shriver,Samara,Tyler,Mauro
Tyler,Holly,Bolden,Patience,Tyler,Tobias
Tyler,Shelby,Shriver,Samara,Tyler,Mauro
Tyler,Maddison,Bolden,Patience,Tyler,Tobias
Tyler,Rodrigo,Shriver,Samara,Tyler,Mauro
Tyler,Paige,Bolden,Patience,Tyler,Tobias
Tyler,Jonathan,Shriver,Samara,Tyler,Mauro
Tyler,Lora,Bolden,Alexis,Tyler,Mathieu
Tyler,Giovanni,Shriver,Samara,Tyler,Mauro
Tyler,Carmela,Bolden,Alexis,Tyler,Mathieu
Tyler,Jared,Shriver,Samara,Tyler,Mauro
Tyler,Markia,Bolden,Alexis,Tyler,Mathieu
Gardner,Markell,Shriver,Luisa,Gardner,Deshaun
Tyler,Miriam,Bolden,Alexis,Tyler,Mathieu
Gardner,Javen,Shriver,Luisa,Gardner,Deshaun
Tyler,Misty,Bolden,Alexis,Tyler,Mathieu
Gardner,Cesar,Shriver,Luisa,Gardner,Deshaun
Tyler,Spencer,Shriver,Samara,Tyler,Mauro
Gardner,Xzavier,Shriver,Jessa,Gardner,Dallin
Tyler,Bailey,Shriver,Samara,Tyler,Mauro
Gardner,Cristobal,Shriver,Mia,Gardner,Frankie
Tyler,Breona,Shriver,Samara,Tyler,Mauro
Gardner,Alejandro,Shriver,Mia,Gardner,Frankie
Tyler,Shaniah,Shriver,Samara,Tyler,Mauro
Gardner,Kendrick,Shriver,Mia,Gardner,Frankie
Tyler,Calandra,Shriver,Samara,Tyler,Mauro
Gardner,Antonio,Shriver,Mia,Gardner,Frankie
Gardner,Wendy,Shriver,Luisa,Gardner,Deshaun
Gardner,Braxton,Shriver,Mia,Gardner,Frankie
Gardner,Tierney,Shriver,Luisa,Gardner,Deshaun
Bolden,Chandler,Shriver,Brynn,Bolden,Corbin
Gardner,Julianne,Shriver,Luisa,Gardner,Deshaun
Bolden,Noel,Shriver,Brynn,Bolden,Corbin
Gardner,Keara,Shriver,Luisa,Gardner,Deshaun
Bolden,Clay,Shriver,Brynn,Bolden,Corbin
Gardner,Michelle,Shriver,Jessa,Gardner,Dallin
Bolden,Saxon,Shriver,Brynn,Bolden,Corbin
Gardner,Zoe,Shriver,Jessa,Gardner,Dallin
Bolden,Jordon,Shriver,Madison,Bolden,Donald
Gardner,Cherie,Shriver,Jessa,Gardner,Dallin
Bolden,Augustus,Shriver,Madison,Bolden,Donald
Gardner,Tamera,Shriver,Jessa,Gardner,Dallin
Bolden,Timothy,Shriver,Madison,Bolden,Donald
Gardner,Maire,Shriver,Jessa,Gardner,Dallin
Bolden,Alonso,Shriver,Madison,Bolden,Donald
Gardner,Beverly,Shriver,Jessa,Gardner,Dallin
Bolden,Marquis,Shriver,Madison,Bolden,Donald
Gardner,Makena,Shriver,Jessa,Gardner,Dallin
Bolden,Warren,Shriver,Madison,Bolden,Donald
Gardner,Brianne,Shriver,Mia,Gardner,Frankie
Bolden,Braydon,Shriver,Madison,Bolden,Donald
Gardner,Deandrea,Shriver,Mia,Gardner,Frankie
Bolden,Brooks,Shriver,Madison,Bolden,Donald
Gardner,Skylar,Shriver,Mia,Gardner,Frankie
Bolden,Jamel,Shriver,Janette,Bolden,Dexter
Gardner,Ana,Shriver,Mia,Gardner,Frankie
Bolden,Gilbert,Shriver,Janette,Bolden,Dexter
Gardner,Shyla,Shriver,Mia,Gardner,Frankie
Bolden,Jamison,Shriver,Janette,Bolden,Dexter
Bolden,Giuliana,Shriver,Brynn,Bolden,Corbin
Bolden,Menachem,Shriver,Janette,Bolden,Dexter
Bolden,Shayna,Shriver,Brynn,Bolden,Corbin
Bolden,Treshaun,Shriver,Janette,Bolden,Dexter
Bolden,Yvonne,Shriver,Brynn,Bolden,Corbin
Bolden,Izaiah,Shriver,Janette,Bolden,Dexter
Bolden,Ashley,Shriver,Madison,Bolden,Donald
Bolden,Charles,Shriver,Janette,Bolden,Dexter
Bolden,Glenda,Shriver,Madison,Bolden,Donald
Bolden,Kyler,Shriver,Janette,Bolden,Dexter
Bolden,Payton,Shriver,Madison,Bolden,Donald
Bolden,Ron,Shriver,Janette,Bolden,Dexter
Bolden,Cindy,Shriver,Madison,Bolden,Donald
Bolden,Noe,Shriver,Janette,Bolden,Dexter
Bolden,Theresa,Shriver,Madison,Bolden,Donald
Bolden,Elvin,Shriver,Janette,Bolden,Dexter
Bolden,Debora,Shriver,Janette,Bolden,Dexter
Bolden,Kalon,Shriver,Janette,Bolden,Dexter
Bolden,Carolyn,Shriver,Janette,Bolden,Dexter
Bolden,Daxton,Shriver,Isis,Bolden,Roy
Bolden,Amna,Shriver,Janette,Bolden,Dexter
Bolden,Kasey,Shriver,Isis,Bolden,Roy
Bolden,Robyn,Shriver,Janette,Bolden,Dexter
Bolden,Dallas,Shriver,Isis,Bolden,Roy
Bolden,Roxanne,Shriver,Janette,Bolden,Dexter
Bolden,Cesar,Shriver,Isis,Bolden,Roy
Bolden,Shea,Shriver,Janette,Bolden,Dexter
Bolden,Kenny,Shriver,Isis,Bolden,Roy
Bolden,Sally,Shriver,Janette,Bolden,Dexter
Bolden,Brayden,Shriver,Isis,Bolden,Roy
Bolden,Annie,Shriver,Janette,Bolden,Dexter
Bolden,Danny,Shriver,Isis,Bolden,Roy
Bolden,Torrie,Shriver,Isis,Bolden,Roy
Bolden,Salvador,Shriver,Isis,Bolden,Roy
Bolden,Chloie,Shriver,Isis,Bolden,Roy
Bolden,Ty,Shriver,Isis,Bolden,Roy
Bolden,Nathalia,Shriver,Isis,Bolden,Roy
Bolden,Sergio,Shriver,Tristin,Bolden,Ethan
Bolden,Loni,Shriver,Isis,Bolden,Roy
Bolden,Wesley,Shriver,Tristin,Bolden,Ethan
Bolden,Danica,Shriver,Isis,Bolden,Roy
Bolden,Dylon,Shriver,Tristin,Bolden,Ethan
Bolden,Saige,Shriver,Isis,Bolden,Roy
Bolden,Guillermo,Shriver,Tristin,Bolden,Ethan
Bolden,Kelly,Shriver,Isis,Bolden,Roy
Bolden,Lawrence,Shriver,Tristin,Bolden,Ethan
Bolden,Cara,Shriver,Tristin,Bolden,Ethan
Bolden,Jarrod,Patrick,Ronni,Bolden,Tomas
Bolden,Anita,Patrick,Ronni,Bolden,Tomas
Bolden,Damian,Patrick,Yoana,Bolden,Barry
Bolden,Johanna,Patrick,Ronni,Bolden,Tomas
Bolden,Spencer,Patrick,Yoana,Bolden,Barry
Bolden,Lizbeth,Patrick,Ronni,Bolden,Tomas
Bolden,Caden,Patrick,Yoana,Bolden,Barry
Bolden,Savannah,Patrick,Ronni,Bolden,Tomas
Bolden,Alfonso,Patrick,Yoana,Bolden,Barry
Bolden,Lynette,Patrick,Ronni,Bolden,Tomas
Bolden,Rigoberto,Patrick,Yoana,Bolden,Barry
Bolden,Antonia,Patrick,Yoana,Bolden,Barry
Bolden,Niko,Patrick,Yoana,Bolden,Barry
Bolden,Maren,Patrick,Yoana,Bolden,Barry
Bolden,Michael,Patrick,Yoana,Bolden,Barry
Bolden,Calli,Patrick,Yoana,Bolden,Barry
Bolden,Bernardo,Patrick,Yoana,Bolden,Barry
Bolden,Karena,Patrick,Yoana,Bolden,Barry
Bolden,Sterling,Patrick,Yoana,Bolden,Barry
Bolden,Caitlan,Patrick,Yoana,Bolden,Barry
Bolden,Mohammed,Patrick,Tatum,Bolden,Rodney
Bolden,Emerald,Patrick,Tatum,Bolden,Rodney
Bolden,Eric,Patrick,Tatum,Bolden,Rodney
Bolden,Claudia,Patrick,Tatum,Bolden,Rodney
Bolden,Devan,Patrick,Tatum,Bolden,Rodney
Bolden,Klarisa,Patrick,Tatum,Bolden,Rodney
Bolden,Garret,Patrick,Tatum,Bolden,Rodney
Bolden,Annmarie,Patrick,Tatum,Bolden,Rodney
Bolden,Andres,Anders,Adrian,Bolden,Zachary
Bolden,Tiera,Anders,Adrian,Bolden,Zachary
Bolden,Nicholaus,Anders,Adrian,Bolden,Zachary
Bolden,Kenia,Anders,Adrian,Bolden,Zachary
Bolden,Conrad,Anders,Adrian,Bolden,Zachary
Bolden,Emiley,Anders,Adrian,Bolden,Zachary
Bolden,Ravon,Anders,Adrian,Bolden,Zachary
Bolden,Ixchel,Anders,Casey,Bolden,Harry
Bolden,Blaine,Anders,Adrian,Bolden,Zachary
Bolden,Antoinette,Anders,Casey,Bolden,Harry
Bolden,Jean,Anders,Adrian,Bolden,Zachary
Bolden,Skyler,Anders,Casey,Bolden,Harry
Bolden,Malik,Anders,Adrian,Bolden,Zachary
Bolden,Shane,Anders,Casey,Bolden,Harry
Bolden,Marcell,Anders,Adrian,Bolden,Zachary
Bolden,Iris,Anders,Casey,Bolden,Harry
Bolden,Ashton,Anders,Casey,Bolden,Harry
Bolden,Aylssa,Anders,Casey,Bolden,Harry
Bolden,Dimitri,Anders,Casey,Bolden,Harry
Bolden,Valentina,Anders,Casey,Bolden,Harry
Bolden,Lorenzo,Anders,Casey,Bolden,Harry
Shriver,Jessika,Anders,Nichelle,Shriver,Charly
Bolden,Adonis,Anders,Casey,Bolden,Harry
Shriver,Benita,Anders,Nichelle,Shriver,Charly
Bolden,Kameron,Anders,Casey,Bolden,Harry
Shriver,Bernadette,Anders,Nichelle,Shriver,Charly
Bolden,Ladarius,Anders,Casey,Bolden,Harry
Shriver,Rikki,Anders,Shekinah,Shriver,Pablo
Bolden,Elmer,Anders,Casey,Bolden,Harry
Shriver,Devin,Anders,Luna,Shriver,Anthoni
Bolden,Victor,Anders,Casey,Bolden,Harry
Shriver,Nora,Anders,Luna,Shriver,Anthoni
Shriver,Tylor,Anders,Nichelle,Shriver,Charly
Shriver,Kyra,Anders,Luna,Shriver,Anthoni
Shriver,Ishmael,Anders,Nichelle,Shriver,Charly
Shriver,Linsey,Anders,Luna,Shriver,Anthoni
Shriver,Bobby,Anders,Nichelle,Shriver,Charly
Shriver,Lynette,Anders,Luna,Shriver,Anthoni
Shriver,Darren,Anders,Nichelle,Shriver,Charly
Shriver,Sylvia,Anders,Krystan,Shriver,Tristan
Shriver,Graham,Anders,Shekinah,Shriver,Pablo
Shriver,Mileena,Anders,Krystan,Shriver,Tristan
Shriver,Neil,Anders,Shekinah,Shriver,Pablo
Shriver,Giuliana,Anders,Krystan,Shriver,Tristan
Shriver,Nicholas,Anders,Luna,Shriver,Anthoni
Shriver,Kaleigh,Anders,Krystan,Shriver,Tristan
Shriver,Soren,Anders,Luna,Shriver,Anthoni
Shriver,Lena,Anders,Krystan,Shriver,Tristan
Shriver,Dashane,Anders,Luna,Shriver,Anthoni
Shriver,Anabel,Anders,Krystan,Shriver,Tristan
Shriver,Noel,Anders,Luna,Shriver,Anthoni
Shriver,Ebone,Anders,Krystan,Shriver,Tristan
Shriver,Spencer,Anders,Krystan,Shriver,Tristan
Shriver,Kassidy,Scobee,Britney,Shriver,Tarik
Shriver,Jonah,Anders,Krystan,Shriver,Tristan
Shriver,Ashli,Scobee,Britney,Shriver,Tarik
Shriver,Brady,Anders,Krystan,Shriver,Tristan
Shriver,Patsy,Scobee,Britney,Shriver,Tarik
Shriver,Cecil,Anders,Krystan,Shriver,Tristan
Shriver,Allyson,Scobee,Britney,Shriver,Tarik
Shriver,Marielle,Anders,Krystan,Shriver,Tristan
Shriver,Quinn,Scobee,Britney,Shriver,Tarik
Shriver,Clint,Anders,Krystan,Shriver,Tristan
Shriver,Banesa,Scobee,Britney,Shriver,Tarik
Shriver,Jeremey,Anders,Krystan,Shriver,Tristan
Shriver,Bryana,Scobee,Britney,Shriver,Tarik
Shriver,Kirk,Anders,Krystan,Shriver,Tristan
Shriver,Madelyn,Scobee,Britney,Shriver,Tarik
Shriver,Lars,Anders,Krystan,Shriver,Tristan
Shriver,Anamarie,Scobee,Leslie,Shriver,Davis
Shriver,Ron,Anders,Krystan,Shriver,Tristan
Shriver,Sarahmarie,Scobee,Leslie,Shriver,Davis
Shriver,Raheem,Anders,Krystan,Shriver,Tristan
Shriver,Colby,Scobee,Leslie,Shriver,Davis
Shriver,Jeb,Anders,Krystan,Shriver,Tristan
Shriver,Madelyne,Scobee,Leslie,Shriver,Davis
Shriver,Stevan,Anders,Krystan,Shriver,Tristan
Shriver,Shanna,Scobee,Leslie,Shriver,Davis
Shriver,Jeremy,Scobee,Britney,Shriver,Tarik
Shriver,Kaytlyn,Scobee,Leslie,Shriver,Davis
Shriver,Dion,Scobee,Britney,Shriver,Tarik
Shriver,Valerie,Scobee,Leslie,Shriver,Davis
Shriver,Ignacio,Scobee,Britney,Shriver,Tarik
Shriver,Mayra,Scobee,Leslie,Shriver,Davis
Shriver,Kenneth,Scobee,Britney,Shriver,Tarik
Shriver,Melinda,Scobee,Leslie,Shriver,Davis
Shriver,Arnold,Scobee,Britney,Shriver,Tarik
Shriver,Lindsay,Scobee,Leslie,Shriver,Davis
Shriver,Brad,Scobee,Britney,Shriver,Tarik
Shriver,Jaymi,Scobee,Leslie,Shriver,Davis
Shriver,Anton,Scobee,Britney,Shriver,Tarik
Shriver,Isabella,Scobee,Eleni,Shriver,Drew
Shriver,Jeremiah,Scobee,Britney,Shriver,Tarik
Shriver,Dania,Scobee,Eleni,Shriver,Drew
Shriver,Philip,Scobee,Leslie,Shriver,Davis
Shriver,Marlena,Scobee,Eleni,Shriver,Drew
Shriver,Tracy,Scobee,Leslie,Shriver,Davis
Shriver,Anissa,Scobee,Eleni,Shriver,Drew
Shriver,Ralph,Scobee,Leslie,Shriver,Davis
Shriver,Mari,Scobee,Eleni,Shriver,Drew
Shriver,Jaylan,Scobee,Leslie,Shriver,Davis
Shriver,Rita,Scobee,Eleni,Shriver,Drew
Shriver,Terrance,Scobee,Leslie,Shriver,Davis
Shriver,Deborah,Scobee,Eleni,Shriver,Drew
Shriver,Domonic,Scobee,Eleni,Shriver,Drew
Shriver,Darby,Scobee,Eleni,Shriver,Drew
Shriver,Vicente,Scobee,Eleni,Shriver,Drew
Shriver,Kaylah,Scobee,Yuki,Shriver,Trae
Shriver,Rand,Scobee,Eleni,Shriver,Drew
Shriver,Daija,Scobee,Yuki,Shriver,Trae
Shriver,Kerrick,Scobee,Eleni,Shriver,Drew
Shriver,Makayla,Scobee,Yuki,Shriver,Trae
Shriver,Arian,Scobee,Eleni,Shriver,Drew
Shriver,Jayme,Scobee,Yuki,Shriver,Trae
Shriver,Quayshawn,Scobee,Eleni,Shriver,Drew
Shriver,Zaria,Scobee,Yuki,Shriver,Trae
Shriver,Landen,Scobee,Eleni,Shriver,Drew
Shriver,Melody,Scobee,Yuki,Shriver,Trae
Shriver,Seth,Scobee,Eleni,Shriver,Drew
Shriver,Leigh,Scobee,Yuki,Shriver,Trae
Shriver,Bo,Scobee,Eleni,Shriver,Drew
Shriver,Brianna,Scobee,Yuki,Shriver,Trae
Shriver,Rafael,Scobee,Yuki,Shriver,Trae
Shriver,Sharae,Scobee,Anjelica,Shriver,Norman
Shriver,Quentin,Scobee,Yuki,Shriver,Trae
Shriver,Mariela,Scobee,Anjelica,Shriver,Norman
Shriver,Santana,Scobee,Yuki,Shriver,Trae
Shriver,Renee,Scobee,Anjelica,Shriver,Norman
Shriver,Nicolas,Scobee,Yuki,Shriver,Trae
Shriver,Arianna,Scobee,Anjelica,Shriver,Norman
Shriver,Emmitt,Scobee,Yuki,Shriver,Trae
Shriver,Synthia,Scobee,Anjelica,Shriver,Norman
Shriver,Saxon,Scobee,Yuki,Shriver,Trae
Shriver,Daphne,Scobee,Anjelica,Shriver,Norman
Shriver,Diego,Scobee,Yuki,Shriver,Trae
Shriver,Ryann,Scobee,Delanie,Shriver,Dean
Shriver,Justus,Scobee,Yuki,Shriver,Trae
Shriver,Kelly,Scobee,Delanie,Shriver,Dean
Shriver,Paul,Scobee,Yuki,Shriver,Trae
Shriver,Paulina,Scobee,Delanie,Shriver,Dean
Shriver,Jessie,Scobee,Anjelica,Shriver,Norman
Shriver,Reina,Scobee,Delanie,Shriver,Dean
Shriver,Noah,Scobee,Anjelica,Shriver,Norman
Shriver,Myra,Scobee,Delanie,Shriver,Dean
Shriver,Augustus,Scobee,Anjelica,Shriver,Norman
Shriver,Alissa,Scobee,Delanie,Shriver,Dean
Shriver,Jaylon,Scobee,Anjelica,Shriver,Norman
Shriver,Violet,Scobee,Kellie,Shriver,Rodney
Shriver,Kayle,Scobee,Anjelica,Shriver,Norman
Shriver,Krystan,Scobee,Kellie,Shriver,Rodney
Shriver,Mike,Scobee,Anjelica,Shriver,Norman
Shriver,Jaida,Scobee,Kellie,Shriver,Rodney
Shriver,Oliver,Scobee,Anjelica,Shriver,Norman
Shriver,Aylssa,Scobee,Kellie,Shriver,Rodney
Shriver,Darrell,Scobee,Anjelica,Shriver,Norman
Shriver,Colleen,Scobee,Kellie,Shriver,Rodney
Shriver,Jermaine,Scobee,Anjelica,Shriver,Norman
Shriver,Dana,Scobee,Kellie,Shriver,Rodney
Shriver,Kyler,Scobee,Delanie,Shriver,Dean
Patrick,Tatianna,Lovell,Celia,Patrick,Lee
Shriver,Jordin,Scobee,Delanie,Shriver,Dean
Patrick,Taylorann,Lovell,Celia,Patrick,Lee
Shriver,Abraham,Scobee,Delanie,Shriver,Dean
Patrick,Bailey,Lovell,Celia,Patrick,Lee
Shriver,Carson,Scobee,Delanie,Shriver,Dean
Patrick,Cassidy,Lovell,Celia,Patrick,Lee
Shriver,Cooper,Scobee,Delanie,Shriver,Dean
Patrick,Kelly,Lovell,Celia,Patrick,Lee
Shriver,Gunnar,Scobee,Delanie,Shriver,Dean
Patrick,Keiarra,Lovell,Celia,Patrick,Lee
Shriver,Paris,Scobee,Delanie,Shriver,Dean
Patrick,Blanca,Lovell,Celia,Patrick,Lee
Shriver,Brennan,Scobee,Delanie,Shriver,Dean
Patrick,Carolina,Lovell,Celia,Patrick,Lee
Shriver,Sammie,Scobee,Delanie,Shriver,Dean
Patrick,Kacie,Lovell,Nyla,Patrick,Jaquan
Shriver,Nathaniel,Scobee,Delanie,Shriver,Dean
Patrick,Angel,Lovell,Nyla,Patrick,Jaquan
Shriver,Marshall,Scobee,Delanie,Shriver,Dean
Patrick,Jenny,Lovell,Nyla,Patrick,Jaquan
Shriver,Logan,Scobee,Delanie,Shriver,Dean
Patrick,Marianne,Lovell,Nyla,Patrick,Jaquan
Shriver,Jack,Scobee,Kellie,Shriver,Rodney
Patrick,Joceline,Musgrave,Lizette,Patrick,Courtney
Shriver,Myron,Scobee,Kellie,Shriver,Rodney
Patrick,Maegan,Musgrave,Lizette,Patrick,Courtney
Shriver,Danny,Scobee,Kellie,Shriver,Rodney
Patrick,Jennifer,Musgrave,Lizette,Patrick,Courtney
Shriver,Dwayne,Scobee,Kellie,Shriver,Rodney
Patrick,Linsey,Musgrave,Lizette,Patrick,Courtney
Shriver,Tanner,Scobee,Kellie,Shriver,Rodney
Patrick,Alexa,Musgrave,Lizette,Patrick,Courtney
Shriver,Chadwick,Scobee,Kellie,Shriver,Rodney
Patrick,Tristan,Musgrave,Zulema,Patrick,Anton
Shriver,Ronnie,Scobee,Kellie,Shriver,Rodney
Anders,Cierra,Musgrave,Sunny,Anders,Edgardo
Shriver,Rasheed,Scobee,Kellie,Shriver,Rodney
Anders,Jana,Musgrave,Sunny,Anders,Edgardo
Shriver,Lorenzo,Scobee,Kellie,Shriver,Rodney
Anders,Hunter,Musgrave,Sunny,Anders,Edgardo
Patrick,Baby,Lovell,Celia,Patrick,Lee
Anders,Tyra,Musgrave,Sunny,Anders,Edgardo
Patrick,Jeremiah,Lovell,Celia,Patrick,Lee
Anders,Devin,Musgrave,Martha,Anders,Howard
Patrick,Sahil,Lovell,Celia,Patrick,Lee
Anders,Joceline,Musgrave,Martha,Anders,Howard
Patrick,Chandler,Lovell,Celia,Patrick,Lee
Anders,Judy,Musgrave,Martha,Anders,Howard
Patrick,Jeramie,Lovell,Celia,Patrick,Lee
Anders,Janeth,Musgrave,Martha,Anders,Howard
Patrick,Trevon,Lovell,Celia,Patrick,Lee
Anders,Annabel,Musgrave,Martha,Anders,Howard
Patrick,Grayson,Lovell,Celia,Patrick,Lee
Anders,Rebeca,Musgrave,Martha,Anders,Howard
Patrick,Noe,Lovell,Nyla,Patrick,Jaquan
Anders,Thalia,Musgrave,Martha,Anders,Howard
Patrick,Kurt,Lovell,Nyla,Patrick,Jaquan
Anders,Michele,Musgrave,Martha,Anders,Howard
Patrick,Jamel,Lovell,Nyla,Patrick,Jaquan
Anders,Ebony,Musgrave,Martha,Anders,Howard
Patrick,Billy,Musgrave,Lizette,Patrick,Courtney
Anders,Juliana,Musgrave,Martha,Anders,Howard
Patrick,Ross,Musgrave,Lizette,Patrick,Courtney
Anders,Britni,Musgrave,Drew,Anders,Kory
Patrick,Romello,Musgrave,Lizette,Patrick,Courtney
Anders,Dayana,Musgrave,Drew,Anders,Kory
Patrick,Philip,Musgrave,Lizette,Patrick,Courtney
Anders,Yahaira,Musgrave,Drew,Anders,Kory
Patrick,Ryan,Musgrave,Lizette,Patrick,Courtney
Anders,Elsa,Musgrave,Drew,Anders,Kory
Patrick,Keanu,Musgrave,Lizette,Patrick,Courtney
Anders,Rosa,Musgrave,Drew,Anders,Kory
Patrick,Emanuel,Musgrave,Lizette,Patrick,Courtney
Anders,Keana,Musgrave,Drew,Anders,Kory
Patrick,Jaime,Musgrave,Lizette,Patrick,Courtney
Anders,Aria,Musgrave,Drew,Anders,Kory
Patrick,Ali,Musgrave,Lizette,Patrick,Courtney
Anders,Keila,Musgrave,Drew,Anders,Kory
Patrick,Tad,Musgrave,Lizette,Patrick,Courtney
Scobee,Dania,Musgrave,Teagan,Scobee,Brogan
Patrick,Ezra,Musgrave,Lizette,Patrick,Courtney
Scobee,Cheyanne,Musgrave,Teagan,Scobee,Brogan
Patrick,Rudy,Musgrave,Lizette,Patrick,Courtney
Scobee,Adrienne,Musgrave,Teagan,Scobee,Brogan
Patrick,Jared,Musgrave,Lizette,Patrick,Courtney
Scobee,Claudia,Musgrave,Teagan,Scobee,Brogan
Patrick,Lionel,Musgrave,Zulema,Patrick,Anton
Scobee,Cameron,Musgrave,Teagan,Scobee,Brogan
Patrick,John,Musgrave,Zulema,Patrick,Anton
Scobee,Madeline,Musgrave,Teagan,Scobee,Brogan
Anders,Royce,Musgrave,Sunny,Anders,Edgardo
Scobee,India,Kennedy,Cynthia,Scobee,Anibal
Anders,Khalid,Musgrave,Sunny,Anders,Edgardo
Scobee,Regan,Kennedy,Cynthia,Scobee,Anibal
Anders,Antoine,Musgrave,Sunny,Anders,Edgardo
Scobee,Jacquelyn,Kennedy,Cynthia,Scobee,Anibal
Anders,Shan,Musgrave,Sunny,Anders,Edgardo
Scobee,Abbey,Kennedy,Cynthia,Scobee,Anibal
Anders,Keifer,Musgrave,Sunny,Anders,Edgardo
Scobee,Antonia,Kennedy,Cynthia,Scobee,Anibal
Anders,Forest,Musgrave,Martha,Anders,Howard
Scobee,Keyshla,Kennedy,Cynthia,Scobee,Anibal
Anders,Peter,Musgrave,Martha,Anders,Howard
Scobee,Suzanne,Kennedy,Cynthia,Scobee,Anibal
Anders,Jacob,Musgrave,Martha,Anders,Howard
Scobee,Catalina,Kennedy,Julie,Scobee,Callum
Anders,Jerome,Musgrave,Martha,Anders,Howard
Scobee,Selina,Kennedy,Julie,Scobee,Callum
Anders,Jovan,Musgrave,Martha,Anders,Howard
Scobee,Bethany,Kennedy,Julie,Scobee,Callum
Anders,Joan,Musgrave,Martha,Anders,Howard
Scobee,Frances,Kennedy,Julie,Scobee,Callum
Anders,Diamond,Musgrave,Martha,Anders,Howard
Scobee,Michal,Kennedy,Krysta,Scobee,Keegan
Anders,Carter,Musgrave,Drew,Anders,Kory
Scobee,Dixie,Kennedy,Krysta,Scobee,Keegan
Anders,Parker,Musgrave,Drew,Anders,Kory
Scobee,Chloie,Kennedy,Krysta,Scobee,Keegan
Anders,Jorge,Musgrave,Drew,Anders,Kory
Scobee,Sania,Kennedy,Krysta,Scobee,Keegan
Anders,Adam,Musgrave,Drew,Anders,Kory
Scobee,Caroline,Kennedy,Krysta,Scobee,Keegan
Anders,Conor,Musgrave,Drew,Anders,Kory
Scobee,Jami,Kennedy,Krysta,Scobee,Keegan
Anders,Deontae,Musgrave,Drew,Anders,Kory
Scobee,Nichelle,Kennedy,Krysta,Scobee,Keegan
Anders,Hiram,Musgrave,Drew,Anders,Kory
Scobee,Alyson,Kennedy,Krysta,Scobee,Keegan
Anders,Jamel,Musgrave,Drew,Anders,Kory
Scobee,Cassandra,Kennedy,Krysta,Scobee,Keegan
Anders,Tysheem,Musgrave,Drew,Anders,Kory
Scobee,Anamaria,Kennedy,Amina,Scobee,Chase
Anders,Kai,Musgrave,Drew,Anders,Kory
Scobee,Geneva,Kennedy,Amina,Scobee,Chase
Scobee,Nickalus,Musgrave,Teagan,Scobee,Brogan
Scobee,Francesca,Kennedy,Amina,Scobee,Chase
Scobee,Carl,Musgrave,Teagan,Scobee,Brogan
Scobee,Sara,Kennedy,Amina,Scobee,Chase
Scobee,Jeffrey,Musgrave,Teagan,Scobee,Brogan
Scobee,Magdalena,Kennedy,Amina,Scobee,Chase
Scobee,August,Musgrave,Teagan,Scobee,Brogan
Scobee,Alysha,Kennedy,Amina,Scobee,Chase
Scobee,Josue,Musgrave,Teagan,Scobee,Brogan
Scobee,Christie,Kennedy,Amina,Scobee,Chase
Scobee,Demetrius,Musgrave,Teagan,Scobee,Brogan
Lovell,Mona,Kennedy,Jennifer,Lovell,Elvin
Scobee,Elijah,Musgrave,Teagan,Scobee,Brogan
Lovell,Carina,Kennedy,Jennifer,Lovell,Elvin
Scobee,Jovon,Musgrave,Teagan,Scobee,Brogan
Lovell,Katerina,Kennedy,Jennifer,Lovell,Elvin
Scobee,Chad,Kennedy,Cynthia,Scobee,Anibal
Lovell,Susanna,Kennedy,Jennifer,Lovell,Elvin
Scobee,Jeff,Kennedy,Cynthia,Scobee,Anibal
Lovell,Jessica,Kennedy,Jennifer,Lovell,Elvin
Scobee,Irvin,Kennedy,Cynthia,Scobee,Anibal
Lovell,Camilla,Kennedy,Jennifer,Lovell,Elvin
Scobee,Rudy,Kennedy,Cynthia,Scobee,Anibal
Lovell,Elizabet,Kennedy,Jennifer,Lovell,Elvin
Scobee,Drake,Kennedy,Cynthia,Scobee,Anibal
Lovell,Karlee,Kennedy,Jennifer,Lovell,Elvin
Scobee,Larry,Kennedy,Cynthia,Scobee,Anibal
Lovell,Madilyn,Kennedy,Jennifer,Lovell,Elvin
Scobee,Kelsey,Kennedy,Cynthia,Scobee,Anibal
Lovell,Salena,Kennedy,Linda,Lovell,Trentin
Scobee,Jayson,Kennedy,Cynthia,Scobee,Anibal
Lovell,Bridgett,Kennedy,Linda,Lovell,Trentin
Scobee,Micheal,Kennedy,Cynthia,Scobee,Anibal
Lovell,Shae,Kennedy,Linda,Lovell,Trentin
Scobee,Spencer,Kennedy,Cynthia,Scobee,Anibal
Lovell,Khaliah,Kennedy,Linda,Lovell,Trentin
Scobee,Ezekiel,Kennedy,Cynthia,Scobee,Anibal
Musgrave,Tess,Kennedy,Imelda,Musgrave,Nickolas
Scobee,Gerard,Kennedy,Cynthia,Scobee,Anibal
Musgrave,Destiana,Kennedy,Imelda,Musgrave,Nickolas
Scobee,Isaac,Kennedy,Julie,Scobee,Callum
Musgrave,Aisha,Kennedy,Imelda,Musgrave,Nickolas
Scobee,Myles,Kennedy,Julie,Scobee,Callum
Musgrave,Maison,Kennedy,Imelda,Musgrave,Nickolas
Scobee,Christophe,Kennedy,Julie,Scobee,Callum
Musgrave,Adele,Kennedy,Imelda,Musgrave,Nickolas
Scobee,Wayne,Kennedy,Julie,Scobee,Callum
Musgrave,Marjorie,Kennedy,Imelda,Musgrave,Nickolas
Scobee,Quanterriu,Kennedy,Julie,Scobee,Callum
Musgrave,Aileen,Kennedy,Imelda,Musgrave,Nickolas
