Lind,Griffin,Mastracchio,Bridget,Lind,Quayshawn
Graveline,Jonae,Mullane,Logan,Graveline,Van
Shaw,Campbell,Pierce,Marjorie,Shaw,Saxon
Cernan,Myra,Walker,Mckayla,Cernan,Austyn
Jackson,Melvin,Gregory,Ciara,Jackson,Gordon
Noriega,Sheridan,White,Silvia,Noriega,Bjorn
Fillmore,Dane,Onizuka,Shyla,Fillmore,Reed
Brady,Yesenia,Thagard,Annalisa,Brady,Justin
Holmquest,Deon,Coolidge,Bryana,Holmquest,Talon
Allen,Shanice,Barry,Baby,Allen,Rhett
Wilcutt,Jayson,McArthur,Lexi,Wilcutt,Sydney
Voss,Alissa,Grissom,Julia,Voss,Emmitt
Akers,Jesse,Edwards,Rosemary,Akers,Darren
Fullerton,Chanel,Lindsey,Dylan,Fullerton,Frankie
Cooper,Bobby,Resnik,Yaritza,Cooper,Luke
Gorie,Jeffrey,Bursch,Laurel,Gorie,Daylon
Pettit,Terrance,Hudson,Patricia,Pettit,Marco
Blaha,Jessa,Harding,Olga,Blaha,Santos
Lind,Earl,Graveline,Jonae,Lind,Griffin
Johnson,Kenzie,Buchli,Cassidy,Johnson,Sunny
Lind,Darrin,Graveline,Jonae,Lind,Griffin
Low,Evelin,Bowersox,Karissa,Low,Deshaun
Lind,Slaten,Graveline,Jonae,Lind,Griffin
McMonagle,Blaze,Cox,Alisia,McMonagle,Armando
Lind,Ryen,Graveline,Jonae,Lind,Griffin
Graveline,Keri,Hartsfield,Caitlynn,Graveline,Jayden
Shaw,Spencer,Cernan,Myra,Shaw,Campbell
Chamitoff,Rani,Gardner,Tamra,Chamitoff,Andreas
Shaw,Irvin,Cernan,Myra,Shaw,Campbell
Hobaugh,Annika,Ivins,Hallie,Hobaugh,Zaquan
Shaw,Jesse,Cernan,Myra,Shaw,Campbell
McCool,Nereida,Ewing,Ladaysha,McCool,Dashane
Shaw,Jonathon,Cernan,Myra,Shaw,Campbell
Herrington,Kendal,Hayes,Quinn,Herrington,Anders
Shaw,Dominic,Cernan,Myra,Shaw,Campbell
Moore,Carli,Chapman,Kourtney,Moore,Heriberto
Shaw,Habram,Cernan,Myra,Shaw,Campbell
Stefanyshyn,Ashton,Schweickart,Diana,Stefanyshyn,Mauro
Shaw,Andrew,Cernan,Myra,Shaw,Campbell
Bagian,Emilia,Tyler,Francisca,Bagian,Jean
Jackson,Brendan,Noriega,Sheridan,Jackson,Melvin
Allen,Mckayla,Ross,Destiny,Allen,Samuel
Jackson,Trent,Noriega,Sheridan,Jackson,Melvin
Lind,Kate,Graveline,Jonae,Lind,Griffin
Jackson,Anthony,Noriega,Sheridan,Jackson,Melvin
Lind,Reyanna,Graveline,Jonae,Lind,Griffin
Jackson,Brice,Noriega,Sheridan,Jackson,Melvin
Lind,Nathalie,Graveline,Jonae,Lind,Griffin
Jackson,Collin,Noriega,Sheridan,Jackson,Melvin
Lind,Guadalupe,Graveline,Jonae,Lind,Griffin
Jackson,Walter,Noriega,Sheridan,Jackson,Melvin
Lind,Macey,Graveline,Jonae,Lind,Griffin
Jackson,Stanley,Noriega,Sheridan,Jackson,Melvin
Shaw,Kassidy,Cernan,Myra,Shaw,Campbell
Jackson,Clifford,Noriega,Sheridan,Jackson,Melvin
Shaw,Brooke,Cernan,Myra,Shaw,Campbell
Jackson,Daryl,Noriega,Sheridan,Jackson,Melvin
Shaw,Holland,Cernan,Myra,Shaw,Campbell
Fillmore,Darius,Brady,Yesenia,Fillmore,Dane
Shaw,Jaymi,Cernan,Myra,Shaw,Campbell
Fillmore,Rahim,Brady,Yesenia,Fillmore,Dane
Shaw,Bayleigh,Cernan,Myra,Shaw,Campbell
Fillmore,Guillermo,Brady,Yesenia,Fillmore,Dane
Shaw,Synthia,Cernan,Myra,Shaw,Campbell
Fillmore,Kelson,Brady,Yesenia,Fillmore,Dane
Shaw,Elise,Cernan,Myra,Shaw,Campbell
Fillmore,German,Brady,Yesenia,Fillmore,Dane
Shaw,Symphony,Cernan,Myra,Shaw,Campbell
Fillmore,Jake,Brady,Yesenia,Fillmore,Dane
Jackson,Fabiola,Noriega,Sheridan,Jackson,Melvin
Holmquest,Anthoni,Allen,Shanice,Holmquest,Deon
Jackson,Kaira,Noriega,Sheridan,Jackson,Melvin
Holmquest,Dennis,Allen,Shanice,Holmquest,Deon
Jackson,Mckenna,Noriega,Sheridan,Jackson,Melvin
Wilcutt,Denver,Voss,Alissa,Wilcutt,Jayson
Jackson,Tyra,Noriega,Sheridan,Jackson,Melvin
Wilcutt,Guy,Voss,Alissa,Wilcutt,Jayson
Jackson,Dina,Noriega,Sheridan,Jackson,Melvin
Wilcutt,Bill,Voss,Alissa,Wilcutt,Jayson
Jackson,Aundrea,Noriega,Sheridan,Jackson,Melvin
Wilcutt,Cullen,Voss,Alissa,Wilcutt,Jayson
Jackson,Loni,Noriega,Sheridan,Jackson,Melvin
Wilcutt,Kolton,Voss,Alissa,Wilcutt,Jayson
Jackson,Mayra,Noriega,Sheridan,Jackson,Melvin
Wilcutt,Quinn,Voss,Alissa,Wilcutt,Jayson
Jackson,Katerina,Noriega,Sheridan,Jackson,Melvin
Wilcutt,Cedric,Voss,Alissa,Wilcutt,Jayson
Fillmore,Darrian,Brady,Yesenia,Fillmore,Dane
Wilcutt,Cristobal,Voss,Alissa,Wilcutt,Jayson
Fillmore,Connie,Brady,Yesenia,Fillmore,Dane
Wilcutt,Anthony,Voss,Alissa,Wilcutt,Jayson
Fillmore,Octavia,Brady,Yesenia,Fillmore,Dane
Wilcutt,Brennen,Voss,Alissa,Wilcutt,Jayson
Fillmore,Marian,Brady,Yesenia,Fillmore,Dane
Wilcutt,Cruz,Voss,Alissa,Wilcutt,Jayson
Fillmore,Krysta,Brady,Yesenia,Fillmore,Dane
Akers,Sebastien,Fullerton,Chanel,Akers,Jesse
Holmquest,Tammy,Allen,Shanice,Holmquest,Deon
Akers,Lloyd,Fullerton,Chanel,Akers,Jesse
Holmquest,Estefania,Allen,Shanice,Holmquest,Deon
Akers,Misael,Fullerton,Chanel,Akers,Jesse
Wilcutt,Viviana,Voss,Alissa,Wilcutt,Jayson
Akers,Daquan,Fullerton,Chanel,Akers,Jesse
Wilcutt,Aleasha,Voss,Alissa,Wilcutt,Jayson
Akers,Raymond,Fullerton,Chanel,Akers,Jesse
Wilcutt,Austin,Voss,Alissa,Wilcutt,Jayson
Akers,Terry,Fullerton,Chanel,Akers,Jesse
Wilcutt,Roxanne,Voss,Alissa,Wilcutt,Jayson
Akers,Colt,Fullerton,Chanel,Akers,Jesse
Wilcutt,Camille,Voss,Alissa,Wilcutt,Jayson
Akers,Deleon,Fullerton,Chanel,Akers,Jesse
Wilcutt,Kelsie,Voss,Alissa,Wilcutt,Jayson
Akers,Rafael,Fullerton,Chanel,Akers,Jesse
Akers,Holly,Fullerton,Chanel,Akers,Jesse
Akers,Brenton,Fullerton,Chanel,Akers,Jesse
Akers,Casie,Fullerton,Chanel,Akers,Jesse
Akers,Mathew,Fullerton,Chanel,Akers,Jesse
Akers,Eleni,Fullerton,Chanel,Akers,Jesse
Cooper,Lars,Gorie,Jeffrey,Cooper,Bobby
Akers,Anastasia,Fullerton,Chanel,Akers,Jesse
Cooper,Jai,Gorie,Jeffrey,Cooper,Bobby
Akers,Mackenna,Fullerton,Chanel,Akers,Jesse
Cooper,Cody,Gorie,Jeffrey,Cooper,Bobby
Cooper,Anisha,Gorie,Jeffrey,Cooper,Bobby
Pettit,Derrick,Blaha,Jessa,Pettit,Terrance
Cooper,Tasha,Gorie,Jeffrey,Cooper,Bobby
Pettit,Bennie,Blaha,Jessa,Pettit,Terrance
Pettit,Alisia,Blaha,Jessa,Pettit,Terrance
Pettit,Andy,Blaha,Jessa,Pettit,Terrance
Pettit,Kristina,Blaha,Jessa,Pettit,Terrance
Pettit,Fredrick,Blaha,Jessa,Pettit,Terrance
Pettit,Cherokee,Blaha,Jessa,Pettit,Terrance
Pettit,Bret,Blaha,Jessa,Pettit,Terrance
Pettit,Zoe,Blaha,Jessa,Pettit,Terrance
Lind,Sammie,Johnson,Kenzie,Lind,Earl
Pettit,Mallory,Blaha,Jessa,Pettit,Terrance
Lind,Sawyer,Johnson,Kenzie,Lind,Earl
Lind,Tawny,Johnson,Kenzie,Lind,Earl
Lind,Lauren,Johnson,Kenzie,Lind,Earl
Lind,Tyra,Johnson,Kenzie,Lind,Earl
Lind,Joe,Johnson,Kenzie,Lind,Earl
Lind,Clara,Johnson,Kenzie,Lind,Earl
Lind,Richard,Low,Evelin,Lind,Darrin
Lind,Lexus,Johnson,Kenzie,Lind,Earl
Lind,Tomas,Low,Evelin,Lind,Darrin
Lind,Sarahi,Johnson,Kenzie,Lind,Earl
Lind,Ronny,Low,Evelin,Lind,Darrin
Lind,Chana,Johnson,Kenzie,Lind,Earl
Lind,Ricky,Low,Evelin,Lind,Darrin
Lind,Myra,Johnson,Kenzie,Lind,Earl
Lind,Davon,McMonagle,Blaze,Lind,Slaten
Lind,Rebecca,Johnson,Kenzie,Lind,Earl
Lind,Jacob,McMonagle,Blaze,Lind,Slaten
Lind,Josey,Low,Evelin,Lind,Darrin
Lind,Angelo,McMonagle,Blaze,Lind,Slaten
Lind,Ravin,Low,Evelin,Lind,Darrin
Lind,Dean,McMonagle,Blaze,Lind,Slaten
Lind,Amina,Low,Evelin,Lind,Darrin
Lind,Skylar,McMonagle,Blaze,Lind,Slaten
Lind,Klee,Low,Evelin,Lind,Darrin
Lind,Grady,McMonagle,Blaze,Lind,Slaten
Lind,Terra,Low,Evelin,Lind,Darrin
Lind,Jovan,McMonagle,Blaze,Lind,Slaten
Lind,Maricela,McMonagle,Blaze,Lind,Slaten
Lind,Mohamed,McMonagle,Blaze,Lind,Slaten
Lind,Johanna,McMonagle,Blaze,Lind,Slaten
Lind,Alek,McMonagle,Blaze,Lind,Slaten
Lind,Kianna,McMonagle,Blaze,Lind,Slaten
Lind,Franklin,McMonagle,Blaze,Lind,Slaten
Lind,Ivelisse,McMonagle,Blaze,Lind,Slaten
Lind,Diondre,McMonagle,Blaze,Lind,Slaten
Lind,Kenzie,McMonagle,Blaze,Lind,Slaten
Lind,Luciano,McMonagle,Blaze,Lind,Slaten
Lind,Kaelyn,McMonagle,Blaze,Lind,Slaten
Lind,Shaun,Graveline,Keri,Lind,Ryen
Lind,Annie,Graveline,Keri,Lind,Ryen
Lind,Brendon,Graveline,Keri,Lind,Ryen
Lind,Debra,Graveline,Keri,Lind,Ryen
Lind,Cedric,Graveline,Keri,Lind,Ryen
Lind,Anamaria,Graveline,Keri,Lind,Ryen
Lind,Truman,Graveline,Keri,Lind,Ryen
Lind,Kelsy,Graveline,Keri,Lind,Ryen
Lind,Rowan,Graveline,Keri,Lind,Ryen
Lind,Jaycie,Graveline,Keri,Lind,Ryen
Lind,Tavon,Graveline,Keri,Lind,Ryen
Lind,Carlye,Graveline,Keri,Lind,Ryen
Lind,Kamau,Graveline,Keri,Lind,Ryen
Lind,Cynthia,Graveline,Keri,Lind,Ryen
Shaw,Graham,Chamitoff,Rani,Shaw,Spencer
Shaw,Tarah,Chamitoff,Rani,Shaw,Spencer
Shaw,German,Chamitoff,Rani,Shaw,Spencer
Shaw,Justice,Hobaugh,Annika,Shaw,Irvin
Shaw,Tevin,Hobaugh,Annika,Shaw,Irvin
Shaw,Xian,Hobaugh,Annika,Shaw,Irvin
Shaw,Devon,Hobaugh,Annika,Shaw,Irvin
Shaw,Devon,Hobaugh,Annika,Shaw,Irvin
Shaw,Julian,Hobaugh,Annika,Shaw,Irvin
Shaw,Lisette,Hobaugh,Annika,Shaw,Irvin
Shaw,Santos,Hobaugh,Annika,Shaw,Irvin
Shaw,Jhane,Hobaugh,Annika,Shaw,Irvin
Van,Mullane,Logan,Cernan,Austyn
Shaw,Shawn,Hobaugh,Annika,Shaw,Irvin
Shaw,Jaime,Hobaugh,Annika,Shaw,Irvin
Shaw,Cooper,Hobaugh,Annika,Shaw,Irvin
Shaw,Danielle,Hobaugh,Annika,Shaw,Irvin
Shaw,Darrell,McCool,Nereida,Shaw,Jesse
Shaw,Kristi,Hobaugh,Annika,Shaw,Irvin
Shaw,Gunnar,McCool,Nereida,Shaw,Jesse
Shaw,Alysha,Hobaugh,Annika,Shaw,Irvin
Shaw,Oren,McCool,Nereida,Shaw,Jesse
Shaw,Debora,Hobaugh,Annika,Shaw,Irvin
Shaw,Shemar,McCool,Nereida,Shaw,Jesse
Shaw,Kitana,Hobaugh,Annika,Shaw,Irvin
Shaw,Darian,McCool,Nereida,Shaw,Jesse
Shaw,Mariana,Hobaugh,Annika,Shaw,Irvin
Shaw,Winston,McCool,Nereida,Shaw,Jesse
Shaw,Jennifer,McCool,Nereida,Shaw,Jesse
Shaw,Domenic,McCool,Nereida,Shaw,Jesse
Shaw,Abbie,McCool,Nereida,Shaw,Jesse
Shaw,Norman,McCool,Nereida,Shaw,Jesse
Shaw,Brigid,McCool,Nereida,Shaw,Jesse
Shaw,Tracy,McCool,Nereida,Shaw,Jesse
Shaw,Cherie,McCool,Nereida,Shaw,Jesse
Shaw,Craig,McCool,Nereida,Shaw,Jesse
Shaw,Abbey,McCool,Nereida,Shaw,Jesse
Shaw,Anibal,McCool,Nereida,Shaw,Jesse
Shaw,Brittani,McCool,Nereida,Shaw,Jesse
Shaw,Jaylen,Herrington,Kendal,Shaw,Jonathon
Shaw,Tyler,Herrington,Kendal,Shaw,Jonathon
Shaw,Gage,Herrington,Kendal,Shaw,Jonathon
Shaw,Chastity,Herrington,Kendal,Shaw,Jonathon
Shaw,Griffin,Herrington,Kendal,Shaw,Jonathon
Shaw,Dylan,Herrington,Kendal,Shaw,Jonathon
Shaw,Patrick,Herrington,Kendal,Shaw,Jonathon
Shaw,Alisa,Moore,Carli,Shaw,Dominic
Shaw,Tyquan,Herrington,Kendal,Shaw,Jonathon
Shaw,Haven,Moore,Carli,Shaw,Dominic
Shaw,Keshaun,Herrington,Kendal,Shaw,Jonathon
Shaw,Hana,Moore,Carli,Shaw,Dominic
Shaw,Raymond,Herrington,Kendal,Shaw,Jonathon
Shaw,Nora,Moore,Carli,Shaw,Dominic
Shaw,Chance,Herrington,Kendal,Shaw,Jonathon
Shaw,Marivel,Moore,Carli,Shaw,Dominic
Shaw,Jajuan,Herrington,Kendal,Shaw,Jonathon
Shaw,Hanna,Stefanyshyn,Ashton,Shaw,Habram
Shaw,Felipe,Moore,Carli,Shaw,Dominic
Shaw,Evelin,Bagian,Emilia,Shaw,Andrew
Shaw,Vicente,Moore,Carli,Shaw,Dominic
Shaw,Daija,Bagian,Emilia,Shaw,Andrew
Shaw,Dorian,Moore,Carli,Shaw,Dominic
Shaw,Marcela,Bagian,Emilia,Shaw,Andrew
Shaw,Armando,Moore,Carli,Shaw,Dominic
Shaw,Bryanna,Bagian,Emilia,Shaw,Andrew
Shaw,Garrison,Moore,Carli,Shaw,Dominic
Shaw,Anna,Bagian,Emilia,Shaw,Andrew
Shaw,Guillermo,Stefanyshyn,Ashton,Shaw,Habram
Shaw,Isabel,Bagian,Emilia,Shaw,Andrew
Shaw,Rodolfo,Stefanyshyn,Ashton,Shaw,Habram
Shaw,Vivian,Bagian,Emilia,Shaw,Andrew
Shaw,Bryson,Stefanyshyn,Ashton,Shaw,Habram
Shaw,Shaylee,Bagian,Emilia,Shaw,Andrew
Shaw,Fredy,Bagian,Emilia,Shaw,Andrew
Shaw,Tristan,Bagian,Emilia,Shaw,Andrew
Shaw,Royce,Bagian,Emilia,Shaw,Andrew
Shaw,Celeste,Bagian,Emilia,Shaw,Andrew
Shaw,Daequan,Bagian,Emilia,Shaw,Andrew
Shaw,Tamera,Bagian,Emilia,Shaw,Andrew
Shaw,Kristian,Bagian,Emilia,Shaw,Andrew
Shaw,Vanessa,Bagian,Emilia,Shaw,Andrew
Shaw,Ian,Bagian,Emilia,Shaw,Andrew
Shaw,Adele,Bagian,Emilia,Shaw,Andrew
Shaw,Jessee,Bagian,Emilia,Shaw,Andrew
Shaw,Macy,Bagian,Emilia,Shaw,Andrew
Jackson,Weston,Allen,Mckayla,Jackson,Brendan
Jackson,Lorena,Allen,Mckayla,Jackson,Brendan
Jackson,Daxton,Allen,Mckayla,Jackson,Brendan
Jackson,Camila,Allen,Mckayla,Jackson,Brendan
Jackson,Zane,Allen,Mckayla,Jackson,Brendan
Jackson,Keisha,Allen,Mckayla,Jackson,Brendan
Jackson,Micheal,Allen,Mckayla,Jackson,Brendan
Jackson,Brionna,Allen,Mckayla,Jackson,Brendan
Jackson,Abraham,Allen,Mckayla,Jackson,Brendan
Jackson,Kendal,Lind,Kate,Jackson,Trent
Jackson,Charles,Allen,Mckayla,Jackson,Brendan
Jackson,Sienna,Lind,Kate,Jackson,Trent
Jackson,Sergio,Lind,Kate,Jackson,Trent
Jackson,Destiney,Lind,Kate,Jackson,Trent
Jackson,Freddy,Lind,Kate,Jackson,Trent
Jackson,Evangelina,Lind,Kate,Jackson,Trent
Jackson,Brody,Lind,Kate,Jackson,Trent
Jackson,Maribel,Lind,Kate,Jackson,Trent
Jackson,Stephan,Lind,Kate,Jackson,Trent
Jackson,Natasha,Lind,Kate,Jackson,Trent
Jackson,Latrell,Lind,Kate,Jackson,Trent
Jackson,Emiley,Lind,Kate,Jackson,Trent
Jackson,Ramiro,Lind,Kate,Jackson,Trent
Jackson,Ashli,Lind,Kate,Jackson,Trent
Jackson,Dusty,Lind,Reyanna,Jackson,Anthony
Jackson,Roxana,Lind,Reyanna,Jackson,Anthony
Jackson,Jacky,Lind,Reyanna,Jackson,Anthony
Jackson,Kailey,Lind,Reyanna,Jackson,Anthony
Jackson,Quintin,Lind,Reyanna,Jackson,Anthony
Jackson,Katelin,Lind,Reyanna,Jackson,Anthony
Jackson,Brendon,Lind,Reyanna,Jackson,Anthony
Jackson,Celeste,Lind,Nathalie,Jackson,Brice
Jackson,Amari,Lind,Reyanna,Jackson,Anthony
Jackson,Danae,Lind,Nathalie,Jackson,Brice
Jackson,Tristian,Lind,Reyanna,Jackson,Anthony
Jackson,Brittney,Lind,Nathalie,Jackson,Brice
Jackson,Ronny,Lind,Nathalie,Jackson,Brice
Jackson,Paola,Lind,Nathalie,Jackson,Brice
Jackson,Anders,Lind,Nathalie,Jackson,Brice
Jackson,Elyse,Lind,Nathalie,Jackson,Brice
Jackson,Karl,Lind,Nathalie,Jackson,Brice
Jackson,Marilyn,Lind,Nathalie,Jackson,Brice
Jackson,Joey,Lind,Nathalie,Jackson,Brice
Jackson,Mckenzie,Lind,Nathalie,Jackson,Brice
Jackson,Juan,Lind,Nathalie,Jackson,Brice
Jackson,Chloe,Lind,Nathalie,Jackson,Brice
Jackson,Elliot,Lind,Guadalupe,Jackson,Collin
Jackson,Diamond,Lind,Nathalie,Jackson,Brice
Jackson,Jesse,Lind,Guadalupe,Jackson,Collin
Jackson,Suleyma,Lind,Nathalie,Jackson,Brice
Jackson,Jean,Lind,Guadalupe,Jackson,Collin
Jackson,Tammy,Lind,Nathalie,Jackson,Brice
Jackson,Montana,Lind,Guadalupe,Jackson,Collin
Jackson,Sophie,Lind,Guadalupe,Jackson,Collin
Jackson,Leo,Lind,Guadalupe,Jackson,Collin
Jackson,Tasha,Lind,Guadalupe,Jackson,Collin
Jackson,Calvin,Lind,Guadalupe,Jackson,Collin
Jackson,Kelsie,Lind,Guadalupe,Jackson,Collin
Jackson,Marc,Lind,Guadalupe,Jackson,Collin
Jackson,Tia,Lind,Guadalupe,Jackson,Collin
Jackson,Deondre,Lind,Guadalupe,Jackson,Collin
Jackson,Joselyn,Lind,Guadalupe,Jackson,Collin
Jackson,Efren,Lind,Macey,Jackson,Walter
Jackson,Kyra,Lind,Guadalupe,Jackson,Collin
Jackson,Marshall,Lind,Macey,Jackson,Walter
Jackson,Bailee,Lind,Guadalupe,Jackson,Collin
Jackson,Lionel,Lind,Macey,Jackson,Walter
Jackson,Maeghan,Lind,Guadalupe,Jackson,Collin
Jackson,Maliki,Lind,Macey,Jackson,Walter
Jackson,Deborah,Lind,Guadalupe,Jackson,Collin
Jackson,Maverick,Lind,Macey,Jackson,Walter
Jackson,Graciela,Lind,Guadalupe,Jackson,Collin
Jackson,Reed,Lind,Macey,Jackson,Walter
Jackson,Jazmyne,Lind,Macey,Jackson,Walter
Jackson,Branden,Lind,Macey,Jackson,Walter
Jackson,Paula,Lind,Macey,Jackson,Walter
Jackson,Kaden,Lind,Macey,Jackson,Walter
Jackson,Shelly,Lind,Macey,Jackson,Walter
Jackson,Derick,Shaw,Kassidy,Jackson,Stanley
Jackson,Devany,Lind,Macey,Jackson,Walter
Jackson,Malachi,Shaw,Kassidy,Jackson,Stanley
Jackson,Bernadette,Lind,Macey,Jackson,Walter
Jackson,Wayne,Shaw,Brooke,Jackson,Clifford
Jackson,Dakota,Lind,Macey,Jackson,Walter
Jackson,Ryen,Shaw,Brooke,Jackson,Clifford
Jackson,Carli,Lind,Macey,Jackson,Walter
Jackson,Jayce,Shaw,Brooke,Jackson,Clifford
Jackson,Kitana,Shaw,Kassidy,Jackson,Stanley
Jackson,Jamal,Shaw,Brooke,Jackson,Clifford
Jackson,Georgia,Shaw,Kassidy,Jackson,Stanley
Jackson,Kelson,Shaw,Brooke,Jackson,Clifford
Jackson,Maegen,Shaw,Kassidy,Jackson,Stanley
Jackson,Tomas,Shaw,Holland,Jackson,Daryl
Jackson,Anisha,Shaw,Kassidy,Jackson,Stanley
Jackson,Elijah,Shaw,Holland,Jackson,Daryl
Jackson,Miracle,Shaw,Kassidy,Jackson,Stanley
Jackson,Harrison,Shaw,Holland,Jackson,Daryl
Jackson,Yvette,Shaw,Kassidy,Jackson,Stanley
Jackson,Rashad,Shaw,Holland,Jackson,Daryl
Jackson,Jessenia,Shaw,Kassidy,Jackson,Stanley
Jackson,Kenny,Shaw,Holland,Jackson,Daryl
Jackson,Iman,Shaw,Brooke,Jackson,Clifford
Fillmore,Leo,Shaw,Jaymi,Fillmore,Darius
Jackson,Harlie,Shaw,Brooke,Jackson,Clifford
Fillmore,Ty,Shaw,Bayleigh,Fillmore,Rahim
Jackson,Alejandra,Shaw,Brooke,Jackson,Clifford
Fillmore,Deric,Shaw,Bayleigh,Fillmore,Rahim
Jackson,Karly,Shaw,Brooke,Jackson,Clifford
Fillmore,Kareem,Shaw,Bayleigh,Fillmore,Rahim
Jackson,Kaylea,Shaw,Brooke,Jackson,Clifford
Fillmore,Kurt,Shaw,Bayleigh,Fillmore,Rahim
Jackson,Paxton,Shaw,Brooke,Jackson,Clifford
Fillmore,Carl,Shaw,Bayleigh,Fillmore,Rahim
Jackson,Amelia,Shaw,Brooke,Jackson,Clifford
Fillmore,Jairo,Shaw,Bayleigh,Fillmore,Rahim
Jackson,Ramona,Shaw,Brooke,Jackson,Clifford
Fillmore,Simon,Shaw,Synthia,Fillmore,Guillermo
Jackson,Ashton,Shaw,Holland,Jackson,Daryl
Fillmore,Fredy,Shaw,Synthia,Fillmore,Guillermo
Jackson,Mileena,Shaw,Holland,Jackson,Daryl
Fillmore,Quincy,Shaw,Synthia,Fillmore,Guillermo
Jackson,Caitriona,Shaw,Holland,Jackson,Daryl
Fillmore,Johan,Shaw,Synthia,Fillmore,Guillermo
Jackson,Yahaira,Shaw,Holland,Jackson,Daryl
Fillmore,Bernardo,Shaw,Elise,Fillmore,Kelson
Fillmore,Keiarra,Shaw,Jaymi,Fillmore,Darius
Fillmore,Caleb,Shaw,Elise,Fillmore,Kelson
Fillmore,Harley,Shaw,Jaymi,Fillmore,Darius
Fillmore,Howard,Shaw,Elise,Fillmore,Kelson
Fillmore,Shanna,Shaw,Jaymi,Fillmore,Darius
Fillmore,Jon,Shaw,Elise,Fillmore,Kelson
Fillmore,Kaitlin,Shaw,Jaymi,Fillmore,Darius
Fillmore,Callahan,Shaw,Elise,Fillmore,Kelson
Fillmore,Tiani,Shaw,Bayleigh,Fillmore,Rahim
Fillmore,Britt,Shaw,Elise,Fillmore,Kelson
Fillmore,Terra,Shaw,Synthia,Fillmore,Guillermo
Fillmore,Cruz,Shaw,Elise,Fillmore,Kelson
Fillmore,Fiona,Shaw,Synthia,Fillmore,Guillermo
Fillmore,Austen,Shaw,Elise,Fillmore,Kelson
Fillmore,Cristina,Shaw,Synthia,Fillmore,Guillermo
Fillmore,Damian,Shaw,Symphony,Fillmore,German
Fillmore,Kayla,Shaw,Synthia,Fillmore,Guillermo
Fillmore,Dion,Jackson,Fabiola,Fillmore,Jake
Fillmore,Marcia,Shaw,Elise,Fillmore,Kelson
Fillmore,Tysheem,Jackson,Fabiola,Fillmore,Jake
Fillmore,Mindi,Shaw,Elise,Fillmore,Kelson
Fillmore,Ariel,Jackson,Fabiola,Fillmore,Jake
Fillmore,Beatriz,Shaw,Elise,Fillmore,Kelson
Fillmore,Treshaun,Jackson,Fabiola,Fillmore,Jake
Fillmore,Fabiola,Shaw,Elise,Fillmore,Kelson
Fillmore,Michael,Jackson,Fabiola,Fillmore,Jake
Fillmore,Estefania,Shaw,Elise,Fillmore,Kelson
Fillmore,Terron,Jackson,Fabiola,Fillmore,Jake
Fillmore,Joanne,Shaw,Elise,Fillmore,Kelson
Holmquest,Jose,Jackson,Kaira,Holmquest,Anthoni
Fillmore,Taelor,Shaw,Elise,Fillmore,Kelson
Holmquest,Earl,Jackson,Kaira,Holmquest,Anthoni
Fillmore,Gabrielle,Shaw,Symphony,Fillmore,German
Holmquest,Deonta,Jackson,Kaira,Holmquest,Anthoni
Fillmore,Allana,Shaw,Symphony,Fillmore,German
Holmquest,Warren,Jackson,Kaira,Holmquest,Anthoni
Fillmore,Kenzie,Jackson,Fabiola,Fillmore,Jake
Holmquest,Jasen,Jackson,Kaira,Holmquest,Anthoni
Fillmore,Christie,Jackson,Fabiola,Fillmore,Jake
Holmquest,Rayquan,Jackson,Kaira,Holmquest,Anthoni
Fillmore,Zulema,Jackson,Fabiola,Fillmore,Jake
Holmquest,Brayden,Jackson,Kaira,Holmquest,Anthoni
Fillmore,Simone,Jackson,Fabiola,Fillmore,Jake
Holmquest,Ronald,Jackson,Kaira,Holmquest,Anthoni
Fillmore,Celia,Jackson,Fabiola,Fillmore,Jake
Holmquest,Emilio,Jackson,Kaira,Holmquest,Anthoni
Fillmore,Carli,Jackson,Fabiola,Fillmore,Jake
Holmquest,Deshawn,Jackson,Kaira,Holmquest,Anthoni
Fillmore,Colleen,Jackson,Fabiola,Fillmore,Jake
Holmquest,Edwin,Jackson,Mckenna,Holmquest,Dennis
Fillmore,Sommer,Jackson,Fabiola,Fillmore,Jake
Holmquest,Erich,Jackson,Mckenna,Holmquest,Dennis
Fillmore,Molli,Jackson,Fabiola,Fillmore,Jake
Holmquest,Simeon,Jackson,Mckenna,Holmquest,Dennis
Fillmore,Kiarra,Jackson,Fabiola,Fillmore,Jake
Holmquest,Toby,Jackson,Mckenna,Holmquest,Dennis
Holmquest,Shawna,Jackson,Kaira,Holmquest,Anthoni
Holmquest,Zachery,Jackson,Mckenna,Holmquest,Dennis
Holmquest,Suzette,Jackson,Kaira,Holmquest,Anthoni
Wilcutt,Braden,Jackson,Tyra,Wilcutt,Denver
Holmquest,Anja,Jackson,Kaira,Holmquest,Anthoni
Wilcutt,Ayub,Jackson,Tyra,Wilcutt,Denver
Holmquest,Halie,Jackson,Kaira,Holmquest,Anthoni
Wilcutt,Ravon,Jackson,Tyra,Wilcutt,Denver
Holmquest,Lauren,Jackson,Kaira,Holmquest,Anthoni
Wilcutt,Jashua,Jackson,Dina,Wilcutt,Guy
Holmquest,Leann,Jackson,Kaira,Holmquest,Anthoni
Wilcutt,Ibrahim,Jackson,Dina,Wilcutt,Guy
Holmquest,Brecken,Jackson,Kaira,Holmquest,Anthoni
Wilcutt,Austen,Jackson,Dina,Wilcutt,Guy
Holmquest,Mackenna,Jackson,Mckenna,Holmquest,Dennis
Wilcutt,Tony,Jackson,Aundrea,Wilcutt,Bill
Holmquest,Michaela,Jackson,Mckenna,Holmquest,Dennis
Wilcutt,Eddie,Jackson,Aundrea,Wilcutt,Bill
Holmquest,Margo,Jackson,Mckenna,Holmquest,Dennis
Wilcutt,Nikolas,Jackson,Aundrea,Wilcutt,Bill
Holmquest,Iridian,Jackson,Mckenna,Holmquest,Dennis
Wilcutt,Wilfredo,Jackson,Loni,Wilcutt,Cullen
Holmquest,Keyondra,Jackson,Mckenna,Holmquest,Dennis
Wilcutt,Kahlil,Jackson,Loni,Wilcutt,Cullen
Holmquest,Kristy,Jackson,Mckenna,Holmquest,Dennis
Wilcutt,Peyton,Jackson,Loni,Wilcutt,Cullen
Holmquest,Savannah,Jackson,Mckenna,Holmquest,Dennis
Wilcutt,Lars,Jackson,Mayra,Wilcutt,Kolton
Holmquest,Julianna,Jackson,Mckenna,Holmquest,Dennis
Wilcutt,Dakotah,Jackson,Mayra,Wilcutt,Kolton
Wilcutt,Sadia,Jackson,Tyra,Wilcutt,Denver
Wilcutt,Wade,Jackson,Mayra,Wilcutt,Kolton
Wilcutt,Kaylah,Jackson,Tyra,Wilcutt,Denver
Wilcutt,Titus,Jackson,Katerina,Wilcutt,Quinn
Wilcutt,Jazmyn,Jackson,Tyra,Wilcutt,Denver
Wilcutt,Wanya,Fillmore,Darrian,Wilcutt,Cedric
Wilcutt,Jenniffer,Jackson,Tyra,Wilcutt,Denver
Wilcutt,Leland,Fillmore,Darrian,Wilcutt,Cedric
Wilcutt,Krystan,Jackson,Tyra,Wilcutt,Denver
Wilcutt,Kristian,Fillmore,Darrian,Wilcutt,Cedric
Wilcutt,Lillie,Jackson,Tyra,Wilcutt,Denver
Wilcutt,Slaten,Fillmore,Darrian,Wilcutt,Cedric
Wilcutt,Joi,Jackson,Tyra,Wilcutt,Denver
Wilcutt,Gordon,Fillmore,Darrian,Wilcutt,Cedric
Wilcutt,Daisy,Jackson,Tyra,Wilcutt,Denver
Wilcutt,Khalid,Fillmore,Connie,Wilcutt,Cristobal
Wilcutt,Tiani,Jackson,Tyra,Wilcutt,Denver
Wilcutt,Emmitt,Fillmore,Connie,Wilcutt,Cristobal
Wilcutt,Anja,Jackson,Tyra,Wilcutt,Denver
Wilcutt,Alek,Fillmore,Connie,Wilcutt,Cristobal
Wilcutt,Dajah,Jackson,Tyra,Wilcutt,Denver
Wilcutt,Stephen,Fillmore,Connie,Wilcutt,Cristobal
Wilcutt,Charity,Jackson,Dina,Wilcutt,Guy
Wilcutt,Dyllon,Fillmore,Connie,Wilcutt,Cristobal
Wilcutt,Mckenna,Jackson,Dina,Wilcutt,Guy
Wilcutt,Jeremy,Fillmore,Octavia,Wilcutt,Anthony
Wilcutt,Ann,Jackson,Dina,Wilcutt,Guy
Wilcutt,Bernard,Fillmore,Octavia,Wilcutt,Anthony
Wilcutt,Abigail,Jackson,Aundrea,Wilcutt,Bill
Wilcutt,Eduardo,Fillmore,Octavia,Wilcutt,Anthony
Wilcutt,Katherine,Jackson,Aundrea,Wilcutt,Bill
Wilcutt,Kendall,Fillmore,Octavia,Wilcutt,Anthony
Wilcutt,Fiona,Jackson,Aundrea,Wilcutt,Bill
Wilcutt,Luis,Fillmore,Octavia,Wilcutt,Anthony
Wilcutt,Lexi,Jackson,Aundrea,Wilcutt,Bill
Wilcutt,Gannon,Fillmore,Octavia,Wilcutt,Anthony
Wilcutt,Maxine,Jackson,Aundrea,Wilcutt,Bill
Wilcutt,Malcolm,Fillmore,Octavia,Wilcutt,Anthony
Wilcutt,Sheri,Jackson,Loni,Wilcutt,Cullen
Wilcutt,Tristan,Fillmore,Marian,Wilcutt,Brennen
Wilcutt,Candace,Jackson,Mayra,Wilcutt,Kolton
Wilcutt,Edgardo,Fillmore,Marian,Wilcutt,Brennen
Wilcutt,Blair,Jackson,Mayra,Wilcutt,Kolton
Wilcutt,George,Fillmore,Krysta,Wilcutt,Cruz
Wilcutt,Macy,Jackson,Katerina,Wilcutt,Quinn
Akers,Tyson,Holmquest,Tammy,Akers,Sebastien
Wilcutt,Georgina,Jackson,Katerina,Wilcutt,Quinn
Akers,Edwin,Holmquest,Tammy,Akers,Sebastien
Wilcutt,Terra,Fillmore,Darrian,Wilcutt,Cedric
Akers,Charly,Holmquest,Tammy,Akers,Sebastien
Wilcutt,Berenice,Fillmore,Darrian,Wilcutt,Cedric
Akers,Maverick,Holmquest,Tammy,Akers,Sebastien
Wilcutt,Nakia,Fillmore,Darrian,Wilcutt,Cedric
Akers,Dalton,Holmquest,Tammy,Akers,Sebastien
Wilcutt,Benita,Fillmore,Darrian,Wilcutt,Cedric
Akers,Ervin,Holmquest,Tammy,Akers,Sebastien
Wilcutt,Yasmeen,Fillmore,Darrian,Wilcutt,Cedric
Akers,Daron,Holmquest,Tammy,Akers,Sebastien
Wilcutt,Brittani,Fillmore,Darrian,Wilcutt,Cedric
Akers,Randall,Holmquest,Tammy,Akers,Sebastien
Wilcutt,Linda,Fillmore,Darrian,Wilcutt,Cedric
Akers,Richard,Holmquest,Estefania,Akers,Lloyd
Wilcutt,Devany,Fillmore,Darrian,Wilcutt,Cedric
Akers,Zakery,Holmquest,Estefania,Akers,Lloyd
Wilcutt,Hannah,Fillmore,Darrian,Wilcutt,Cedric
Akers,Tristen,Holmquest,Estefania,Akers,Lloyd
Wilcutt,Mikala,Fillmore,Connie,Wilcutt,Cristobal
Akers,Clarence,Holmquest,Estefania,Akers,Lloyd
Wilcutt,Keishla,Fillmore,Connie,Wilcutt,Cristobal
Akers,Ignacio,Holmquest,Estefania,Akers,Lloyd
Wilcutt,Breann,Fillmore,Octavia,Wilcutt,Anthony
Akers,Esteban,Holmquest,Estefania,Akers,Lloyd
Wilcutt,Bailey,Fillmore,Octavia,Wilcutt,Anthony
Akers,Triston,Holmquest,Estefania,Akers,Lloyd
Wilcutt,Jadah,Fillmore,Octavia,Wilcutt,Anthony
Akers,Kylan,Holmquest,Estefania,Akers,Lloyd
Wilcutt,Dallas,Fillmore,Marian,Wilcutt,Brennen
Akers,Erin,Holmquest,Estefania,Akers,Lloyd
Wilcutt,Kaytlyn,Fillmore,Marian,Wilcutt,Brennen
Akers,Landin,Wilcutt,Viviana,Akers,Misael
Wilcutt,Lindsey,Fillmore,Marian,Wilcutt,Brennen
Akers,Jovan,Wilcutt,Viviana,Akers,Misael
Wilcutt,Jamee,Fillmore,Krysta,Wilcutt,Cruz
Akers,Easton,Wilcutt,Viviana,Akers,Misael
Wilcutt,Katheryn,Fillmore,Krysta,Wilcutt,Cruz
Akers,Allen,Wilcutt,Viviana,Akers,Misael
Wilcutt,Chandler,Fillmore,Krysta,Wilcutt,Cruz
Akers,Jevon,Wilcutt,Viviana,Akers,Misael
Wilcutt,Bobbie,Fillmore,Krysta,Wilcutt,Cruz
Akers,Alvaro,Wilcutt,Viviana,Akers,Misael
Akers,Theresa,Holmquest,Tammy,Akers,Sebastien
Akers,Nickalus,Wilcutt,Aleasha,Akers,Daquan
Akers,Kelly,Holmquest,Tammy,Akers,Sebastien
Akers,Glenn,Wilcutt,Aleasha,Akers,Daquan
Akers,Natalya,Holmquest,Tammy,Akers,Sebastien
Akers,Shea,Wilcutt,Aleasha,Akers,Daquan
Akers,Flor,Holmquest,Tammy,Akers,Sebastien
Akers,Nathaniel,Wilcutt,Aleasha,Akers,Daquan
Akers,Maia,Holmquest,Tammy,Akers,Sebastien
Akers,Justin,Wilcutt,Austin,Akers,Raymond
Akers,Susan,Holmquest,Tammy,Akers,Sebastien
Akers,Fabian,Wilcutt,Austin,Akers,Raymond
Akers,Katelynn,Holmquest,Tammy,Akers,Sebastien
Akers,Kyle,Wilcutt,Austin,Akers,Raymond
Akers,Marlen,Holmquest,Tammy,Akers,Sebastien
Akers,Wesley,Wilcutt,Austin,Akers,Raymond
Akers,Montana,Holmquest,Tammy,Akers,Sebastien
Akers,Gregory,Wilcutt,Austin,Akers,Raymond
Akers,Briana,Holmquest,Tammy,Akers,Sebastien
Akers,Quintyn,Wilcutt,Austin,Akers,Raymond
Akers,Keila,Holmquest,Tammy,Akers,Sebastien
Akers,Carter,Wilcutt,Austin,Akers,Raymond
Akers,Rocio,Holmquest,Estefania,Akers,Lloyd
Akers,Roman,Wilcutt,Austin,Akers,Raymond
Akers,Phoebe,Holmquest,Estefania,Akers,Lloyd
Akers,Kerry,Wilcutt,Roxanne,Akers,Terry
Akers,Shawn,Holmquest,Estefania,Akers,Lloyd
Akers,Pablo,Wilcutt,Roxanne,Akers,Terry
Akers,Arlene,Holmquest,Estefania,Akers,Lloyd
Akers,Chadwick,Wilcutt,Roxanne,Akers,Terry
Akers,Sonia,Holmquest,Estefania,Akers,Lloyd
Akers,Migel,Wilcutt,Roxanne,Akers,Terry
Akers,Skyler,Holmquest,Estefania,Akers,Lloyd
Akers,Eduardo,Wilcutt,Camille,Akers,Colt
Akers,Destiny,Holmquest,Estefania,Akers,Lloyd
Akers,Gavin,Wilcutt,Camille,Akers,Colt
Akers,Ana,Wilcutt,Viviana,Akers,Misael
Akers,Coleman,Wilcutt,Camille,Akers,Colt
Akers,Roxana,Wilcutt,Viviana,Akers,Misael
Akers,Evan,Wilcutt,Camille,Akers,Colt
Akers,Miracle,Wilcutt,Viviana,Akers,Misael
Akers,Paris,Wilcutt,Camille,Akers,Colt
Akers,Armani,Wilcutt,Viviana,Akers,Misael
Akers,Reese,Wilcutt,Camille,Akers,Colt
Akers,Renee,Wilcutt,Viviana,Akers,Misael
Akers,Trevin,Wilcutt,Camille,Akers,Colt
Akers,Noel,Wilcutt,Viviana,Akers,Misael
Akers,Tyran,Wilcutt,Camille,Akers,Colt
Akers,Yadira,Wilcutt,Viviana,Akers,Misael
Akers,Elmer,Wilcutt,Camille,Akers,Colt
Akers,Chanelle,Wilcutt,Viviana,Akers,Misael
Akers,Jayson,Wilcutt,Camille,Akers,Colt
Akers,Kansas,Wilcutt,Viviana,Akers,Misael
Akers,Weston,Wilcutt,Camille,Akers,Colt
Akers,Paulina,Wilcutt,Viviana,Akers,Misael
Akers,Deonta,Wilcutt,Camille,Akers,Colt
Akers,Sheniqua,Wilcutt,Aleasha,Akers,Daquan
Akers,Guillermo,Wilcutt,Kelsie,Akers,Deleon
Akers,Jesslyn,Wilcutt,Aleasha,Akers,Daquan
Akers,Khalil,Wilcutt,Kelsie,Akers,Deleon
Akers,Camisha,Wilcutt,Aleasha,Akers,Daquan
Akers,Darrion,Wilcutt,Kelsie,Akers,Deleon
Akers,Regan,Wilcutt,Aleasha,Akers,Daquan
Akers,Sydney,Wilcutt,Kelsie,Akers,Deleon
Akers,Kyana,Wilcutt,Aleasha,Akers,Daquan
Akers,Cesar,Wilcutt,Kelsie,Akers,Deleon
Akers,Abbey,Wilcutt,Austin,Akers,Raymond
Akers,Darien,Wilcutt,Kelsie,Akers,Deleon
Akers,Bryana,Wilcutt,Austin,Akers,Raymond
Akers,Kody,Wilcutt,Kelsie,Akers,Deleon
Akers,Isabella,Wilcutt,Austin,Akers,Raymond
Akers,Ralph,Cooper,Anisha,Akers,Rafael
Akers,Michelle,Wilcutt,Austin,Akers,Raymond
Akers,Emmett,Cooper,Anisha,Akers,Rafael
Akers,Dayana,Wilcutt,Austin,Akers,Raymond
Akers,Ramon,Cooper,Tasha,Akers,Brenton
Akers,Madeleine,Wilcutt,Austin,Akers,Raymond
Akers,Conner,Cooper,Tasha,Akers,Brenton
Akers,Shayna,Wilcutt,Austin,Akers,Raymond
Akers,Yakov,Cooper,Tasha,Akers,Brenton
Akers,Gabrielle,Wilcutt,Austin,Akers,Raymond
Akers,Mohammad,Cooper,Tasha,Akers,Brenton
Akers,Athena,Wilcutt,Austin,Akers,Raymond
Akers,Pedro,Cooper,Tasha,Akers,Brenton
Akers,Andrea,Wilcutt,Austin,Akers,Raymond
Akers,Lukas,Pettit,Alisia,Akers,Mathew
Akers,Breana,Wilcutt,Austin,Akers,Raymond
Akers,Conrad,Pettit,Alisia,Akers,Mathew
Akers,Bryanna,Wilcutt,Roxanne,Akers,Terry
Akers,Wyatt,Pettit,Alisia,Akers,Mathew
Akers,April,Wilcutt,Roxanne,Akers,Terry
Akers,Jawaun,Pettit,Alisia,Akers,Mathew
Akers,Annie,Wilcutt,Roxanne,Akers,Terry
Akers,Jan,Pettit,Alisia,Akers,Mathew
Akers,Joelle,Wilcutt,Roxanne,Akers,Terry
Cooper,Jayson,Akers,Holly,Cooper,Lars
Akers,Adele,Wilcutt,Roxanne,Akers,Terry
Cooper,Demonte,Akers,Holly,Cooper,Lars
Akers,Deandrea,Wilcutt,Roxanne,Akers,Terry
Cooper,Fabian,Akers,Holly,Cooper,Lars
Akers,Tierney,Wilcutt,Roxanne,Akers,Terry
Cooper,Ryan,Akers,Holly,Cooper,Lars
Akers,Janeth,Wilcutt,Roxanne,Akers,Terry
Cooper,Forest,Akers,Holly,Cooper,Lars
Akers,Miah,Wilcutt,Roxanne,Akers,Terry
Cooper,Mitchell,Akers,Holly,Cooper,Lars
Akers,Amber,Wilcutt,Camille,Akers,Colt
Cooper,Richard,Akers,Holly,Cooper,Lars
Akers,Desaree,Wilcutt,Camille,Akers,Colt
Cooper,Moshe,Akers,Holly,Cooper,Lars
Akers,Emiley,Wilcutt,Camille,Akers,Colt
Cooper,Deric,Akers,Holly,Cooper,Lars
Akers,Jacklyn,Wilcutt,Camille,Akers,Colt
Cooper,Brad,Akers,Casie,Cooper,Jai
Akers,Alondra,Wilcutt,Camille,Akers,Colt
Cooper,Walter,Akers,Casie,Cooper,Jai
Akers,Jaclyn,Wilcutt,Camille,Akers,Colt
Cooper,Javon,Akers,Eleni,Cooper,Cody
Akers,Joselyn,Wilcutt,Kelsie,Akers,Deleon
Cooper,Demetrius,Akers,Eleni,Cooper,Cody
Akers,Lenora,Wilcutt,Kelsie,Akers,Deleon
Cooper,Jamie,Akers,Eleni,Cooper,Cody
Akers,Makaila,Wilcutt,Kelsie,Akers,Deleon
Pettit,Jon,Akers,Anastasia,Pettit,Derrick
Akers,Abbie,Wilcutt,Kelsie,Akers,Deleon
Pettit,Dominic,Akers,Anastasia,Pettit,Derrick
Akers,Aishah,Cooper,Anisha,Akers,Rafael
Pettit,Nickolas,Akers,Anastasia,Pettit,Derrick
Akers,Alena,Cooper,Anisha,Akers,Rafael
Pettit,Fabian,Akers,Anastasia,Pettit,Derrick
Akers,Unique,Cooper,Anisha,Akers,Rafael
Pettit,Forest,Akers,Mackenna,Pettit,Bennie
Akers,Shannon,Cooper,Tasha,Akers,Brenton
Pettit,Julius,Akers,Mackenna,Pettit,Bennie
Akers,Alexis,Cooper,Tasha,Akers,Brenton
Pettit,Zakery,Akers,Mackenna,Pettit,Bennie
Akers,Nallely,Cooper,Tasha,Akers,Brenton
Pettit,Denzel,Akers,Mackenna,Pettit,Bennie
Akers,Maisie,Cooper,Tasha,Akers,Brenton
Pettit,Tavon,Akers,Mackenna,Pettit,Bennie
Akers,Hope,Cooper,Tasha,Akers,Brenton
Pettit,Chaim,Akers,Mackenna,Pettit,Bennie
Akers,Shanice,Cooper,Tasha,Akers,Brenton
Pettit,Tristin,Akers,Mackenna,Pettit,Bennie
Akers,Banesa,Cooper,Tasha,Akers,Brenton
Pettit,Jevin,Lind,Tawny,Pettit,Andy
Akers,Alexia,Cooper,Tasha,Akers,Brenton
Pettit,Brennon,Lind,Tawny,Pettit,Andy
Akers,Chaya,Pettit,Alisia,Akers,Mathew
Pettit,Damion,Lind,Tawny,Pettit,Andy
Akers,Robin,Pettit,Alisia,Akers,Mathew
Pettit,Dantae,Lind,Tawny,Pettit,Andy
Akers,Lara,Pettit,Alisia,Akers,Mathew
Pettit,Dallin,Lind,Tawny,Pettit,Andy
Akers,Nichole,Pettit,Alisia,Akers,Mathew
Pettit,Tristan,Lind,Tyra,Pettit,Fredrick
Akers,Chastity,Pettit,Alisia,Akers,Mathew
Pettit,Patric,Lind,Clara,Pettit,Bret
Cooper,Lauren,Akers,Holly,Cooper,Lars
Pettit,Nicholas,Lind,Clara,Pettit,Bret
Cooper,Nathaly,Akers,Holly,Cooper,Lars
Pettit,Colbey,Lind,Clara,Pettit,Bret
Cooper,Rowan,Akers,Holly,Cooper,Lars
Pettit,Marquise,Lind,Clara,Pettit,Bret
Cooper,Sharae,Akers,Holly,Cooper,Lars
Pettit,Bryant,Lind,Clara,Pettit,Bret
Cooper,Morgan,Akers,Holly,Cooper,Lars
Pettit,Benito,Lind,Clara,Pettit,Bret
Cooper,Eva,Akers,Holly,Cooper,Lars
Pettit,Bradlee,Lind,Clara,Pettit,Bret
Cooper,Klarisa,Akers,Holly,Cooper,Lars
Pettit,Rey,Lind,Clara,Pettit,Bret
Cooper,Jodie,Akers,Holly,Cooper,Lars
Pettit,Yuri,Lind,Clara,Pettit,Bret
Cooper,Jewel,Akers,Casie,Cooper,Jai
Lind,Efrain,Pettit,Kristina,Lind,Sammie
Cooper,Ashtyn,Akers,Eleni,Cooper,Cody
Lind,Bjorn,Pettit,Kristina,Lind,Sammie
Cooper,Iridian,Akers,Eleni,Cooper,Cody
Lind,Garin,Pettit,Cherokee,Lind,Sawyer
Cooper,Rosemary,Akers,Eleni,Cooper,Cody
Lind,Rayquan,Pettit,Cherokee,Lind,Sawyer
Cooper,Mandy,Akers,Eleni,Cooper,Cody
Lind,Vincent,Pettit,Cherokee,Lind,Sawyer
Cooper,Celeste,Akers,Eleni,Cooper,Cody
Lind,Omar,Pettit,Cherokee,Lind,Sawyer
Pettit,Kassidy,Akers,Anastasia,Pettit,Derrick
Lind,Clay,Pettit,Cherokee,Lind,Sawyer
Pettit,Sadia,Akers,Mackenna,Pettit,Bennie
Lind,Ward,Pettit,Cherokee,Lind,Sawyer
Pettit,Jasmine,Akers,Mackenna,Pettit,Bennie
Lind,Cade,Pettit,Cherokee,Lind,Sawyer
Pettit,Aesha,Akers,Mackenna,Pettit,Bennie
Lind,Frankie,Pettit,Zoe,Lind,Lauren
Pettit,Sheridan,Lind,Tawny,Pettit,Andy
Lind,Marvin,Pettit,Zoe,Lind,Lauren
Pettit,Marycather,Lind,Tawny,Pettit,Andy
Lind,Antonio,Pettit,Zoe,Lind,Lauren
Pettit,Stefanie,Lind,Tawny,Pettit,Andy
Lind,Saul,Pettit,Zoe,Lind,Lauren
Pettit,Annie,Lind,Tawny,Pettit,Andy
Lind,Marcus,Pettit,Zoe,Lind,Lauren
Pettit,Passion,Lind,Tawny,Pettit,Andy
Lind,Rakeem,Pettit,Mallory,Lind,Joe
Pettit,Zoee,Lind,Tyra,Pettit,Fredrick
Lind,Jan,Pettit,Mallory,Lind,Joe
Pettit,Diamond,Lind,Tyra,Pettit,Fredrick
Lind,Tylor,Pettit,Mallory,Lind,Joe
Pettit,Jean,Lind,Tyra,Pettit,Fredrick
Lind,Kristofer,Shaw,Tarah,Lind,Richard
Pettit,Dakota,Lind,Tyra,Pettit,Fredrick
Lind,Bryant,Shaw,Tarah,Lind,Richard
Pettit,Brionna,Lind,Tyra,Pettit,Fredrick
Lind,Daylon,Shaw,Tarah,Lind,Richard
Pettit,Katy,Lind,Tyra,Pettit,Fredrick
Lind,Britton,Shaw,Tarah,Lind,Richard
Pettit,Sarahmarie,Lind,Clara,Pettit,Bret
Lind,Destin,Shaw,Tarah,Lind,Richard
Pettit,Alexia,Lind,Clara,Pettit,Bret
Lind,Jawaun,Shaw,Tarah,Lind,Richard
Pettit,Lourdes,Lind,Clara,Pettit,Bret
Lind,Kalon,Shaw,Tarah,Lind,Richard
Pettit,Bertha,Lind,Clara,Pettit,Bret
Lind,Francisco,Shaw,Tarah,Lind,Richard
Pettit,Kelli,Lind,Clara,Pettit,Bret
Lind,Leonel,Shaw,Tarah,Lind,Richard
Pettit,Adele,Lind,Clara,Pettit,Bret
Lind,Miles,Shaw,Tarah,Lind,Richard
Pettit,Mackenna,Lind,Clara,Pettit,Bret
Lind,Jonathan,Shaw,Tarah,Lind,Richard
Pettit,Michele,Lind,Clara,Pettit,Bret
Lind,Tracy,Shaw,Tarah,Lind,Richard
Lind,Shuntara,Pettit,Kristina,Lind,Sammie
Lind,Gannon,Shaw,Tarah,Lind,Richard
Lind,Hadley,Pettit,Cherokee,Lind,Sawyer
Lind,Trey,Shaw,Justice,Lind,Tomas
Lind,Kaitlin,Pettit,Cherokee,Lind,Sawyer
Lind,Sheldon,Shaw,Justice,Lind,Tomas
Lind,Kansas,Pettit,Cherokee,Lind,Sawyer
Lind,Rafael,Shaw,Justice,Lind,Tomas
Lind,Demi,Pettit,Cherokee,Lind,Sawyer
Lind,Tyrell,Shaw,Justice,Lind,Tomas
Lind,Jillian,Pettit,Cherokee,Lind,Sawyer
Lind,Jacori,Shaw,Justice,Lind,Tomas
Lind,Jeanna,Pettit,Cherokee,Lind,Sawyer
Lind,Kory,Shaw,Justice,Lind,Tomas
Lind,Jessika,Pettit,Cherokee,Lind,Sawyer
Lind,Cecil,Shaw,Justice,Lind,Tomas
Lind,Cheyenne,Pettit,Cherokee,Lind,Sawyer
Lind,Camden,Shaw,Justice,Lind,Tomas
Lind,Kristy,Pettit,Cherokee,Lind,Sawyer
Lind,Angel,Shaw,Justice,Lind,Tomas
Lind,Kyra,Pettit,Cherokee,Lind,Sawyer
Lind,Trae,Shaw,Justice,Lind,Tomas
Lind,Brigitte,Pettit,Cherokee,Lind,Sawyer
Lind,Josie,Shaw,Xian,Lind,Ronny
Lind,Maggie,Pettit,Cherokee,Lind,Sawyer
Lind,Terry,Shaw,Xian,Lind,Ronny
Lind,Anissa,Pettit,Cherokee,Lind,Sawyer
Lind,Josejuan,Shaw,Xian,Lind,Ronny
Lind,Kelsee,Pettit,Zoe,Lind,Lauren
Lind,Julio,Shaw,Xian,Lind,Ronny
Lind,Perla,Pettit,Zoe,Lind,Lauren
Lind,Addison,Shaw,Xian,Lind,Ronny
Lind,Caitlin,Pettit,Zoe,Lind,Lauren
Lind,Tristin,Shaw,Xian,Lind,Ronny
Lind,Rochelle,Pettit,Zoe,Lind,Lauren
Lind,Mickey,Shaw,Xian,Lind,Ronny
Lind,Luisa,Pettit,Zoe,Lind,Lauren
Lind,Andy,Shaw,Xian,Lind,Ronny
Lind,Dakota,Pettit,Mallory,Lind,Joe
Lind,Fredy,Shaw,Devon,Lind,Ricky
Lind,Cara,Pettit,Mallory,Lind,Joe
Lind,Stefan,Shaw,Devon,Lind,Ricky
Lind,Kara,Pettit,Mallory,Lind,Joe
Lind,German,Shaw,Devon,Lind,Ricky
Lind,Charlene,Pettit,Mallory,Lind,Joe
Lind,Andrew,Shaw,Devon,Lind,Ricky
Lind,Bailey,Pettit,Mallory,Lind,Joe
Lind,Pedro,Shaw,Devon,Lind,Ricky
Lind,Kirsten,Shaw,Tarah,Lind,Richard
Lind,Rigoberto,Shaw,Devon,Lind,Ricky
Lind,Nyasia,Shaw,Tarah,Lind,Richard
Lind,Ben,Shaw,Lisette,Lind,Davon
Lind,Eva,Shaw,Tarah,Lind,Richard
Lind,Kristopher,Shaw,Lisette,Lind,Davon
Lind,Hunter,Shaw,Tarah,Lind,Richard
Lind,Hashim,Shaw,Lisette,Lind,Davon
Lind,Tasha,Shaw,Tarah,Lind,Richard
Lind,Amir,Shaw,Jhane,Lind,Jacob
Lind,Ivory,Shaw,Tarah,Lind,Richard
Lind,Larry,Shaw,Jhane,Lind,Jacob
Lind,Shane,Shaw,Tarah,Lind,Richard
Lind,Wanya,Shaw,Jhane,Lind,Jacob
Lind,Miracle,Shaw,Justice,Lind,Tomas
Lind,Royce,Shaw,Jhane,Lind,Jacob
Lind,Kaytlin,Shaw,Justice,Lind,Tomas
Lind,Nicholaus,Shaw,Jhane,Lind,Jacob
Lind,Nina,Shaw,Justice,Lind,Tomas
Lind,Bruce,Shaw,Jhane,Lind,Jacob
Lind,Debbie,Shaw,Justice,Lind,Tomas
Lind,Frank,Shaw,Jhane,Lind,Jacob
Lind,Shelley,Shaw,Justice,Lind,Tomas
Lind,Jeremey,Shaw,Jhane,Lind,Jacob
Lind,Keira,Shaw,Justice,Lind,Tomas
Lind,Mathieu,Shaw,Jhane,Lind,Jacob
Lind,Zaria,Shaw,Justice,Lind,Tomas
Lind,Nolan,Shaw,Mikayla,Lind,Angelo
Lind,Anthony,Shaw,Justice,Lind,Tomas
Lind,Torey,Shaw,Mikayla,Lind,Angelo
Lind,Kelley,Shaw,Xian,Lind,Ronny
Lind,Carl,Shaw,Mikayla,Lind,Angelo
Lind,Tammy,Shaw,Xian,Lind,Ronny
Lind,Al,Shaw,Mikayla,Lind,Angelo
Lind,Chase,Shaw,Xian,Lind,Ronny
Lind,Andreas,Shaw,Mikayla,Lind,Angelo
Lind,Sheyla,Shaw,Xian,Lind,Ronny
Lind,Langston,Shaw,Mikayla,Lind,Angelo
Lind,Christina,Shaw,Xian,Lind,Ronny
Lind,Robert,Shaw,Mikayla,Lind,Angelo
Lind,Tess,Shaw,Xian,Lind,Ronny
Lind,Demarcus,Shaw,Mikayla,Lind,Angelo
Lind,Delaney,Shaw,Xian,Lind,Ronny
Lind,Daryl,Shaw,Mikayla,Lind,Angelo
Lind,Devin,Shaw,Xian,Lind,Ronny
Lind,Claudio,Shaw,Mikayla,Lind,Angelo
Lind,Taryn,Shaw,Devon,Lind,Ricky
Lind,Benjamin,Shaw,Jaime,Lind,Dean
Lind,Jane,Shaw,Devon,Lind,Ricky
Lind,Richie,Shaw,Jaime,Lind,Dean
Lind,Carol,Shaw,Devon,Lind,Ricky
Lind,Thomas,Shaw,Jaime,Lind,Dean
Lind,Niki,Shaw,Devon,Lind,Ricky
Lind,Reid,Shaw,Jaime,Lind,Dean
Lind,Sunny,Shaw,Devon,Lind,Ricky
Lind,Shea,Shaw,Jaime,Lind,Dean
Lind,Rita,Shaw,Devon,Lind,Ricky
Lind,Zackery,Shaw,Jaime,Lind,Dean
Lind,Gabriella,Shaw,Lisette,Lind,Davon
Lind,Harry,Shaw,Jaime,Lind,Dean
Lind,Emma,Shaw,Lisette,Lind,Davon
Lind,Erin,Shaw,Jaime,Lind,Dean
Lind,Cindy,Shaw,Lisette,Lind,Davon
Lind,Ismael,Shaw,Jaime,Lind,Dean
Lind,Mayra,Shaw,Jhane,Lind,Jacob
Lind,Leon,Shaw,Danielle,Lind,Skylar
Lind,Tara,Shaw,Jhane,Lind,Jacob
Lind,Raul,Shaw,Danielle,Lind,Skylar
Lind,Nichelle,Shaw,Jhane,Lind,Jacob
Lind,Cullen,Shaw,Danielle,Lind,Skylar
Lind,Janet,Shaw,Jhane,Lind,Jacob
Lind,Conrad,Shaw,Danielle,Lind,Skylar
Lind,Angelika,Shaw,Jhane,Lind,Jacob
Lind,Gonzalo,Shaw,Danielle,Lind,Skylar
Lind,Marlee,Shaw,Jhane,Lind,Jacob
Lind,Trent,Shaw,Danielle,Lind,Skylar
Lind,Latosha,Shaw,Mikayla,Lind,Angelo
Lind,Jose,Shaw,Danielle,Lind,Skylar
Lind,Bonnie,Shaw,Mikayla,Lind,Angelo
Lind,Randall,Shaw,Danielle,Lind,Skylar
Lind,Tatianna,Shaw,Mikayla,Lind,Angelo
Lind,Nicolas,Shaw,Danielle,Lind,Skylar
Lind,Chantel,Shaw,Jaime,Lind,Dean
Lind,Neal,Shaw,Danielle,Lind,Skylar
Lind,Jessie,Shaw,Jaime,Lind,Dean
