Hammond,Lauren,McDivitt,Johana,Hammond,Yuri
Pogue,Cori,Wilcutt,Loni,Pogue,Daxton
Noriega,Alden,Tyler,Destiney,Noriega,Rafael
Pettit,Casandra,Brandenstein,Presley,Pettit,Shawn
Fillmore,Milton,Fisher,Diamond,Fillmore,Kenny
Peterson,Patrice,McCandless,Devon,Peterson,Shemar
Noriega,Richie,Chaffee,Holland,Noriega,Skylar
Reagan,Stephany,Veach,Devyn,Reagan,Conner
Michel,Jose,Cooper,Clair,Michel,Jesus
Altman,Selina,Jones,Stacey,Altman,Parker
Reilly,Rand,Grinch,Brittney,Reilly,Blake
McArthur,Katheryn,Noriega,Maryanna,McArthur,Quentin
Deardorff,Kenyon,Stewart,Candy,Deardorff,Juan
Gorie,Larissa,Lincoln,Allyssa,Gorie,Brent
Hoffman,Jawaun,Polansky,Coral,Hoffman,Terry
Duffy,Fabiola,Lind,Ayanna,Duffy,Tommy
Melvin,Cooper,Kavandi,Kayleigh,Melvin,Kyle
McMonagle,Jayla,Schirra,Karissa,McMonagle,Jasen
Parker,Maurice,Cockrell,Emmalee,Parker,Santos
Low,Giuliana,Cernan,Montana,Low,Devontae
Thuot,Billy,Lockhart,Frances,Thuot,Kenneth
Richards,Chardonnay,Pogue,Berenice,Richards,Randy
Givens,Elliot,Wheelock,Katerina,Givens,Dillon
Caldeiro,Claire,Stewart,Alejandra,Caldeiro,Willie
Hammond,Carter,Pogue,Cori,Hammond,Lauren
Brady,Lynette,Duke,Aja,Brady,Glenn
Hammond,Vernon,Pogue,Cori,Hammond,Lauren
Grout,Arielle,Scott,Vera,Grout,Salvatore
Hammond,Deshaun,Pogue,Cori,Hammond,Lauren
Jernigan,Ravin,Graveline,Suleyma,Jernigan,Guadalupe
Hammond,Ibrahim,Pogue,Cori,Hammond,Lauren
Clark,Krystle,Morin,Celina,Clark,Trevor
Hammond,Luciano,Pogue,Cori,Hammond,Lauren
Lawrence,Rikki,Mattingly,Kaley,Lawrence,Julio
Noriega,Donald,Pettit,Casandra,Noriega,Alden
McCool,Shane,Truly,Rebekah,McCool,Wilfredo
Noriega,Keanu,Pettit,Casandra,Noriega,Alden
Hammond,Lora,Pogue,Cori,Hammond,Lauren
Noriega,Marvin,Pettit,Casandra,Noriega,Alden
Hammond,Colby,Pogue,Cori,Hammond,Lauren
Noriega,Francisco,Pettit,Casandra,Noriega,Alden
Hammond,Cambria,Pogue,Cori,Hammond,Lauren
Noriega,Erich,Pettit,Casandra,Noriega,Alden
Hammond,Roxana,Pogue,Cori,Hammond,Lauren
Noriega,Dantae,Pettit,Casandra,Noriega,Alden
Noriega,Astrid,Pettit,Casandra,Noriega,Alden
Noriega,Bernardo,Pettit,Casandra,Noriega,Alden
Noriega,Kitana,Pettit,Casandra,Noriega,Alden
Noriega,Terrence,Pettit,Casandra,Noriega,Alden
Noriega,Margo,Pettit,Casandra,Noriega,Alden
Noriega,Stewart,Pettit,Casandra,Noriega,Alden
Noriega,Darrian,Pettit,Casandra,Noriega,Alden
Noriega,Thomas,Pettit,Casandra,Noriega,Alden
Noriega,Camila,Pettit,Casandra,Noriega,Alden
Fillmore,Dallin,Peterson,Patrice,Fillmore,Milton
Noriega,Tabatha,Pettit,Casandra,Noriega,Alden
Fillmore,Dalton,Peterson,Patrice,Fillmore,Milton
Noriega,Madison,Pettit,Casandra,Noriega,Alden
Fillmore,Marcus,Peterson,Patrice,Fillmore,Milton
Noriega,Britney,Pettit,Casandra,Noriega,Alden
Noriega,Kenyon,Reagan,Stephany,Noriega,Richie
Fillmore,Alana,Peterson,Patrice,Fillmore,Milton
Noriega,Lamont,Reagan,Stephany,Noriega,Richie
Fillmore,Kianna,Peterson,Patrice,Fillmore,Milton
Noriega,Kristofer,Reagan,Stephany,Noriega,Richie
Fillmore,Aimee,Peterson,Patrice,Fillmore,Milton
Noriega,Westley,Reagan,Stephany,Noriega,Richie
Noriega,Samara,Reagan,Stephany,Noriega,Richie
Noriega,Ashton,Reagan,Stephany,Noriega,Richie
Noriega,Candice,Reagan,Stephany,Noriega,Richie
Noriega,Jevon,Reagan,Stephany,Noriega,Richie
Noriega,Austin,Reagan,Stephany,Noriega,Richie
Noriega,Dana,Reagan,Stephany,Noriega,Richie
Noriega,Tiani,Reagan,Stephany,Noriega,Richie
Noriega,Graham,Reagan,Stephany,Noriega,Richie
Noriega,Krista,Reagan,Stephany,Noriega,Richie
Michel,Jalil,Altman,Selina,Michel,Jose
Noriega,Shayna,Reagan,Stephany,Noriega,Richie
Michel,Armando,Altman,Selina,Michel,Jose
Noriega,Vanessa,Reagan,Stephany,Noriega,Richie
Michel,Rayvon,Altman,Selina,Michel,Jose
Noriega,Deisy,Reagan,Stephany,Noriega,Richie
Michel,Wilson,Altman,Selina,Michel,Jose
Noriega,Mykayla,Reagan,Stephany,Noriega,Richie
Michel,Keith,Altman,Selina,Michel,Jose
Michel,Monet,Altman,Selina,Michel,Jose
Michel,Daquan,Altman,Selina,Michel,Jose
Michel,Kendyl,Altman,Selina,Michel,Jose
Michel,Trace,Altman,Selina,Michel,Jose
Michel,Carlie,Altman,Selina,Michel,Jose
Reilly,Gilberto,McArthur,Katheryn,Reilly,Rand
Michel,Yuki,Altman,Selina,Michel,Jose
Reilly,Bennett,McArthur,Katheryn,Reilly,Rand
Michel,Noemi,Altman,Selina,Michel,Jose
Reilly,Marlon,McArthur,Katheryn,Reilly,Rand
Michel,Cheryl,Altman,Selina,Michel,Jose
Reilly,Yash,McArthur,Katheryn,Reilly,Rand
Michel,Kaela,Altman,Selina,Michel,Jose
Reilly,Dimitri,McArthur,Katheryn,Reilly,Rand
Michel,Annabel,Altman,Selina,Michel,Jose
Deardorff,Sergio,Gorie,Larissa,Deardorff,Kenyon
Michel,Desiree,Altman,Selina,Michel,Jose
Deardorff,Oren,Gorie,Larissa,Deardorff,Kenyon
Michel,Amina,Altman,Selina,Michel,Jose
Deardorff,Kellen,Gorie,Larissa,Deardorff,Kenyon
Reilly,Rita,McArthur,Katheryn,Reilly,Rand
Deardorff,Hayes,Gorie,Larissa,Deardorff,Kenyon
Reilly,Sade,McArthur,Katheryn,Reilly,Rand
Deardorff,Khalid,Gorie,Larissa,Deardorff,Kenyon
Reilly,Tristin,McArthur,Katheryn,Reilly,Rand
Deardorff,Xavier,Gorie,Larissa,Deardorff,Kenyon
Reilly,Maryanne,McArthur,Katheryn,Reilly,Rand
Deardorff,George,Gorie,Larissa,Deardorff,Kenyon
Reilly,Emilia,McArthur,Katheryn,Reilly,Rand
Deardorff,Orlando,Gorie,Larissa,Deardorff,Kenyon
Reilly,Renee,McArthur,Katheryn,Reilly,Rand
Deardorff,Aleksandr,Gorie,Larissa,Deardorff,Kenyon
Deardorff,Kristian,Gorie,Larissa,Deardorff,Kenyon
Hoffman,Claudio,Duffy,Fabiola,Hoffman,Jawaun
Deardorff,Carra,Gorie,Larissa,Deardorff,Kenyon
Hoffman,Reuben,Duffy,Fabiola,Hoffman,Jawaun
Deardorff,Amna,Gorie,Larissa,Deardorff,Kenyon
Hoffman,Kelsey,Duffy,Fabiola,Hoffman,Jawaun
Deardorff,Nathalie,Gorie,Larissa,Deardorff,Kenyon
Hoffman,Carter,Duffy,Fabiola,Hoffman,Jawaun
Deardorff,Malika,Gorie,Larissa,Deardorff,Kenyon
Hoffman,Julius,Duffy,Fabiola,Hoffman,Jawaun
Deardorff,Maryanna,Gorie,Larissa,Deardorff,Kenyon
Hoffman,Marcell,Duffy,Fabiola,Hoffman,Jawaun
Deardorff,Jaimie,Gorie,Larissa,Deardorff,Kenyon
Hoffman,Reid,Duffy,Fabiola,Hoffman,Jawaun
Deardorff,Becca,Gorie,Larissa,Deardorff,Kenyon
Hoffman,Louis,Duffy,Fabiola,Hoffman,Jawaun
Deardorff,Mary,Gorie,Larissa,Deardorff,Kenyon
Melvin,Bret,McMonagle,Jayla,Melvin,Cooper
Deardorff,Maddison,Gorie,Larissa,Deardorff,Kenyon
Melvin,Jake,McMonagle,Jayla,Melvin,Cooper
Deardorff,Iridiana,Gorie,Larissa,Deardorff,Kenyon
Melvin,Kamau,McMonagle,Jayla,Melvin,Cooper
Hoffman,Jaida,Duffy,Fabiola,Hoffman,Jawaun
Melvin,Rodney,McMonagle,Jayla,Melvin,Cooper
Hoffman,Allie,Duffy,Fabiola,Hoffman,Jawaun
Melvin,Mitchel,McMonagle,Jayla,Melvin,Cooper
Hoffman,Rebecca,Duffy,Fabiola,Hoffman,Jawaun
Melvin,Raul,McMonagle,Jayla,Melvin,Cooper
Hoffman,Rosalinda,Duffy,Fabiola,Hoffman,Jawaun
Melvin,Jeffrey,McMonagle,Jayla,Melvin,Cooper
Hoffman,Jocelyn,Duffy,Fabiola,Hoffman,Jawaun
Parker,Drake,Low,Giuliana,Parker,Maurice
Hoffman,Maryann,Duffy,Fabiola,Hoffman,Jawaun
Parker,Beau,Low,Giuliana,Parker,Maurice
Melvin,Caylee,McMonagle,Jayla,Melvin,Cooper
Parker,Kelsey,Low,Giuliana,Parker,Maurice
Melvin,Mackenna,McMonagle,Jayla,Melvin,Cooper
Parker,Lars,Low,Giuliana,Parker,Maurice
Melvin,Jesica,McMonagle,Jayla,Melvin,Cooper
Parker,Isaac,Low,Giuliana,Parker,Maurice
Melvin,Brianna,McMonagle,Jayla,Melvin,Cooper
Parker,Bailey,Low,Giuliana,Parker,Maurice
Melvin,Nicolle,McMonagle,Jayla,Melvin,Cooper
Parker,Eli,Low,Giuliana,Parker,Maurice
Melvin,Micaela,McMonagle,Jayla,Melvin,Cooper
Parker,Rey,Low,Giuliana,Parker,Maurice
Parker,Tyra,Low,Giuliana,Parker,Maurice
Thuot,Maximillia,Richards,Chardonnay,Thuot,Billy
Parker,Keila,Low,Giuliana,Parker,Maurice
Thuot,Elliot,Richards,Chardonnay,Thuot,Billy
Parker,Cherie,Low,Giuliana,Parker,Maurice
Thuot,Dwayne,Richards,Chardonnay,Thuot,Billy
Parker,Harmony,Low,Giuliana,Parker,Maurice
Thuot,Devontae,Richards,Chardonnay,Thuot,Billy
Parker,Gwendolyn,Low,Giuliana,Parker,Maurice
Thuot,Erick,Richards,Chardonnay,Thuot,Billy
Parker,Gianna,Low,Giuliana,Parker,Maurice
Thuot,Kody,Richards,Chardonnay,Thuot,Billy
Parker,Tatiana,Low,Giuliana,Parker,Maurice
Thuot,Francisco,Richards,Chardonnay,Thuot,Billy
Thuot,Felisha,Richards,Chardonnay,Thuot,Billy
Thuot,Rodney,Richards,Chardonnay,Thuot,Billy
Thuot,Kaci,Richards,Chardonnay,Thuot,Billy
Thuot,Alberto,Richards,Chardonnay,Thuot,Billy
Thuot,Lillie,Richards,Chardonnay,Thuot,Billy
Thuot,Aaron,Richards,Chardonnay,Thuot,Billy
Thuot,Nichole,Richards,Chardonnay,Thuot,Billy
Givens,Rand,Caldeiro,Claire,Givens,Elliot
Thuot,Anissa,Richards,Chardonnay,Thuot,Billy
Givens,San,Caldeiro,Claire,Givens,Elliot
Thuot,Gilda,Richards,Chardonnay,Thuot,Billy
Givens,Augustus,Caldeiro,Claire,Givens,Elliot
Givens,Shania,Caldeiro,Claire,Givens,Elliot
Givens,Mitchel,Caldeiro,Claire,Givens,Elliot
Givens,Jayme,Caldeiro,Claire,Givens,Elliot
Givens,Izaiah,Caldeiro,Claire,Givens,Elliot
Givens,Tatum,Caldeiro,Claire,Givens,Elliot
Givens,Chase,Caldeiro,Claire,Givens,Elliot
Givens,Claudia,Caldeiro,Claire,Givens,Elliot
Hammond,Wyatt,Brady,Lynette,Hammond,Carter
Givens,Tristin,Caldeiro,Claire,Givens,Elliot
Hammond,Quincy,Brady,Lynette,Hammond,Carter
Givens,Leanna,Caldeiro,Claire,Givens,Elliot
Hammond,Gunnar,Brady,Lynette,Hammond,Carter
Givens,Monica,Caldeiro,Claire,Givens,Elliot
Hammond,Roy,Brady,Lynette,Hammond,Carter
Givens,Ann,Caldeiro,Claire,Givens,Elliot
Hammond,Allen,Brady,Lynette,Hammond,Carter
Givens,Carmelita,Caldeiro,Claire,Givens,Elliot
Hammond,Jamal,Brady,Lynette,Hammond,Carter
Hammond,Hattie,Brady,Lynette,Hammond,Carter
Hammond,Santana,Grout,Arielle,Hammond,Vernon
Hammond,Jameisha,Brady,Lynette,Hammond,Carter
Hammond,Deanthony,Grout,Arielle,Hammond,Vernon
Hammond,Kenia,Brady,Lynette,Hammond,Carter
Hammond,Conor,Jernigan,Ravin,Hammond,Deshaun
Hammond,Ali,Brady,Lynette,Hammond,Carter
Hammond,Edgar,Jernigan,Ravin,Hammond,Deshaun
Hammond,Jaclyn,Brady,Lynette,Hammond,Carter
Hammond,Trenton,Jernigan,Ravin,Hammond,Deshaun
Hammond,Brianne,Brady,Lynette,Hammond,Carter
Hammond,Chaz,Jernigan,Ravin,Hammond,Deshaun
Hammond,Alissa,Brady,Lynette,Hammond,Carter
Hammond,Jasen,Jernigan,Ravin,Hammond,Deshaun
Hammond,Zoey,Brady,Lynette,Hammond,Carter
Hammond,Damian,Jernigan,Ravin,Hammond,Deshaun
Hammond,Phoebe,Brady,Lynette,Hammond,Carter
Hammond,Dakotah,Jernigan,Ravin,Hammond,Deshaun
Hammond,Audrey,Brady,Lynette,Hammond,Carter
Hammond,Hunter,Jernigan,Ravin,Hammond,Deshaun
Hammond,Irene,Brady,Lynette,Hammond,Carter
Hammond,Mark,Clark,Krystle,Hammond,Ibrahim
Hammond,Samira,Grout,Arielle,Hammond,Vernon
Hammond,Corey,Clark,Krystle,Hammond,Ibrahim
Hammond,Spencer,Grout,Arielle,Hammond,Vernon
Hammond,Misael,Clark,Krystle,Hammond,Ibrahim
Hammond,Micayla,Grout,Arielle,Hammond,Vernon
Hammond,Mariano,Clark,Krystle,Hammond,Ibrahim
Hammond,Kayleen,Grout,Arielle,Hammond,Vernon
Hammond,Babyboy,Clark,Krystle,Hammond,Ibrahim
Hammond,Geraldine,Jernigan,Ravin,Hammond,Deshaun
Hammond,Josie,Clark,Krystle,Hammond,Ibrahim
Hammond,Jazmin,Jernigan,Ravin,Hammond,Deshaun
Hammond,Vicente,Clark,Krystle,Hammond,Ibrahim
Hammond,Kaela,Jernigan,Ravin,Hammond,Deshaun
Hammond,Mohamed,Lawrence,Rikki,Hammond,Luciano
Hammond,Marcia,Jernigan,Ravin,Hammond,Deshaun
Hammond,Grady,Lawrence,Rikki,Hammond,Luciano
Hammond,Valeria,Jernigan,Ravin,Hammond,Deshaun
Noriega,Tad,McCool,Shane,Noriega,Donald
Hammond,Meghan,Jernigan,Ravin,Hammond,Deshaun
Noriega,Xzavier,McCool,Shane,Noriega,Donald
Hammond,Abbigail,Jernigan,Ravin,Hammond,Deshaun
Noriega,Terence,McCool,Shane,Noriega,Donald
Hammond,Keishla,Jernigan,Ravin,Hammond,Deshaun
Noriega,Destin,Hammond,Lora,Noriega,Keanu
Hammond,Marilyn,Jernigan,Ravin,Hammond,Deshaun
Noriega,Markus,Hammond,Lora,Noriega,Keanu
Hammond,Shanna,Jernigan,Ravin,Hammond,Deshaun
Noriega,Quinn,Hammond,Lora,Noriega,Keanu
Hammond,Dania,Jernigan,Ravin,Hammond,Deshaun
Noriega,Ralph,Hammond,Colby,Noriega,Marvin
Hammond,Catherine,Jernigan,Ravin,Hammond,Deshaun
Noriega,Jeffery,Hammond,Colby,Noriega,Marvin
Hammond,Celia,Clark,Krystle,Hammond,Ibrahim
Noriega,Levi,Hammond,Colby,Noriega,Marvin
Hammond,Annalisa,Clark,Krystle,Hammond,Ibrahim
Noriega,Micheal,Hammond,Colby,Noriega,Marvin
Hammond,Holland,Clark,Krystle,Hammond,Ibrahim
Noriega,Jai,Hammond,Colby,Noriega,Marvin
Hammond,Cortney,Clark,Krystle,Hammond,Ibrahim
Noriega,Kolton,Hammond,Colby,Noriega,Marvin
Hammond,Asha,Clark,Krystle,Hammond,Ibrahim
Noriega,Cullen,Hammond,Colby,Noriega,Marvin
Hammond,Breeanna,Clark,Krystle,Hammond,Ibrahim
Noriega,Nikolas,Hammond,Colby,Noriega,Marvin
Hammond,Tiffani,Lawrence,Rikki,Hammond,Luciano
Noriega,Alonso,Hammond,Colby,Noriega,Marvin
Hammond,Kaitlynn,Lawrence,Rikki,Hammond,Luciano
Hammond,Yuri,McDivitt,Johana,Pogue,Daxton,Boilermaker
Noriega,Gilberto,Hammond,Colby,Noriega,Marvin
Noriega,Essence,McCool,Shane,Noriega,Donald
Noriega,Stefan,Hammond,Cambria,Noriega,Francisco
Noriega,Jania,Hammond,Lora,Noriega,Keanu
Noriega,Conor,Hammond,Cambria,Noriega,Francisco
Noriega,Sadia,Hammond,Lora,Noriega,Keanu
Noriega,Juancarlos,Hammond,Cambria,Noriega,Francisco
Noriega,Ella,Hammond,Lora,Noriega,Keanu
Noriega,Albert,Hammond,Roxana,Noriega,Erich
Noriega,Miranda,Hammond,Lora,Noriega,Keanu
Noriega,Glenn,Hammond,Roxana,Noriega,Erich
Noriega,Breann,Hammond,Colby,Noriega,Marvin
Noriega,Jaylon,Hammond,Roxana,Noriega,Erich
Noriega,Suleyma,Hammond,Colby,Noriega,Marvin
Noriega,Chaim,Hammond,Roxana,Noriega,Erich
Noriega,Iman,Hammond,Cambria,Noriega,Francisco
Noriega,Warren,Hammond,Roxana,Noriega,Erich
Noriega,Katy,Hammond,Cambria,Noriega,Francisco
Noriega,Mark,Hammond,Roxana,Noriega,Erich
Noriega,Marlen,Hammond,Cambria,Noriega,Francisco
Noriega,Mariano,Hammond,Roxana,Noriega,Erich
Noriega,Yasmeen,Hammond,Roxana,Noriega,Erich
Noriega,Erik,Hammond,Roxana,Noriega,Erich
Noriega,Brieanna,Hammond,Roxana,Noriega,Erich
Noriega,Domonic,Hammond,Roxana,Noriega,Erich
Noriega,Alina,Hammond,Roxana,Noriega,Erich
Noriega,Quentin,Hammond,Roxana,Noriega,Erich
Noriega,Damaris,Hammond,Roxana,Noriega,Erich
Noriega,Owen,Hammond,Roxana,Noriega,Erich
Noriega,Yadira,Hammond,Roxana,Noriega,Erich
Noriega,Hector,Fillmore,Alana,Noriega,Dantae
Noriega,Cheyenne,Hammond,Roxana,Noriega,Erich
Noriega,Tony,Fillmore,Alana,Noriega,Dantae
Noriega,Evelin,Hammond,Roxana,Noriega,Erich
Noriega,Kurtis,Fillmore,Alana,Noriega,Dantae
Noriega,Chantelle,Hammond,Roxana,Noriega,Erich
Noriega,Edgardo,Fillmore,Alana,Noriega,Dantae
Noriega,Grecia,Fillmore,Alana,Noriega,Dantae
Noriega,Reuben,Fillmore,Alana,Noriega,Dantae
Noriega,Liana,Fillmore,Alana,Noriega,Dantae
Noriega,Brayden,Fillmore,Alana,Noriega,Dantae
Noriega,Deandrea,Fillmore,Kianna,Noriega,Bernardo
Noriega,Arturo,Fillmore,Alana,Noriega,Dantae
Noriega,Lexy,Fillmore,Kianna,Noriega,Bernardo
Noriega,Killian,Fillmore,Kianna,Noriega,Bernardo
Noriega,Tamisha,Fillmore,Kianna,Noriega,Bernardo
Noriega,Peyton,Fillmore,Kianna,Noriega,Bernardo
Noriega,Anita,Fillmore,Kianna,Noriega,Bernardo
Noriega,Javon,Fillmore,Kianna,Noriega,Bernardo
Noriega,Yahaira,Fillmore,Kianna,Noriega,Bernardo
Noriega,Denzell,Fillmore,Kianna,Noriega,Bernardo
Noriega,Mattea,Fillmore,Kianna,Noriega,Bernardo
Noriega,Dwayne,Fillmore,Kianna,Noriega,Bernardo
Noriega,Mikaela,Fillmore,Kianna,Noriega,Bernardo
Noriega,Keith,Fillmore,Kianna,Noriega,Bernardo
Noriega,Rosalinda,Fillmore,Kianna,Noriega,Bernardo
Noriega,Dallas,Fillmore,Kianna,Noriega,Bernardo
Noriega,Rose,Fillmore,Kianna,Noriega,Bernardo
Noriega,Bo,Fillmore,Aimee,Noriega,Terrence
Noriega,Christine,Fillmore,Aimee,Noriega,Terrence
Noriega,Habram,Fillmore,Aimee,Noriega,Terrence
Noriega,Kaelyn,Fillmore,Aimee,Noriega,Terrence
Noriega,Efren,Fillmore,Aimee,Noriega,Terrence
Noriega,Lourdes,Fillmore,Aimee,Noriega,Terrence
Noriega,Shareef,Fillmore,Aimee,Noriega,Terrence
Noriega,Alexi,Fillmore,Aimee,Noriega,Terrence
Noriega,Austen,Fillmore,Aimee,Noriega,Terrence
Noriega,Paula,Fillmore,Aimee,Noriega,Terrence
Noriega,Dandre,Fillmore,Aimee,Noriega,Terrence
Noriega,Isabel,Noriega,Samara,Noriega,Stewart
Noriega,Darrion,Fillmore,Aimee,Noriega,Terrence
Noriega,Janae,Noriega,Samara,Noriega,Stewart
Noriega,Dedrick,Fillmore,Aimee,Noriega,Terrence
Noriega,Sania,Noriega,Samara,Noriega,Stewart
Noriega,Tate,Noriega,Samara,Noriega,Stewart
Noriega,Lisette,Noriega,Samara,Noriega,Stewart
Noriega,Coleman,Noriega,Samara,Noriega,Stewart
Noriega,Ronni,Noriega,Samara,Noriega,Stewart
Noriega,Rowan,Noriega,Samara,Noriega,Stewart
Noriega,Chanelle,Noriega,Samara,Noriega,Stewart
Noriega,Sterling,Noriega,Samara,Noriega,Stewart
Noriega,Alannah,Noriega,Samara,Noriega,Stewart
Noriega,Conner,Noriega,Samara,Noriega,Stewart
Noriega,Laurel,Noriega,Samara,Noriega,Stewart
Noriega,Mitchel,Noriega,Samara,Noriega,Stewart
Noriega,Charity,Noriega,Samara,Noriega,Stewart
Noriega,Triston,Noriega,Samara,Noriega,Stewart
Noriega,Gabriele,Noriega,Candice,Noriega,Thomas
Noriega,Keion,Noriega,Candice,Noriega,Thomas
Noriega,Paulina,Noriega,Candice,Noriega,Thomas
Noriega,Erin,Noriega,Candice,Noriega,Thomas
Noriega,Silvia,Noriega,Candice,Noriega,Thomas
Noriega,Dontae,Noriega,Candice,Noriega,Thomas
Noriega,Libby,Noriega,Candice,Noriega,Thomas
Noriega,Reginald,Noriega,Candice,Noriega,Thomas
Noriega,Mattie,Noriega,Candice,Noriega,Thomas
Noriega,Willis,Noriega,Candice,Noriega,Thomas
Noriega,Delaney,Noriega,Candice,Noriega,Thomas
Noriega,Jaylin,Noriega,Candice,Noriega,Thomas
Noriega,Markia,Noriega,Candice,Noriega,Thomas
Fillmore,Saxon,Noriega,Astrid,Fillmore,Dallin
Noriega,Shanna,Noriega,Candice,Noriega,Thomas
Fillmore,Robert,Noriega,Astrid,Fillmore,Dallin
Noriega,Luz,Noriega,Candice,Noriega,Thomas
Fillmore,Dustin,Noriega,Astrid,Fillmore,Dallin
Fillmore,Lisa,Noriega,Astrid,Fillmore,Dallin
Fillmore,Trent,Noriega,Astrid,Fillmore,Dallin
Fillmore,Madelyn,Noriega,Astrid,Fillmore,Dallin
Fillmore,Chance,Noriega,Astrid,Fillmore,Dallin
Fillmore,Tiera,Noriega,Astrid,Fillmore,Dallin
Fillmore,Trace,Noriega,Astrid,Fillmore,Dallin
Fillmore,Emilee,Noriega,Kitana,Fillmore,Dalton
Fillmore,Francis,Noriega,Kitana,Fillmore,Dalton
Fillmore,Maritza,Noriega,Margo,Fillmore,Marcus
Fillmore,Deante,Noriega,Kitana,Fillmore,Dalton
Fillmore,Unique,Noriega,Margo,Fillmore,Marcus
Fillmore,Sheldon,Noriega,Kitana,Fillmore,Dalton
Fillmore,Grecia,Noriega,Margo,Fillmore,Marcus
Fillmore,Bryant,Noriega,Margo,Fillmore,Marcus
Fillmore,Cherokee,Noriega,Margo,Fillmore,Marcus
Fillmore,Zev,Noriega,Margo,Fillmore,Marcus
Fillmore,Skyler,Noriega,Margo,Fillmore,Marcus
Fillmore,Barry,Noriega,Margo,Fillmore,Marcus
Fillmore,Paula,Noriega,Margo,Fillmore,Marcus
Fillmore,Davon,Noriega,Margo,Fillmore,Marcus
Fillmore,Alondra,Noriega,Margo,Fillmore,Marcus
Fillmore,Deshawn,Noriega,Margo,Fillmore,Marcus
Fillmore,Lacey,Noriega,Margo,Fillmore,Marcus
Fillmore,Quinn,Noriega,Margo,Fillmore,Marcus
Fillmore,Destany,Noriega,Margo,Fillmore,Marcus
Fillmore,Treshaun,Noriega,Margo,Fillmore,Marcus
Fillmore,Lynda,Noriega,Margo,Fillmore,Marcus
Noriega,Brenden,Noriega,Darrian,Noriega,Kenyon
Fillmore,Dina,Noriega,Margo,Fillmore,Marcus
Noriega,Hiram,Noriega,Darrian,Noriega,Kenyon
Noriega,Marilyn,Noriega,Darrian,Noriega,Kenyon
Noriega,Riley,Noriega,Darrian,Noriega,Kenyon
Noriega,Aidan,Noriega,Darrian,Noriega,Kenyon
Noriega,Jakob,Noriega,Darrian,Noriega,Kenyon
Noriega,Maritza,Noriega,Darrian,Noriega,Kenyon
Noriega,Jeremey,Noriega,Darrian,Noriega,Kenyon
Noriega,Blaine,Noriega,Darrian,Noriega,Kenyon
Noriega,Martin,Noriega,Darrian,Noriega,Kenyon
Noriega,Karli,Noriega,Darrian,Noriega,Kenyon
Noriega,Jules,Noriega,Darrian,Noriega,Kenyon
Noriega,Alysa,Noriega,Darrian,Noriega,Kenyon
Noriega,Garret,Noriega,Darrian,Noriega,Kenyon
Noriega,Miracle,Noriega,Darrian,Noriega,Kenyon
Noriega,Marc,Noriega,Darrian,Noriega,Kenyon
Noriega,Elisa,Noriega,Darrian,Noriega,Kenyon
Noriega,Julius,Noriega,Camila,Noriega,Lamont
Noriega,Asha,Noriega,Darrian,Noriega,Kenyon
Noriega,Olivier,Noriega,Camila,Noriega,Lamont
Noriega,Angel,Noriega,Darrian,Noriega,Kenyon
Noriega,Draven,Noriega,Camila,Noriega,Lamont
Noriega,Kailey,Noriega,Darrian,Noriega,Kenyon
Noriega,Idris,Noriega,Camila,Noriega,Lamont
Noriega,Katelyn,Noriega,Camila,Noriega,Lamont
Noriega,Dominick,Noriega,Tabatha,Noriega,Kristofer
Noriega,Elyse,Noriega,Camila,Noriega,Lamont
Noriega,Jake,Noriega,Tabatha,Noriega,Kristofer
Noriega,Makayla,Noriega,Camila,Noriega,Lamont
Noriega,Russell,Noriega,Tabatha,Noriega,Kristofer
Noriega,Miah,Noriega,Camila,Noriega,Lamont
Noriega,Jerry,Noriega,Tabatha,Noriega,Kristofer
Noriega,Savannah,Noriega,Camila,Noriega,Lamont
Noriega,Trey,Noriega,Tabatha,Noriega,Kristofer
Noriega,Lydia,Noriega,Camila,Noriega,Lamont
Noriega,Jaleel,Noriega,Tabatha,Noriega,Kristofer
Noriega,Myranda,Noriega,Camila,Noriega,Lamont
Noriega,Jarrett,Noriega,Madison,Noriega,Westley
Noriega,Cassidy,Noriega,Tabatha,Noriega,Kristofer
Noriega,Edgar,Noriega,Madison,Noriega,Westley
Noriega,Theresa,Noriega,Tabatha,Noriega,Kristofer
Noriega,Steve,Noriega,Britney,Noriega,Ashton
Noriega,Ravin,Noriega,Tabatha,Noriega,Kristofer
Noriega,Montana,Noriega,Britney,Noriega,Ashton
Noriega,Linnea,Noriega,Tabatha,Noriega,Kristofer
Noriega,Forest,Noriega,Britney,Noriega,Ashton
Noriega,Synthia,Noriega,Tabatha,Noriega,Kristofer
Noriega,Landon,Noriega,Britney,Noriega,Ashton
Noriega,Chynna,Noriega,Tabatha,Noriega,Kristofer
Noriega,Fred,Michel,Monet,Noriega,Jevon
Noriega,Luisa,Noriega,Madison,Noriega,Westley
Noriega,Tyquan,Michel,Monet,Noriega,Jevon
Noriega,Cheyann,Noriega,Madison,Noriega,Westley
Noriega,Aaron,Michel,Monet,Noriega,Jevon
Noriega,Mireya,Noriega,Madison,Noriega,Westley
Noriega,Ryan,Michel,Monet,Noriega,Jevon
Noriega,Andrea,Noriega,Madison,Noriega,Westley
Noriega,Eugene,Michel,Monet,Noriega,Jevon
Noriega,Kaina,Noriega,Madison,Noriega,Westley
Noriega,Reynaldo,Michel,Monet,Noriega,Jevon
Noriega,Juliana,Noriega,Madison,Noriega,Westley
Noriega,Julian,Michel,Monet,Noriega,Jevon
Noriega,Shirley,Noriega,Madison,Noriega,Westley
Noriega,Esteban,Michel,Monet,Noriega,Jevon
Noriega,Shea,Noriega,Britney,Noriega,Ashton
Noriega,Willie,Michel,Monet,Noriega,Jevon
Noriega,Kira,Noriega,Britney,Noriega,Ashton
Noriega,Zackary,Michel,Monet,Noriega,Jevon
Noriega,Sariah,Noriega,Britney,Noriega,Ashton
Noriega,Kieran,Michel,Kendyl,Noriega,Dana
Noriega,Ruth,Noriega,Britney,Noriega,Ashton
Noriega,Howard,Michel,Kendyl,Noriega,Dana
Noriega,Kathryn,Michel,Monet,Noriega,Jevon
Noriega,Kirkland,Michel,Kendyl,Noriega,Dana
Noriega,Aliyah,Michel,Monet,Noriega,Jevon
Noriega,Clinton,Michel,Carlie,Noriega,Graham
Noriega,Banesa,Michel,Monet,Noriega,Jevon
Noriega,Denver,Michel,Carlie,Noriega,Graham
Noriega,Karena,Michel,Monet,Noriega,Jevon
Noriega,Freeman,Michel,Carlie,Noriega,Graham
Noriega,Niki,Michel,Monet,Noriega,Jevon
Noriega,Leonel,Michel,Carlie,Noriega,Graham
Noriega,Daesha,Michel,Monet,Noriega,Jevon
Noriega,Jovon,Michel,Carlie,Noriega,Graham
Noriega,Marysol,Michel,Kendyl,Noriega,Dana
Michel,Bobby,Noriega,Austin,Michel,Jalil
Noriega,Emmalee,Michel,Kendyl,Noriega,Dana
Michel,Josejuan,Noriega,Austin,Michel,Jalil
Noriega,Breanna,Michel,Kendyl,Noriega,Dana
Michel,Kelton,Noriega,Austin,Michel,Jalil
Noriega,Maryssa,Michel,Kendyl,Noriega,Dana
Michel,Darrius,Noriega,Tiani,Michel,Armando
Noriega,Rebekah,Michel,Kendyl,Noriega,Dana
Michel,Cyrus,Noriega,Tiani,Michel,Armando
Noriega,Ayanna,Michel,Carlie,Noriega,Graham
Michel,Jessie,Noriega,Tiani,Michel,Armando
Noriega,Tristan,Michel,Carlie,Noriega,Graham
Michel,Karl,Noriega,Tiani,Michel,Armando
Noriega,Margarita,Michel,Carlie,Noriega,Graham
Michel,Ahmed,Noriega,Tiani,Michel,Armando
Noriega,Francis,Michel,Carlie,Noriega,Graham
Michel,Pedro,Noriega,Krista,Michel,Rayvon
Noriega,Janessa,Michel,Carlie,Noriega,Graham
Michel,Daequan,Noriega,Krista,Michel,Rayvon
Noriega,Kierstin,Michel,Carlie,Noriega,Graham
Michel,Johnathen,Noriega,Krista,Michel,Rayvon
Noriega,Kelsi,Michel,Carlie,Noriega,Graham
Michel,Kamau,Noriega,Krista,Michel,Rayvon
Noriega,Makenna,Michel,Carlie,Noriega,Graham
Michel,Austin,Noriega,Krista,Michel,Rayvon
Michel,Miriam,Noriega,Austin,Michel,Jalil
Michel,Ramiro,Noriega,Krista,Michel,Rayvon
Michel,Hunter,Noriega,Austin,Michel,Jalil
Michel,Benny,Noriega,Krista,Michel,Rayvon
Michel,Janie,Noriega,Tiani,Michel,Armando
Michel,Salvador,Noriega,Krista,Michel,Rayvon
Michel,Rowan,Noriega,Tiani,Michel,Armando
Michel,Trent,Noriega,Krista,Michel,Rayvon
Michel,Brionna,Noriega,Tiani,Michel,Armando
Michel,Shaquille,Noriega,Krista,Michel,Rayvon
Michel,Kristine,Noriega,Tiani,Michel,Armando
Michel,Valentin,Noriega,Krista,Michel,Rayvon
Michel,Shaye,Noriega,Tiani,Michel,Armando
Michel,Trenton,Noriega,Shayna,Michel,Wilson
Michel,Destiney,Noriega,Krista,Michel,Rayvon
Michel,Olivier,Noriega,Shayna,Michel,Wilson
Michel,Diana,Noriega,Krista,Michel,Rayvon
Michel,Truman,Noriega,Shayna,Michel,Wilson
Michel,Emilee,Noriega,Krista,Michel,Rayvon
Michel,Rasheed,Noriega,Shayna,Michel,Wilson
Michel,Shelby,Noriega,Krista,Michel,Rayvon
Michel,Brandon,Noriega,Shayna,Michel,Wilson
Michel,Skye,Noriega,Krista,Michel,Rayvon
Michel,Armani,Noriega,Vanessa,Michel,Keith
Michel,Mercedes,Noriega,Krista,Michel,Rayvon
Michel,Collin,Noriega,Vanessa,Michel,Keith
Michel,Hattie,Noriega,Krista,Michel,Rayvon
Michel,Roy,Noriega,Vanessa,Michel,Keith
Michel,London,Noriega,Krista,Michel,Rayvon
Michel,Richard,Noriega,Deisy,Michel,Daquan
Michel,Passion,Noriega,Shayna,Michel,Wilson
Michel,Garrett,Noriega,Deisy,Michel,Daquan
Michel,Marjorie,Noriega,Shayna,Michel,Wilson
Michel,Garrick,Noriega,Deisy,Michel,Daquan
Michel,Harmony,Noriega,Shayna,Michel,Wilson
Michel,Joshua,Noriega,Deisy,Michel,Daquan
Michel,Jenny,Noriega,Shayna,Michel,Wilson
Michel,Kirk,Noriega,Deisy,Michel,Daquan
Michel,Natalya,Noriega,Shayna,Michel,Wilson
Michel,Leonel,Noriega,Deisy,Michel,Daquan
Michel,Chastity,Noriega,Shayna,Michel,Wilson
Michel,Dustin,Noriega,Mykayla,Michel,Trace
Michel,Corinne,Noriega,Shayna,Michel,Wilson
Michel,Titus,Noriega,Mykayla,Michel,Trace
Michel,Macey,Noriega,Shayna,Michel,Wilson
Michel,Ibrahim,Noriega,Mykayla,Michel,Trace
Michel,Carly,Noriega,Shayna,Michel,Wilson
Michel,Clay,Noriega,Mykayla,Michel,Trace
Michel,Kristina,Noriega,Shayna,Michel,Wilson
Michel,Yakov,Noriega,Mykayla,Michel,Trace
Michel,Khaila,Noriega,Shayna,Michel,Wilson
Reilly,Antonio,Michel,Yuki,Reilly,Gilberto
Michel,Evelin,Noriega,Shayna,Michel,Wilson
Reilly,Dennis,Michel,Yuki,Reilly,Gilberto
Michel,Reilly,Noriega,Vanessa,Michel,Keith
Reilly,Simeon,Michel,Yuki,Reilly,Gilberto
Michel,Janell,Noriega,Vanessa,Michel,Keith
Reilly,Jeremy,Michel,Yuki,Reilly,Gilberto
Michel,Kayle,Noriega,Vanessa,Michel,Keith
Reilly,Demonte,Michel,Yuki,Reilly,Gilberto
Michel,Teagan,Noriega,Vanessa,Michel,Keith
Reilly,Josiah,Michel,Noemi,Reilly,Bennett
Michel,Xochitl,Noriega,Vanessa,Michel,Keith
Reilly,Brady,Michel,Noemi,Reilly,Bennett
Michel,Emely,Noriega,Vanessa,Michel,Keith
Reilly,Deshawn,Michel,Cheryl,Reilly,Marlon
Michel,Andrea,Noriega,Deisy,Michel,Daquan
Reilly,Asher,Michel,Cheryl,Reilly,Marlon
Michel,Kaylea,Noriega,Deisy,Michel,Daquan
Reilly,Shayne,Michel,Cheryl,Reilly,Marlon
Michel,Dulce,Noriega,Deisy,Michel,Daquan
Reilly,Sydney,Michel,Kaela,Reilly,Yash
Michel,Haley,Noriega,Deisy,Michel,Daquan
Reilly,Dyllon,Michel,Kaela,Reilly,Yash
Michel,April,Noriega,Deisy,Michel,Daquan
Reilly,Calib,Michel,Kaela,Reilly,Yash
Michel,Lacey,Noriega,Deisy,Michel,Daquan
Reilly,Erich,Michel,Annabel,Reilly,Dimitri
Michel,Kylee,Noriega,Deisy,Michel,Daquan
Reilly,Terrell,Michel,Annabel,Reilly,Dimitri
Michel,Rhiannon,Noriega,Deisy,Michel,Daquan
Reilly,Isidro,Michel,Annabel,Reilly,Dimitri
Michel,Patricia,Noriega,Mykayla,Michel,Trace
Deardorff,Wilfredo,Michel,Desiree,Deardorff,Sergio
Michel,Aylssa,Noriega,Mykayla,Michel,Trace
Deardorff,Aspen,Michel,Desiree,Deardorff,Sergio
Michel,Darcie,Noriega,Mykayla,Michel,Trace
Deardorff,Davin,Michel,Desiree,Deardorff,Sergio
Michel,Dana,Noriega,Mykayla,Michel,Trace
Deardorff,Curtis,Michel,Amina,Deardorff,Oren
Michel,Tierney,Noriega,Mykayla,Michel,Trace
Deardorff,Andy,Michel,Amina,Deardorff,Oren
Michel,Juliet,Noriega,Mykayla,Michel,Trace
Deardorff,Jaron,Michel,Amina,Deardorff,Oren
Reilly,Precious,Michel,Yuki,Reilly,Gilberto
Deardorff,Britton,Michel,Amina,Deardorff,Oren
Reilly,Elijah,Michel,Yuki,Reilly,Gilberto
Deardorff,Barrett,Michel,Amina,Deardorff,Oren
Reilly,Yadira,Michel,Yuki,Reilly,Gilberto
Deardorff,Derrick,Michel,Amina,Deardorff,Oren
Reilly,Jayme,Michel,Yuki,Reilly,Gilberto
Deardorff,Bradley,Reilly,Rita,Deardorff,Kellen
Reilly,Giovanna,Michel,Yuki,Reilly,Gilberto
Deardorff,Camden,Reilly,Rita,Deardorff,Kellen
Reilly,Kassandra,Michel,Yuki,Reilly,Gilberto
Deardorff,Armani,Reilly,Rita,Deardorff,Kellen
Reilly,Alysia,Michel,Yuki,Reilly,Gilberto
Deardorff,Ignacio,Reilly,Rita,Deardorff,Kellen
Reilly,Kalsie,Michel,Yuki,Reilly,Gilberto
Deardorff,Patric,Reilly,Rita,Deardorff,Kellen
Reilly,Chelsea,Michel,Yuki,Reilly,Gilberto
Deardorff,Eric,Reilly,Rita,Deardorff,Kellen
Reilly,Rochelle,Michel,Yuki,Reilly,Gilberto
Deardorff,Arjun,Reilly,Rita,Deardorff,Kellen
Reilly,Nathaly,Michel,Yuki,Reilly,Gilberto
Deardorff,Garett,Reilly,Sade,Deardorff,Hayes
Reilly,Kimberly,Michel,Yuki,Reilly,Gilberto
Deardorff,Kelson,Reilly,Sade,Deardorff,Hayes
Reilly,Hanna,Michel,Yuki,Reilly,Gilberto
Deardorff,Asher,Reilly,Sade,Deardorff,Hayes
Reilly,Kayley,Michel,Yuki,Reilly,Gilberto
Deardorff,Rodney,Reilly,Sade,Deardorff,Hayes
Reilly,Janesha,Michel,Yuki,Reilly,Gilberto
Deardorff,Conner,Reilly,Tristin,Deardorff,Khalid
Reilly,Jane,Michel,Noemi,Reilly,Bennett
Deardorff,Shamar,Reilly,Tristin,Deardorff,Khalid
Reilly,Sherridan,Michel,Noemi,Reilly,Bennett
Deardorff,Dale,Reilly,Tristin,Deardorff,Khalid
Reilly,Makena,Michel,Noemi,Reilly,Bennett
Deardorff,Kenny,Reilly,Tristin,Deardorff,Khalid
Reilly,Tatiana,Michel,Noemi,Reilly,Bennett
Deardorff,Diego,Reilly,Tristin,Deardorff,Khalid
Reilly,Aubrie,Michel,Noemi,Reilly,Bennett
Deardorff,Keshaun,Reilly,Tristin,Deardorff,Khalid
Reilly,Tierra,Michel,Noemi,Reilly,Bennett
Deardorff,Jairo,Reilly,Tristin,Deardorff,Khalid
Reilly,Keila,Michel,Cheryl,Reilly,Marlon
Deardorff,Paul,Reilly,Maryanne,Deardorff,Xavier
Reilly,Gabriela,Michel,Cheryl,Reilly,Marlon
Deardorff,Vinh,Reilly,Maryanne,Deardorff,Xavier
Reilly,Tasha,Michel,Cheryl,Reilly,Marlon
Deardorff,Bill,Reilly,Maryanne,Deardorff,Xavier
Reilly,Leah,Michel,Cheryl,Reilly,Marlon
Deardorff,Jason,Reilly,Maryanne,Deardorff,Xavier
Reilly,Amelia,Michel,Cheryl,Reilly,Marlon
Deardorff,Ross,Reilly,Maryanne,Deardorff,Xavier
Reilly,Moesha,Michel,Cheryl,Reilly,Marlon
Deardorff,Lamar,Reilly,Emilia,Deardorff,George
Reilly,Marelyn,Michel,Cheryl,Reilly,Marlon
Deardorff,Robert,Reilly,Emilia,Deardorff,George
Reilly,Sierra,Michel,Cheryl,Reilly,Marlon
Deardorff,Noe,Reilly,Renee,Deardorff,Orlando
Reilly,Jayla,Michel,Kaela,Reilly,Yash
Deardorff,Theodore,Reilly,Renee,Deardorff,Orlando
Reilly,Brandy,Michel,Kaela,Reilly,Yash
Deardorff,Keanu,Reilly,Renee,Deardorff,Orlando
Reilly,Geneva,Michel,Kaela,Reilly,Yash
Deardorff,Brody,Reilly,Renee,Deardorff,Orlando
Reilly,Ashly,Michel,Kaela,Reilly,Yash
Deardorff,Khalil,Reilly,Renee,Deardorff,Orlando
Reilly,Kaci,Michel,Kaela,Reilly,Yash
Deardorff,Brian,Hoffman,Jaida,Deardorff,Aleksandr
Reilly,Merideth,Michel,Kaela,Reilly,Yash
Deardorff,Tristen,Hoffman,Jaida,Deardorff,Aleksandr
Reilly,Jensen,Michel,Annabel,Reilly,Dimitri
Deardorff,Deandre,Hoffman,Jaida,Deardorff,Aleksandr
Reilly,Aylssa,Michel,Annabel,Reilly,Dimitri
Deardorff,Justice,Hoffman,Jaida,Deardorff,Aleksandr
Reilly,Carra,Michel,Annabel,Reilly,Dimitri
Hoffman,Cole,Deardorff,Kristian,Hoffman,Claudio
Reilly,Emma,Michel,Annabel,Reilly,Dimitri
Hoffman,Garrison,Deardorff,Kristian,Hoffman,Claudio
Reilly,Zoee,Michel,Annabel,Reilly,Dimitri
Hoffman,Marco,Deardorff,Kristian,Hoffman,Claudio
Reilly,Chaya,Michel,Annabel,Reilly,Dimitri
Hoffman,Dusty,Deardorff,Kristian,Hoffman,Claudio
Reilly,Lizette,Michel,Annabel,Reilly,Dimitri
Hoffman,Philip,Deardorff,Kristian,Hoffman,Claudio
Reilly,Susanna,Michel,Annabel,Reilly,Dimitri
Hoffman,Frederick,Deardorff,Kristian,Hoffman,Claudio
Reilly,Shekinah,Michel,Annabel,Reilly,Dimitri
Hoffman,Andy,Deardorff,Kristian,Hoffman,Claudio
Reilly,Simone,Michel,Annabel,Reilly,Dimitri
Hoffman,Idris,Deardorff,Carra,Hoffman,Reuben
Deardorff,Maren,Michel,Amina,Deardorff,Oren
Hoffman,Grady,Deardorff,Carra,Hoffman,Reuben
Deardorff,Alyson,Michel,Amina,Deardorff,Oren
Hoffman,Habram,Deardorff,Carra,Hoffman,Reuben
Deardorff,Rikki,Michel,Amina,Deardorff,Oren
Hoffman,Mauro,Deardorff,Carra,Hoffman,Reuben
Deardorff,Diana,Reilly,Rita,Deardorff,Kellen
Hoffman,Damien,Deardorff,Carra,Hoffman,Reuben
Deardorff,Malia,Reilly,Rita,Deardorff,Kellen
Hoffman,Nickalus,Deardorff,Carra,Hoffman,Reuben
Deardorff,Josey,Reilly,Rita,Deardorff,Kellen
Hoffman,Tysen,Deardorff,Carra,Hoffman,Reuben
Deardorff,Aliyah,Reilly,Rita,Deardorff,Kellen
Hoffman,Alonzo,Deardorff,Carra,Hoffman,Reuben
Deardorff,Shanique,Reilly,Rita,Deardorff,Kellen
Hoffman,Maliki,Deardorff,Carra,Hoffman,Reuben
Deardorff,Myra,Reilly,Rita,Deardorff,Kellen
Hoffman,Zachery,Deardorff,Amna,Hoffman,Kelsey
Deardorff,Beatriz,Reilly,Rita,Deardorff,Kellen
Hoffman,Jerry,Deardorff,Amna,Hoffman,Kelsey
Deardorff,Kaitlin,Reilly,Rita,Deardorff,Kellen
Hoffman,Jameson,Deardorff,Amna,Hoffman,Kelsey
Deardorff,Makenna,Reilly,Rita,Deardorff,Kellen
Hoffman,Kegan,Deardorff,Nathalie,Hoffman,Carter
Deardorff,Sharae,Reilly,Rita,Deardorff,Kellen
Hoffman,Nathanael,Deardorff,Nathalie,Hoffman,Carter
Deardorff,Zoe,Reilly,Rita,Deardorff,Kellen
Hoffman,Mathew,Deardorff,Nathalie,Hoffman,Carter
Deardorff,Vanessa,Reilly,Sade,Deardorff,Hayes
Hoffman,Travis,Deardorff,Nathalie,Hoffman,Carter
Deardorff,Bethany,Reilly,Sade,Deardorff,Hayes
Hoffman,Jade,Deardorff,Nathalie,Hoffman,Carter
Deardorff,Avery,Reilly,Sade,Deardorff,Hayes
Hoffman,Colby,Deardorff,Malika,Hoffman,Julius
Deardorff,Jazmin,Reilly,Tristin,Deardorff,Khalid
Hoffman,Jessie,Deardorff,Malika,Hoffman,Julius
Deardorff,Caitlin,Reilly,Tristin,Deardorff,Khalid
Hoffman,Devin,Deardorff,Malika,Hoffman,Julius
Deardorff,Tessa,Reilly,Tristin,Deardorff,Khalid
Hoffman,Levi,Deardorff,Malika,Hoffman,Julius
Deardorff,Crystal,Reilly,Tristin,Deardorff,Khalid
Hoffman,Lars,Deardorff,Malika,Hoffman,Julius
Deardorff,Emma,Reilly,Maryanne,Deardorff,Xavier
Hoffman,Anibal,Deardorff,Maryanna,Hoffman,Marcell
Deardorff,Lindsey,Reilly,Emilia,Deardorff,George
Hoffman,Karl,Deardorff,Maryanna,Hoffman,Marcell
Deardorff,Torrie,Reilly,Emilia,Deardorff,George
Hoffman,Joey,Deardorff,Maryanna,Hoffman,Marcell
Deardorff,Courtney,Reilly,Emilia,Deardorff,George
Hoffman,Nick,Deardorff,Maryanna,Hoffman,Marcell
Deardorff,Patsy,Reilly,Renee,Deardorff,Orlando
Hoffman,Tyreek,Deardorff,Maryanna,Hoffman,Marcell
Deardorff,Linnea,Reilly,Renee,Deardorff,Orlando
Hoffman,Deondre,Deardorff,Jaimie,Hoffman,Reid
Deardorff,Janeth,Reilly,Renee,Deardorff,Orlando
Hoffman,Jeff,Deardorff,Jaimie,Hoffman,Reid
Deardorff,Yamilex,Reilly,Renee,Deardorff,Orlando
Hoffman,Justin,Deardorff,Jaimie,Hoffman,Reid
Deardorff,Audrey,Reilly,Renee,Deardorff,Orlando
Hoffman,Freeman,Deardorff,Jaimie,Hoffman,Reid
Deardorff,Felisha,Reilly,Renee,Deardorff,Orlando
Hoffman,Brannon,Deardorff,Jaimie,Hoffman,Reid
Deardorff,Luisa,Reilly,Renee,Deardorff,Orlando
Hoffman,Kellen,Deardorff,Jaimie,Hoffman,Reid
Deardorff,Deandrea,Reilly,Renee,Deardorff,Orlando
Hoffman,Conor,Deardorff,Jaimie,Hoffman,Reid
Deardorff,Paige,Hoffman,Jaida,Deardorff,Aleksandr
Hoffman,Kaleb,Deardorff,Jaimie,Hoffman,Reid
Deardorff,Rachelle,Hoffman,Jaida,Deardorff,Aleksandr
Hoffman,Sawyer,Deardorff,Jaimie,Hoffman,Reid
Deardorff,Kendra,Hoffman,Jaida,Deardorff,Aleksandr
Hoffman,John,Deardorff,Jaimie,Hoffman,Reid
Deardorff,Austin,Hoffman,Jaida,Deardorff,Aleksandr
Hoffman,Rafael,Deardorff,Jaimie,Hoffman,Reid
Deardorff,Jordan,Hoffman,Jaida,Deardorff,Aleksandr
Hoffman,Brandon,Deardorff,Jaimie,Hoffman,Reid
Deardorff,Makala,Hoffman,Jaida,Deardorff,Aleksandr
Hoffman,Reynaldo,Deardorff,Becca,Hoffman,Louis
Deardorff,Annemarie,Hoffman,Jaida,Deardorff,Aleksandr
Hoffman,Eduardo,Deardorff,Becca,Hoffman,Louis
Deardorff,Kristy,Hoffman,Jaida,Deardorff,Aleksandr
Hoffman,Trenton,Deardorff,Becca,Hoffman,Louis
Deardorff,Arianna,Hoffman,Jaida,Deardorff,Aleksandr
Hoffman,Juan,Deardorff,Becca,Hoffman,Louis
Deardorff,Lexi,Hoffman,Jaida,Deardorff,Aleksandr
Hoffman,Devon,Deardorff,Becca,Hoffman,Louis
Hoffman,Clara,Deardorff,Kristian,Hoffman,Claudio
Hoffman,Hakeem,Deardorff,Becca,Hoffman,Louis
Hoffman,Tatum,Deardorff,Kristian,Hoffman,Claudio
Hoffman,Reginald,Deardorff,Becca,Hoffman,Louis
Hoffman,Katharine,Deardorff,Kristian,Hoffman,Claudio
Hoffman,Jaylon,Deardorff,Becca,Hoffman,Louis
Hoffman,Krystan,Deardorff,Carra,Hoffman,Reuben
Hoffman,Titus,Deardorff,Becca,Hoffman,Louis
Hoffman,Caitlyn,Deardorff,Carra,Hoffman,Reuben
Melvin,Niko,Deardorff,Mary,Melvin,Bret
Hoffman,Jessenia,Deardorff,Carra,Hoffman,Reuben
Melvin,Kenneth,Deardorff,Mary,Melvin,Bret
Hoffman,Sariah,Deardorff,Carra,Hoffman,Reuben
Melvin,Migel,Deardorff,Mary,Melvin,Bret
Hoffman,Cherokee,Deardorff,Carra,Hoffman,Reuben
Melvin,Draven,Deardorff,Mary,Melvin,Bret
Hoffman,Delilah,Deardorff,Carra,Hoffman,Reuben
Melvin,Blake,Deardorff,Mary,Melvin,Bret
Hoffman,Lori,Deardorff,Carra,Hoffman,Reuben
Melvin,Dean,Deardorff,Mary,Melvin,Bret
Hoffman,Abbie,Deardorff,Carra,Hoffman,Reuben
Melvin,Brett,Deardorff,Mary,Melvin,Bret
Hoffman,Marissa,Deardorff,Carra,Hoffman,Reuben
Melvin,Deion,Deardorff,Maddison,Melvin,Jake
Hoffman,Kyana,Deardorff,Amna,Hoffman,Kelsey
Melvin,Callum,Deardorff,Maddison,Melvin,Jake
Hoffman,Irene,Deardorff,Amna,Hoffman,Kelsey
Melvin,Destin,Deardorff,Maddison,Melvin,Jake
Hoffman,Maricela,Deardorff,Amna,Hoffman,Kelsey
Melvin,Landon,Deardorff,Iridiana,Melvin,Kamau
Hoffman,Nicole,Deardorff,Amna,Hoffman,Kelsey
Melvin,Keion,Deardorff,Iridiana,Melvin,Kamau
Hoffman,Kiara,Deardorff,Nathalie,Hoffman,Carter
Melvin,Kenyon,Deardorff,Iridiana,Melvin,Kamau
Hoffman,Theresa,Deardorff,Nathalie,Hoffman,Carter
Melvin,Connor,Deardorff,Iridiana,Melvin,Kamau
Hoffman,Lorena,Deardorff,Nathalie,Hoffman,Carter
Melvin,Dedrick,Deardorff,Iridiana,Melvin,Kamau
Hoffman,Leandra,Deardorff,Nathalie,Hoffman,Carter
Melvin,Amari,Deardorff,Iridiana,Melvin,Kamau
Hoffman,Maya,Deardorff,Nathalie,Hoffman,Carter
Melvin,Garrison,Deardorff,Iridiana,Melvin,Kamau
Hoffman,Giselle,Deardorff,Nathalie,Hoffman,Carter
Melvin,Chadwick,Deardorff,Iridiana,Melvin,Kamau
Hoffman,Ariana,Deardorff,Nathalie,Hoffman,Carter
Melvin,Norman,Deardorff,Iridiana,Melvin,Kamau
Hoffman,Marisol,Deardorff,Nathalie,Hoffman,Carter
Melvin,Zane,Deardorff,Iridiana,Melvin,Kamau
Hoffman,Tiffany,Deardorff,Malika,Hoffman,Julius
Melvin,Jacques,Deardorff,Iridiana,Melvin,Kamau
Hoffman,Onesha,Deardorff,Malika,Hoffman,Julius
Melvin,Jerryd,Deardorff,Iridiana,Melvin,Kamau
Hoffman,Annmarie,Deardorff,Malika,Hoffman,Julius
Melvin,Casey,Hoffman,Allie,Melvin,Rodney
Hoffman,Shyanne,Deardorff,Maryanna,Hoffman,Marcell
Melvin,Kelton,Hoffman,Allie,Melvin,Rodney
Hoffman,Shiloh,Deardorff,Jaimie,Hoffman,Reid
Melvin,Lloyd,Hoffman,Allie,Melvin,Rodney
Hoffman,Aileen,Deardorff,Jaimie,Hoffman,Reid
Melvin,Brock,Hoffman,Allie,Melvin,Rodney
Hoffman,Evelin,Deardorff,Jaimie,Hoffman,Reid
Melvin,Reynaldo,Hoffman,Allie,Melvin,Rodney
Hoffman,Allyson,Deardorff,Jaimie,Hoffman,Reid
Melvin,Ethan,Hoffman,Allie,Melvin,Rodney
Hoffman,Katelin,Deardorff,Jaimie,Hoffman,Reid
Melvin,Geordan,Hoffman,Allie,Melvin,Rodney
Hoffman,Payton,Deardorff,Jaimie,Hoffman,Reid
Melvin,Devonta,Hoffman,Allie,Melvin,Rodney
Hoffman,Iridian,Deardorff,Jaimie,Hoffman,Reid
Melvin,Yash,Hoffman,Allie,Melvin,Rodney
Hoffman,Maire,Deardorff,Jaimie,Hoffman,Reid
Melvin,Sebastian,Hoffman,Allie,Melvin,Rodney
Hoffman,Cara,Deardorff,Becca,Hoffman,Louis
Melvin,Darnell,Hoffman,Allie,Melvin,Rodney
Hoffman,Heidi,Deardorff,Becca,Hoffman,Louis
Melvin,Lorenzo,Hoffman,Rebecca,Melvin,Mitchel
Hoffman,Kara,Deardorff,Becca,Hoffman,Louis
Melvin,Keagan,Hoffman,Rebecca,Melvin,Mitchel
Hoffman,Alexandra,Deardorff,Becca,Hoffman,Louis
Melvin,Jeff,Hoffman,Rebecca,Melvin,Mitchel
Hoffman,Patsy,Deardorff,Becca,Hoffman,Louis
Melvin,Alexis,Hoffman,Rosalinda,Melvin,Raul
Hoffman,Gloria,Deardorff,Becca,Hoffman,Louis
Melvin,Joe,Hoffman,Rosalinda,Melvin,Raul
Hoffman,Leeann,Deardorff,Becca,Hoffman,Louis
Melvin,Jerome,Hoffman,Rosalinda,Melvin,Raul
Hoffman,Danica,Deardorff,Becca,Hoffman,Louis
Melvin,Oneil,Hoffman,Rosalinda,Melvin,Raul
Melvin,Lesley,Deardorff,Mary,Melvin,Bret
Melvin,Ward,Hoffman,Rosalinda,Melvin,Raul
Melvin,Precious,Deardorff,Mary,Melvin,Bret
Melvin,Ray,Hoffman,Rosalinda,Melvin,Raul
Melvin,Karly,Deardorff,Mary,Melvin,Bret
Melvin,Ahmed,Hoffman,Rosalinda,Melvin,Raul
Melvin,Tawny,Deardorff,Mary,Melvin,Bret
Melvin,Randall,Hoffman,Rosalinda,Melvin,Raul
Melvin,Annmarie,Deardorff,Mary,Melvin,Bret
Melvin,Vernon,Hoffman,Rosalinda,Melvin,Raul
Melvin,Nadia,Deardorff,Mary,Melvin,Bret
Melvin,Leon,Hoffman,Jocelyn,Melvin,Jeffrey
Melvin,Isabella,Deardorff,Mary,Melvin,Bret
Melvin,Jimmy,Hoffman,Jocelyn,Melvin,Jeffrey
Melvin,Carra,Deardorff,Mary,Melvin,Bret
Melvin,Quinn,Hoffman,Jocelyn,Melvin,Jeffrey
Melvin,Janie,Deardorff,Mary,Melvin,Bret
Melvin,Ramiro,Hoffman,Jocelyn,Melvin,Jeffrey
Melvin,Stella,Deardorff,Maddison,Melvin,Jake
Melvin,Zaire,Hoffman,Jocelyn,Melvin,Jeffrey
Melvin,Brittani,Deardorff,Maddison,Melvin,Jake
Parker,Edward,Hoffman,Maryann,Parker,Drake
Melvin,Jaqueline,Deardorff,Maddison,Melvin,Jake
Parker,Armani,Hoffman,Maryann,Parker,Drake
Melvin,Tayla,Deardorff,Maddison,Melvin,Jake
Parker,Brody,Hoffman,Maryann,Parker,Drake
Melvin,Eden,Deardorff,Iridiana,Melvin,Kamau
Parker,Gavin,Hoffman,Maryann,Parker,Drake
Melvin,Katelin,Deardorff,Iridiana,Melvin,Kamau
Parker,Jesse,Hoffman,Maryann,Parker,Drake
Melvin,Chasity,Deardorff,Iridiana,Melvin,Kamau
Parker,Aspen,Hoffman,Maryann,Parker,Drake
Melvin,Jaymie,Deardorff,Iridiana,Melvin,Kamau
Parker,Willis,Hoffman,Maryann,Parker,Drake
Melvin,Emily,Deardorff,Iridiana,Melvin,Kamau
Parker,Kegan,Hoffman,Maryann,Parker,Drake
Melvin,Alysha,Deardorff,Iridiana,Melvin,Kamau
Parker,Lloyd,Hoffman,Maryann,Parker,Drake
Melvin,Paola,Deardorff,Iridiana,Melvin,Kamau
Parker,Courtney,Hoffman,Maryann,Parker,Drake
Melvin,Alysia,Deardorff,Iridiana,Melvin,Kamau
Parker,Domenic,Hoffman,Maryann,Parker,Drake
Melvin,Sheridan,Hoffman,Allie,Melvin,Rodney
Parker,Westley,Hoffman,Maryann,Parker,Drake
Melvin,Ashli,Hoffman,Allie,Melvin,Rodney
Parker,Jeffery,Hoffman,Maryann,Parker,Drake
Melvin,Spencer,Hoffman,Allie,Melvin,Rodney
Parker,Peyton,Hoffman,Maryann,Parker,Drake
Melvin,Kierra,Hoffman,Allie,Melvin,Rodney
Parker,Mark,Hoffman,Maryann,Parker,Drake
Melvin,Krystal,Hoffman,Allie,Melvin,Rodney
Parker,Mitchel,Hoffman,Maryann,Parker,Drake
Melvin,Tessa,Hoffman,Allie,Melvin,Rodney
Parker,Darrell,Melvin,Caylee,Parker,Beau
Melvin,Hailey,Hoffman,Allie,Melvin,Rodney
Parker,Tyrone,Melvin,Caylee,Parker,Beau
Melvin,Adele,Hoffman,Allie,Melvin,Rodney
Parker,Kristofer,Melvin,Caylee,Parker,Beau
Melvin,Dorian,Hoffman,Rebecca,Melvin,Mitchel
Parker,Grady,Melvin,Mackenna,Parker,Kelsey
Melvin,Raquel,Hoffman,Rebecca,Melvin,Mitchel
