Washington,Harry,Evans,Keely,Washington,Koby
Ford,Liana,Curbeam,Felisha,Ford,Easton
Harris,John,Glenn,Julianne,Harris,Jaylen
Duke,Janessa,Fullerton,Natalya,Duke,Arturo
Higginbotham,Lorenzo,McArthur,Monica,Higginbotham,Dangelo
Frump,Kayleen,Shriver,Chelsie,Frump,Brenden
Rominger,Darrin,Garriott,Shianne,Rominger,Reynaldo
Lind,Heidi,Creighton,Tania,Lind,Jessee
Zophar,Kasey,Peterson,Myranda,Zophar,Bernard
Cameron,Kendall,Glenn,Ruby,Cameron,Jamie
Creighton,Rodolfo,Noriega,Annalisa,Creighton,Yvan
Carter,Ashly,Bowersox,Sheniqua,Carter,Kelton
Hoffman,Wilmer,Truman,Myesha,Hoffman,Keeton
Anders,Cori,Helms,Stephany,Anders,Amari
Readdy,Julio,Edwards,Maisie,Readdy,Harrison
Anders,Kathryn,Harrison,Chase,Anders,Dominique
Fincke,Collin,Frick,Tiffanie,Fincke,Antonio
Wilson,Kristie,Ferguson,Yasmeen,Wilson,Zackery
Creighton,Andy,Fincke,Shyanne,Creighton,Kurtis
Resnik,Marianna,Tanner,Joanna,Resnik,Tristian
Horowitz,Michal,Carter,Grecia,Horowitz,Travon
Griggs,Yvonne,Godwin,Emiley,Griggs,Brogan
Still,Quinton,Griggs,Shae,Still,Kasey
McNair,Sophia,Bull,Ashton,McNair,Sawyer
Washington,Oneil,Ford,Liana,Washington,Harry
Hoffman,Rose,Mattingly,Shayla,Hoffman,Gage
Washington,Korey,Ford,Liana,Washington,Harry
Jemison,Elaina,Llewellyn,Monique,Jemison,Jessie
Washington,Maurice,Ford,Liana,Washington,Harry
Grabe,Carmen,Hauck,Breona,Grabe,Jermaine
Washington,Neil,Ford,Liana,Washington,Harry
Hayes,Vera,McBride,Lara,Hayes,Aleksandr
Washington,Kenyon,Ford,Liana,Washington,Harry
Cameron,Melissa,Caldeiro,Frances,Cameron,Mohammad
Washington,Terrence,Ford,Liana,Washington,Harry
Jones,Anjelica,Cagle,Ashtyn,Jones,Dreshaun
Washington,Tracy,Ford,Liana,Washington,Harry
Washington,Ruby,Ford,Liana,Washington,Harry
Harris,Larry,Duke,Janessa,Harris,John
Washington,Kendra,Ford,Liana,Washington,Harry
Harris,Sam,Duke,Janessa,Harris,John
Washington,Jaycee,Ford,Liana,Washington,Harry
Harris,Stewart,Duke,Janessa,Harris,John
Washington,Payton,Ford,Liana,Washington,Harry
Higginbotham,Isidro,Frump,Kayleen,Higginbotham,Lorenzo
Washington,Irene,Ford,Liana,Washington,Harry
Higginbotham,Javion,Frump,Kayleen,Higginbotham,Lorenzo
Washington,Marelyn,Ford,Liana,Washington,Harry
Higginbotham,Deandre,Frump,Kayleen,Higginbotham,Lorenzo
Harris,Shakira,Duke,Janessa,Harris,John
Rominger,Esteban,Lind,Heidi,Rominger,Darrin
Harris,Zoey,Duke,Janessa,Harris,John
Rominger,Ishmael,Lind,Heidi,Rominger,Darrin
Harris,Lisette,Duke,Janessa,Harris,John
Rominger,Ayub,Lind,Heidi,Rominger,Darrin
Harris,Josey,Duke,Janessa,Harris,John
Rominger,Hassan,Lind,Heidi,Rominger,Darrin
Harris,Kendyl,Duke,Janessa,Harris,John
Rominger,Emiliano,Lind,Heidi,Rominger,Darrin
Harris,Molli,Duke,Janessa,Harris,John
Rominger,Nolan,Lind,Heidi,Rominger,Darrin
Higginbotham,Maryann,Frump,Kayleen,Higginbotham,Lorenzo
Rominger,Juancarlos,Lind,Heidi,Rominger,Darrin
Higginbotham,Anisha,Frump,Kayleen,Higginbotham,Lorenzo
Rominger,Chaz,Lind,Heidi,Rominger,Darrin
Higginbotham,Mckenna,Frump,Kayleen,Higginbotham,Lorenzo
Rominger,Warren,Lind,Heidi,Rominger,Darrin
Higginbotham,Yajaira,Frump,Kayleen,Higginbotham,Lorenzo
Rominger,Duncan,Lind,Heidi,Rominger,Darrin
Higginbotham,Crystal,Frump,Kayleen,Higginbotham,Lorenzo
Rominger,Kelsey,Lind,Heidi,Rominger,Darrin
Rominger,Kyndra,Lind,Heidi,Rominger,Darrin
Rominger,Dennis,Lind,Heidi,Rominger,Darrin
Rominger,Beatriz,Lind,Heidi,Rominger,Darrin
Zophar,Keegan,Cameron,Kendall,Zophar,Kasey
Rominger,Emilie,Lind,Heidi,Rominger,Darrin
Zophar,Kirkland,Cameron,Kendall,Zophar,Kasey
Rominger,Elizabet,Lind,Heidi,Rominger,Darrin
Zophar,Jaquan,Cameron,Kendall,Zophar,Kasey
Rominger,Shoshana,Lind,Heidi,Rominger,Darrin
Zophar,Saul,Cameron,Kendall,Zophar,Kasey
Rominger,Isis,Lind,Heidi,Rominger,Darrin
Zophar,Layne,Cameron,Kendall,Zophar,Kasey
Rominger,Ashlyn,Lind,Heidi,Rominger,Darrin
Zophar,Fabian,Cameron,Kendall,Zophar,Kasey
Rominger,Rocio,Lind,Heidi,Rominger,Darrin
Zophar,Craig,Cameron,Kendall,Zophar,Kasey
Zophar,Holli,Cameron,Kendall,Zophar,Kasey
Zophar,Michael,Cameron,Kendall,Zophar,Kasey
Zophar,Siera,Cameron,Kendall,Zophar,Kasey
Zophar,Elmer,Cameron,Kendall,Zophar,Kasey
Creighton,Patricia,Carter,Ashly,Creighton,Rodolfo
Creighton,Efren,Carter,Ashly,Creighton,Rodolfo
Creighton,Krystal,Carter,Ashly,Creighton,Rodolfo
Creighton,Travon,Carter,Ashly,Creighton,Rodolfo
Creighton,Madeleine,Carter,Ashly,Creighton,Rodolfo
Creighton,Harry,Carter,Ashly,Creighton,Rodolfo
Creighton,Corina,Carter,Ashly,Creighton,Rodolfo
Creighton,Jordin,Carter,Ashly,Creighton,Rodolfo
Creighton,Annmarie,Carter,Ashly,Creighton,Rodolfo
Creighton,Deshawn,Carter,Ashly,Creighton,Rodolfo
Creighton,Keirra,Carter,Ashly,Creighton,Rodolfo
Creighton,Cristobal,Carter,Ashly,Creighton,Rodolfo
Hoffman,Kiara,Anders,Cori,Hoffman,Wilmer
Creighton,Vernon,Carter,Ashly,Creighton,Rodolfo
Hoffman,Linnea,Anders,Cori,Hoffman,Wilmer
Creighton,Rodrigo,Carter,Ashly,Creighton,Rodolfo
Hoffman,Christina,Anders,Cori,Hoffman,Wilmer
Creighton,Mckay,Carter,Ashly,Creighton,Rodolfo
Hoffman,Caitriona,Anders,Cori,Hoffman,Wilmer
Hoffman,Nestor,Anders,Cori,Hoffman,Wilmer
Hoffman,Cori,Anders,Cori,Hoffman,Wilmer
Hoffman,Don,Anders,Cori,Hoffman,Wilmer
Hoffman,Tynia,Anders,Cori,Hoffman,Wilmer
Hoffman,Zachariah,Anders,Cori,Hoffman,Wilmer
Readdy,Sarah,Anders,Kathryn,Readdy,Julio
Hoffman,Alberto,Anders,Cori,Hoffman,Wilmer
Readdy,Heather,Anders,Kathryn,Readdy,Julio
Hoffman,Zackery,Anders,Cori,Hoffman,Wilmer
Readdy,Carlye,Anders,Kathryn,Readdy,Julio
Hoffman,Moses,Anders,Cori,Hoffman,Wilmer
Readdy,Sabrina,Anders,Kathryn,Readdy,Julio
Hoffman,Marcos,Anders,Cori,Hoffman,Wilmer
Readdy,Teagan,Anders,Kathryn,Readdy,Julio
Hoffman,Jacques,Anders,Cori,Hoffman,Wilmer
Readdy,Reagan,Anders,Kathryn,Readdy,Julio
Hoffman,Mauro,Anders,Cori,Hoffman,Wilmer
Readdy,Yuki,Anders,Kathryn,Readdy,Julio
Hoffman,Daryl,Anders,Cori,Hoffman,Wilmer
Readdy,Benita,Anders,Kathryn,Readdy,Julio
Hoffman,Samual,Anders,Cori,Hoffman,Wilmer
Readdy,Justine,Anders,Kathryn,Readdy,Julio
Hoffman,Tanner,Anders,Cori,Hoffman,Wilmer
Fincke,Katherine,Wilson,Kristie,Fincke,Collin
Hoffman,Clinton,Anders,Cori,Hoffman,Wilmer
Fincke,Ashtin,Wilson,Kristie,Fincke,Collin
Readdy,Marlon,Anders,Kathryn,Readdy,Julio
Fincke,Tierney,Wilson,Kristie,Fincke,Collin
Readdy,Emmitt,Anders,Kathryn,Readdy,Julio
Fincke,Cassie,Wilson,Kristie,Fincke,Collin
Readdy,Micah,Anders,Kathryn,Readdy,Julio
Fincke,Karah,Wilson,Kristie,Fincke,Collin
Readdy,Antonio,Anders,Kathryn,Readdy,Julio
Fincke,Shania,Wilson,Kristie,Fincke,Collin
Readdy,Ernesto,Anders,Kathryn,Readdy,Julio
Fincke,Karla,Wilson,Kristie,Fincke,Collin
Readdy,Jason,Anders,Kathryn,Readdy,Julio
Fincke,Caitriona,Wilson,Kristie,Fincke,Collin
Readdy,Demarcus,Anders,Kathryn,Readdy,Julio
Fincke,Tasha,Wilson,Kristie,Fincke,Collin
Readdy,Joel,Anders,Kathryn,Readdy,Julio
Fincke,Esther,Wilson,Kristie,Fincke,Collin
Readdy,Derick,Anders,Kathryn,Readdy,Julio
Fincke,Celena,Wilson,Kristie,Fincke,Collin
Readdy,August,Anders,Kathryn,Readdy,Julio
Creighton,Lexus,Resnik,Marianna,Creighton,Andy
Readdy,Felipe,Anders,Kathryn,Readdy,Julio
Creighton,Chloe,Resnik,Marianna,Creighton,Andy
Fincke,Braydon,Wilson,Kristie,Fincke,Collin
Creighton,Julianne,Resnik,Marianna,Creighton,Andy
Fincke,Bradly,Wilson,Kristie,Fincke,Collin
Horowitz,Maryanne,Griggs,Yvonne,Horowitz,Michal
Fincke,Erin,Wilson,Kristie,Fincke,Collin
Horowitz,Shawn,Griggs,Yvonne,Horowitz,Michal
Fincke,Casey,Wilson,Kristie,Fincke,Collin
Horowitz,Micayla,Griggs,Yvonne,Horowitz,Michal
Fincke,Ryland,Wilson,Kristie,Fincke,Collin
Horowitz,Keri,Griggs,Yvonne,Horowitz,Michal
Fincke,Rolando,Wilson,Kristie,Fincke,Collin
Still,Lourdes,McNair,Sophia,Still,Quinton
Fincke,Dwayne,Wilson,Kristie,Fincke,Collin
Still,Kenyatta,McNair,Sophia,Still,Quinton
Fincke,Marquise,Wilson,Kristie,Fincke,Collin
Still,Tristin,McNair,Sophia,Still,Quinton
Creighton,Nigel,Resnik,Marianna,Creighton,Andy
Still,Shelbi,McNair,Sophia,Still,Quinton
Creighton,Jaylan,Resnik,Marianna,Creighton,Andy
Still,Molly,McNair,Sophia,Still,Quinton
Creighton,Tom,Resnik,Marianna,Creighton,Andy
Washington,Anamarie,Hoffman,Rose,Washington,Oneil
Creighton,Maxwell,Resnik,Marianna,Creighton,Andy
Washington,Jaden,Jemison,Elaina,Washington,Korey
Creighton,Braeden,Resnik,Marianna,Creighton,Andy
Washington,Joy,Jemison,Elaina,Washington,Korey
Creighton,Drake,Resnik,Marianna,Creighton,Andy
Washington,Sommer,Jemison,Elaina,Washington,Korey
Creighton,Yakov,Resnik,Marianna,Creighton,Andy
Washington,Carlie,Jemison,Elaina,Washington,Korey
Creighton,Irfan,Resnik,Marianna,Creighton,Andy
Washington,Alysa,Jemison,Elaina,Washington,Korey
Horowitz,Draven,Griggs,Yvonne,Horowitz,Michal
Washington,Iesha,Jemison,Elaina,Washington,Korey
Horowitz,Anthony,Griggs,Yvonne,Horowitz,Michal
Washington,Perla,Jemison,Elaina,Washington,Korey
Horowitz,Lamar,Griggs,Yvonne,Horowitz,Michal
Washington,Brittany,Grabe,Carmen,Washington,Maurice
Horowitz,Asa,Griggs,Yvonne,Horowitz,Michal
Washington,Alicia,Grabe,Carmen,Washington,Maurice
Horowitz,Yvan,Griggs,Yvonne,Horowitz,Michal
Washington,Bryanna,Hayes,Vera,Washington,Neil
Horowitz,Braxton,Griggs,Yvonne,Horowitz,Michal
Washington,Elsa,Hayes,Vera,Washington,Neil
Horowitz,Kristofer,Griggs,Yvonne,Horowitz,Michal
Washington,Anja,Hayes,Vera,Washington,Neil
Horowitz,Dontae,Griggs,Yvonne,Horowitz,Michal
Washington,Felicia,Hayes,Vera,Washington,Neil
Still,Jarrod,McNair,Sophia,Still,Quinton
Washington,Tawny,Hayes,Vera,Washington,Neil
Still,Diondre,McNair,Sophia,Still,Quinton
Washington,Sasha,Cameron,Melissa,Washington,Kenyon
Still,Davon,McNair,Sophia,Still,Quinton
Washington,Emerald,Cameron,Melissa,Washington,Kenyon
Still,Riley,McNair,Sophia,Still,Quinton
Washington,Kaylea,Jones,Anjelica,Washington,Terrence
Still,Duncan,McNair,Sophia,Still,Quinton
Washington,Unique,Jones,Anjelica,Washington,Terrence
Washington,Marcanthon,Hoffman,Rose,Washington,Oneil
Washington,Raquel,Jones,Anjelica,Washington,Terrence
Washington,Jean,Hoffman,Rose,Washington,Oneil
Washington,Lourdes,Jones,Anjelica,Washington,Terrence
Washington,Tavon,Hoffman,Rose,Washington,Oneil
Washington,Breana,Jones,Anjelica,Washington,Terrence
Washington,Kory,Hoffman,Rose,Washington,Oneil
Washington,Marian,Jones,Anjelica,Washington,Terrence
Washington,Ever,Jemison,Elaina,Washington,Korey
Washington,Savanah,Jones,Anjelica,Washington,Terrence
Washington,Sahil,Jemison,Elaina,Washington,Korey
Washington,Jaime,Jones,Anjelica,Washington,Terrence
Washington,Killian,Jemison,Elaina,Washington,Korey
Washington,Libby,Jones,Anjelica,Washington,Terrence
Washington,Kristofer,Jemison,Elaina,Washington,Korey
Washington,Katharine,Jones,Anjelica,Washington,Terrence
Washington,Gavin,Jemison,Elaina,Washington,Korey
Washington,Joelle,Jones,Anjelica,Washington,Terrence
Washington,Keifer,Jemison,Elaina,Washington,Korey
Washington,Eva,Harris,Shakira,Washington,Tracy
Washington,Sheldon,Grabe,Carmen,Washington,Maurice
Washington,Kaylin,Harris,Shakira,Washington,Tracy
Washington,Adan,Grabe,Carmen,Washington,Maurice
Harris,Peyton,Washington,Ruby,Harris,Larry
Washington,Jordon,Grabe,Carmen,Washington,Maurice
Harris,Jayla,Washington,Ruby,Harris,Larry
Washington,Allan,Grabe,Carmen,Washington,Maurice
Harris,Nallely,Washington,Ruby,Harris,Larry
Washington,Kerry,Hayes,Vera,Washington,Neil
Harris,Salina,Washington,Ruby,Harris,Larry
Washington,Peter,Hayes,Vera,Washington,Neil
Harris,Nicolette,Washington,Ruby,Harris,Larry
Washington,Gilbert,Hayes,Vera,Washington,Neil
Harris,Heidy,Washington,Ruby,Harris,Larry
Washington,Francis,Hayes,Vera,Washington,Neil
Harris,Tara,Washington,Ruby,Harris,Larry
Washington,Cristian,Hayes,Vera,Washington,Neil
Harris,Lilly,Washington,Ruby,Harris,Larry
Washington,Duncan,Cameron,Melissa,Washington,Kenyon
Harris,Shauna,Washington,Ruby,Harris,Larry
Washington,Gannon,Jones,Anjelica,Washington,Terrence
Harris,Grecia,Washington,Ruby,Harris,Larry
Washington,Ronnie,Jones,Anjelica,Washington,Terrence
Harris,Sheri,Washington,Kendra,Harris,Sam
Washington,Deric,Jones,Anjelica,Washington,Terrence
Harris,Summer,Washington,Kendra,Harris,Sam
Washington,Alex,Jones,Anjelica,Washington,Terrence
Harris,Hanna,Washington,Jaycee,Harris,Stewart
Washington,Dimitri,Harris,Shakira,Washington,Tracy
Higginbotham,Cali,Washington,Payton,Higginbotham,Isidro
Harris,Garett,Washington,Ruby,Harris,Larry
Higginbotham,Daja,Washington,Payton,Higginbotham,Isidro
Harris,Zaquan,Washington,Ruby,Harris,Larry
Higginbotham,Kayland,Washington,Payton,Higginbotham,Isidro
Harris,Travis,Washington,Ruby,Harris,Larry
Higginbotham,Carissa,Washington,Irene,Higginbotham,Javion
Harris,Trevon,Washington,Ruby,Harris,Larry
Higginbotham,Leticia,Washington,Irene,Higginbotham,Javion
Harris,Brent,Washington,Ruby,Harris,Larry
Higginbotham,Diane,Washington,Irene,Higginbotham,Javion
Harris,Dontae,Washington,Ruby,Harris,Larry
Higginbotham,Naomi,Washington,Irene,Higginbotham,Javion
Harris,Cameron,Washington,Ruby,Harris,Larry
Higginbotham,Maryanne,Washington,Irene,Higginbotham,Javion
Harris,Tom,Washington,Ruby,Harris,Larry
Higginbotham,Lexi,Washington,Irene,Higginbotham,Javion
Harris,Hakeem,Washington,Kendra,Harris,Sam
Higginbotham,Alexandria,Washington,Irene,Higginbotham,Javion
Harris,Christophe,Washington,Jaycee,Harris,Stewart
Higginbotham,Zahra,Washington,Irene,Higginbotham,Javion
Harris,Forrest,Washington,Jaycee,Harris,Stewart
Higginbotham,Tania,Washington,Irene,Higginbotham,Javion
Harris,Barry,Washington,Jaycee,Harris,Stewart
Higginbotham,Zulema,Washington,Marelyn,Higginbotham,Deandre
Harris,Ron,Washington,Jaycee,Harris,Stewart
Higginbotham,Kitana,Washington,Marelyn,Higginbotham,Deandre
Harris,Randall,Washington,Jaycee,Harris,Stewart
Higginbotham,Trinity,Washington,Marelyn,Higginbotham,Deandre
Harris,Ruben,Washington,Jaycee,Harris,Stewart
Higginbotham,Bonnie,Washington,Marelyn,Higginbotham,Deandre
Harris,Clarence,Washington,Jaycee,Harris,Stewart
Rominger,Elyse,Harris,Zoey,Rominger,Esteban
Harris,Clay,Washington,Jaycee,Harris,Stewart
Rominger,Jaimie,Harris,Zoey,Rominger,Esteban
Harris,Saxon,Washington,Jaycee,Harris,Stewart
Rominger,Esther,Harris,Zoey,Rominger,Esteban
Harris,Yakov,Washington,Jaycee,Harris,Stewart
Rominger,Sarai,Harris,Zoey,Rominger,Esteban
Higginbotham,Neftaly,Washington,Payton,Higginbotham,Isidro
Rominger,Ashtyn,Harris,Zoey,Rominger,Esteban
Higginbotham,Stewart,Washington,Payton,Higginbotham,Isidro
Rominger,Emiley,Harris,Zoey,Rominger,Esteban
Higginbotham,Tate,Washington,Irene,Higginbotham,Javion
Rominger,Celina,Harris,Zoey,Rominger,Esteban
Higginbotham,Norman,Washington,Irene,Higginbotham,Javion
Rominger,Estela,Harris,Zoey,Rominger,Esteban
Higginbotham,Armani,Washington,Irene,Higginbotham,Javion
Rominger,Lianna,Harris,Zoey,Rominger,Esteban
Higginbotham,Rayvon,Washington,Irene,Higginbotham,Javion
Rominger,Hanna,Harris,Zoey,Rominger,Esteban
Higginbotham,Kurt,Washington,Irene,Higginbotham,Javion
Rominger,Breanne,Harris,Zoey,Rominger,Esteban
Higginbotham,Howard,Washington,Irene,Higginbotham,Javion
Rominger,Silvia,Harris,Zoey,Rominger,Esteban
Higginbotham,Matthew,Washington,Irene,Higginbotham,Javion
Rominger,Eleni,Harris,Lisette,Rominger,Ishmael
Higginbotham,Hassan,Washington,Marelyn,Higginbotham,Deandre
Rominger,Domonique,Harris,Lisette,Rominger,Ishmael
Higginbotham,Ryland,Washington,Marelyn,Higginbotham,Deandre
Rominger,Elizabeth,Harris,Lisette,Rominger,Ishmael
Higginbotham,Houston,Washington,Marelyn,Higginbotham,Deandre
Rominger,Shyanne,Harris,Lisette,Rominger,Ishmael
Higginbotham,Nathaniel,Washington,Marelyn,Higginbotham,Deandre
Rominger,Dalila,Harris,Josey,Rominger,Ayub
Higginbotham,Ramon,Washington,Marelyn,Higginbotham,Deandre
Rominger,Angelika,Harris,Josey,Rominger,Ayub
Higginbotham,Kristopher,Washington,Marelyn,Higginbotham,Deandre
Rominger,Athena,Harris,Josey,Rominger,Ayub
Rominger,Jared,Harris,Zoey,Rominger,Esteban
Rominger,Selina,Harris,Josey,Rominger,Ayub
Rominger,Stefan,Harris,Zoey,Rominger,Esteban
Rominger,Jeanna,Harris,Kendyl,Rominger,Hassan
Rominger,Barrett,Harris,Zoey,Rominger,Esteban
Rominger,Tiffani,Harris,Kendyl,Rominger,Hassan
Rominger,Evan,Harris,Zoey,Rominger,Esteban
Rominger,Willow,Harris,Kendyl,Rominger,Hassan
Rominger,Israel,Harris,Zoey,Rominger,Esteban
Rominger,Ali,Harris,Molli,Rominger,Emiliano
Rominger,Chris,Harris,Zoey,Rominger,Esteban
Rominger,Latasha,Harris,Molli,Rominger,Emiliano
Rominger,Shea,Harris,Zoey,Rominger,Esteban
Rominger,Molli,Harris,Molli,Rominger,Emiliano
Rominger,Wilmer,Harris,Zoey,Rominger,Esteban
Rominger,Abagail,Harris,Molli,Rominger,Emiliano
Rominger,Deante,Harris,Lisette,Rominger,Ishmael
Rominger,Camila,Harris,Molli,Rominger,Emiliano
Rominger,Zachariah,Harris,Lisette,Rominger,Ishmael
Rominger,Katie,Higginbotham,Maryann,Rominger,Nolan
Rominger,Jules,Harris,Lisette,Rominger,Ishmael
Rominger,Katharine,Higginbotham,Maryann,Rominger,Nolan
Rominger,Ward,Harris,Josey,Rominger,Ayub
Rominger,Yvette,Higginbotham,Maryann,Rominger,Nolan
Rominger,Moshe,Harris,Josey,Rominger,Ayub
Rominger,Jenniffer,Higginbotham,Maryann,Rominger,Nolan
Rominger,Daequan,Harris,Kendyl,Rominger,Hassan
Rominger,Devonna,Higginbotham,Maryann,Rominger,Nolan
Rominger,Arian,Harris,Kendyl,Rominger,Hassan
Rominger,Reagan,Higginbotham,Maryann,Rominger,Nolan
Rominger,Hunter,Harris,Kendyl,Rominger,Hassan
Rominger,Irene,Higginbotham,Maryann,Rominger,Nolan
Rominger,Tylor,Harris,Molli,Rominger,Emiliano
Rominger,Kathleen,Higginbotham,Maryann,Rominger,Nolan
Rominger,Frederic,Harris,Molli,Rominger,Emiliano
Rominger,Carli,Higginbotham,Maryann,Rominger,Nolan
Rominger,Dustin,Higginbotham,Maryann,Rominger,Nolan
Rominger,Mary,Higginbotham,Maryann,Rominger,Nolan
Rominger,Julius,Higginbotham,Maryann,Rominger,Nolan
Rominger,Jabria,Higginbotham,Anisha,Rominger,Juancarlos
Rominger,Kevon,Higginbotham,Maryann,Rominger,Nolan
Rominger,Crystal,Higginbotham,Anisha,Rominger,Juancarlos
Rominger,Jovonte,Higginbotham,Maryann,Rominger,Nolan
Rominger,Diana,Higginbotham,Anisha,Rominger,Juancarlos
Rominger,Valentin,Higginbotham,Maryann,Rominger,Nolan
Rominger,Nadia,Higginbotham,Anisha,Rominger,Juancarlos
Rominger,Jeffrey,Higginbotham,Anisha,Rominger,Juancarlos
Rominger,Baylee,Higginbotham,Mckenna,Rominger,Chaz
Rominger,Brice,Higginbotham,Anisha,Rominger,Juancarlos
Rominger,Shayna,Higginbotham,Mckenna,Rominger,Chaz
Rominger,Nick,Higginbotham,Anisha,Rominger,Juancarlos
Rominger,Cameron,Higginbotham,Mckenna,Rominger,Chaz
Rominger,Tracy,Higginbotham,Mckenna,Rominger,Chaz
Rominger,Annemarie,Higginbotham,Mckenna,Rominger,Chaz
Rominger,Donovan,Higginbotham,Mckenna,Rominger,Chaz
Rominger,Lourdes,Higginbotham,Mckenna,Rominger,Chaz
Rominger,Kai,Higginbotham,Mckenna,Rominger,Chaz
Rominger,Heidi,Higginbotham,Yajaira,Rominger,Warren
Rominger,Tate,Higginbotham,Yajaira,Rominger,Warren
Rominger,Madalyn,Higginbotham,Yajaira,Rominger,Warren
Rominger,Camron,Higginbotham,Yajaira,Rominger,Warren
Rominger,Tamra,Higginbotham,Yajaira,Rominger,Warren
Rominger,Mark,Higginbotham,Yajaira,Rominger,Warren
Rominger,Jazmyne,Higginbotham,Yajaira,Rominger,Warren
Rominger,Wyatt,Higginbotham,Yajaira,Rominger,Warren
Rominger,Margarita,Higginbotham,Yajaira,Rominger,Warren
Rominger,Luis,Higginbotham,Yajaira,Rominger,Warren
Rominger,Giselle,Higginbotham,Yajaira,Rominger,Warren
Rominger,Josiah,Higginbotham,Yajaira,Rominger,Warren
Rominger,Cherokee,Higginbotham,Yajaira,Rominger,Warren
Rominger,Jessie,Higginbotham,Yajaira,Rominger,Warren
Rominger,Amber,Higginbotham,Yajaira,Rominger,Warren
Rominger,Spencer,Higginbotham,Yajaira,Rominger,Warren
Rominger,Shannon,Higginbotham,Crystal,Rominger,Duncan
Rominger,Darien,Higginbotham,Yajaira,Rominger,Warren
Rominger,Dorothy,Higginbotham,Crystal,Rominger,Duncan
Rominger,Olivier,Higginbotham,Yajaira,Rominger,Warren
Rominger,Martha,Higginbotham,Crystal,Rominger,Duncan
Rominger,Kirkland,Higginbotham,Yajaira,Rominger,Warren
Rominger,Karissa,Higginbotham,Crystal,Rominger,Duncan
Rominger,Deanthony,Higginbotham,Yajaira,Rominger,Warren
Rominger,Lizbeth,Higginbotham,Crystal,Rominger,Duncan
Rominger,Avery,Higginbotham,Crystal,Rominger,Duncan
Rominger,Sarah,Zophar,Holli,Rominger,Kelsey
Rominger,Alek,Higginbotham,Crystal,Rominger,Duncan
Rominger,Marlene,Zophar,Holli,Rominger,Kelsey
Rominger,Kristofer,Higginbotham,Crystal,Rominger,Duncan
Rominger,Caylee,Zophar,Holli,Rominger,Kelsey
Rominger,Darryl,Higginbotham,Crystal,Rominger,Duncan
Rominger,Ellie,Zophar,Siera,Rominger,Dennis
Rominger,Jair,Zophar,Holli,Rominger,Kelsey
Rominger,Genevieve,Zophar,Siera,Rominger,Dennis
Rominger,Damon,Zophar,Siera,Rominger,Dennis
Rominger,Marysol,Zophar,Siera,Rominger,Dennis
Rominger,Brannon,Zophar,Siera,Rominger,Dennis
Zophar,Mariana,Rominger,Kyndra,Zophar,Keegan
Rominger,Branden,Zophar,Siera,Rominger,Dennis
Zophar,Denise,Rominger,Kyndra,Zophar,Keegan
Rominger,Marcanthon,Zophar,Siera,Rominger,Dennis
Zophar,Camelia,Rominger,Kyndra,Zophar,Keegan
Rominger,Slaten,Zophar,Siera,Rominger,Dennis
Zophar,Geraldine,Rominger,Kyndra,Zophar,Keegan
Zophar,Theodore,Rominger,Kyndra,Zophar,Keegan
Zophar,Abbigail,Rominger,Kyndra,Zophar,Keegan
Zophar,Asher,Rominger,Kyndra,Zophar,Keegan
Zophar,Kristie,Rominger,Emilie,Zophar,Jaquan
Zophar,Van,Rominger,Kyndra,Zophar,Keegan
Zophar,Patricia,Rominger,Emilie,Zophar,Jaquan
Zophar,Lloyd,Rominger,Kyndra,Zophar,Keegan
Zophar,Eryn,Rominger,Emilie,Zophar,Jaquan
Zophar,Jonah,Rominger,Kyndra,Zophar,Keegan
Zophar,Valerie,Rominger,Emilie,Zophar,Jaquan
Zophar,Barry,Rominger,Kyndra,Zophar,Keegan
Zophar,Bryanna,Rominger,Emilie,Zophar,Jaquan
Zophar,Logan,Rominger,Beatriz,Zophar,Kirkland
Zophar,Trinity,Rominger,Emilie,Zophar,Jaquan
Zophar,Lamonte,Rominger,Beatriz,Zophar,Kirkland
Zophar,Shannon,Rominger,Emilie,Zophar,Jaquan
Zophar,Davis,Rominger,Beatriz,Zophar,Kirkland
Zophar,Jane,Rominger,Emilie,Zophar,Jaquan
Zophar,Alek,Rominger,Emilie,Zophar,Jaquan
Zophar,Angelika,Rominger,Elizabet,Zophar,Saul
Zophar,Corbin,Rominger,Emilie,Zophar,Jaquan
Zophar,Micah,Rominger,Elizabet,Zophar,Saul
Zophar,Nelson,Rominger,Emilie,Zophar,Jaquan
Zophar,Danielle,Rominger,Elizabet,Zophar,Saul
Zophar,Bernardo,Rominger,Emilie,Zophar,Jaquan
Zophar,Cayla,Rominger,Elizabet,Zophar,Saul
Zophar,Jaleel,Rominger,Emilie,Zophar,Jaquan
Zophar,Kyndra,Rominger,Elizabet,Zophar,Saul
Zophar,Trace,Rominger,Emilie,Zophar,Jaquan
Zophar,Jaden,Rominger,Shoshana,Zophar,Layne
Zophar,Bryce,Rominger,Emilie,Zophar,Jaquan
Zophar,Viviana,Rominger,Shoshana,Zophar,Layne
Zophar,Brendan,Rominger,Emilie,Zophar,Jaquan
Zophar,Bailee,Rominger,Shoshana,Zophar,Layne
Zophar,Hassan,Rominger,Emilie,Zophar,Jaquan
Zophar,Suzette,Rominger,Shoshana,Zophar,Layne
Zophar,Tyson,Rominger,Emilie,Zophar,Jaquan
Zophar,Aubrey,Rominger,Shoshana,Zophar,Layne
Zophar,Kelton,Rominger,Emilie,Zophar,Jaquan
Zophar,Sarahi,Rominger,Shoshana,Zophar,Layne
Zophar,Marcos,Rominger,Emilie,Zophar,Jaquan
Zophar,Josephine,Rominger,Shoshana,Zophar,Layne
Zophar,Tad,Rominger,Elizabet,Zophar,Saul
Zophar,Sadie,Rominger,Isis,Zophar,Fabian
Zophar,Rasheed,Rominger,Shoshana,Zophar,Layne
Zophar,Tracy,Rominger,Isis,Zophar,Fabian
Zophar,Jameson,Rominger,Shoshana,Zophar,Layne
Zophar,Gabriel,Rominger,Isis,Zophar,Fabian
Zophar,Ulysses,Rominger,Isis,Zophar,Fabian
Zophar,Jillian,Rominger,Isis,Zophar,Fabian
Zophar,Kristopher,Rominger,Isis,Zophar,Fabian
Zophar,Hallie,Rominger,Isis,Zophar,Fabian
Zophar,Ismael,Rominger,Isis,Zophar,Fabian
Zophar,Krystan,Rominger,Isis,Zophar,Fabian
Zophar,Myron,Rominger,Ashlyn,Zophar,Craig
Zophar,Anastasia,Rominger,Ashlyn,Zophar,Craig
Zophar,Isaac,Rominger,Ashlyn,Zophar,Craig
Zophar,Raven,Rominger,Ashlyn,Zophar,Craig
Zophar,Nadav,Rominger,Ashlyn,Zophar,Craig
Zophar,Alexi,Rominger,Ashlyn,Zophar,Craig
Zophar,Cullen,Rominger,Ashlyn,Zophar,Craig
Zophar,Mykayla,Rominger,Ashlyn,Zophar,Craig
Zophar,Gordon,Rominger,Ashlyn,Zophar,Craig
Zophar,Kierra,Rominger,Ashlyn,Zophar,Craig
Zophar,Bryson,Rominger,Ashlyn,Zophar,Craig
Zophar,Kyana,Rominger,Ashlyn,Zophar,Craig
Zophar,Carter,Rominger,Ashlyn,Zophar,Craig
Zophar,Jasmin,Rominger,Rocio,Zophar,Michael
Zophar,Damien,Rominger,Ashlyn,Zophar,Craig
Zophar,Gwendolyn,Rominger,Rocio,Zophar,Michael
Zophar,Valentine,Rominger,Ashlyn,Zophar,Craig
Zophar,Tabatha,Rominger,Rocio,Zophar,Michael
Zophar,Jajuan,Rominger,Ashlyn,Zophar,Craig
Zophar,Marisol,Rominger,Rocio,Zophar,Michael
Zophar,Wesley,Rominger,Ashlyn,Zophar,Craig
Zophar,Stevie,Rominger,Rocio,Zophar,Michael
Zophar,Richard,Rominger,Rocio,Zophar,Michael
Zophar,Shaina,Rominger,Rocio,Zophar,Michael
Zophar,Cade,Rominger,Rocio,Zophar,Michael
Zophar,Karly,Rominger,Rocio,Zophar,Michael
Zophar,Micheal,Rominger,Rocio,Zophar,Michael
Zophar,Katelyn,Rominger,Rocio,Zophar,Michael
Zophar,Jorge,Rominger,Rocio,Zophar,Michael
Zophar,Rebekah,Rominger,Rocio,Zophar,Michael
Zophar,Dallin,Rominger,Rocio,Zophar,Michael
Zophar,Lily,Rominger,Rocio,Zophar,Michael
Zophar,Austyn,Rominger,Rocio,Zophar,Michael
Zophar,Johnna,Rominger,Rocio,Zophar,Michael
Zophar,Ronny,Rominger,Rocio,Zophar,Michael
Zophar,Alexandria,Creighton,Patricia,Zophar,Elmer
Zophar,Jacori,Creighton,Patricia,Zophar,Elmer
Creighton,Mikayla,Hoffman,Kiara,Creighton,Efren
Zophar,Wilmer,Creighton,Patricia,Zophar,Elmer
Creighton,Darcy,Hoffman,Kiara,Creighton,Efren
Zophar,Kylan,Creighton,Patricia,Zophar,Elmer
Creighton,Ashlynn,Hoffman,Kiara,Creighton,Efren
Zophar,Alfonso,Creighton,Patricia,Zophar,Elmer
Creighton,Jessenia,Hoffman,Kiara,Creighton,Efren
Creighton,Daequan,Hoffman,Kiara,Creighton,Efren
Creighton,Tehya,Hoffman,Kiara,Creighton,Efren
Creighton,Bradly,Hoffman,Kiara,Creighton,Efren
Creighton,Sofia,Hoffman,Kiara,Creighton,Efren
Creighton,Abdiel,Hoffman,Kiara,Creighton,Efren
Creighton,Keishla,Hoffman,Kiara,Creighton,Efren
Creighton,Ross,Hoffman,Kiara,Creighton,Efren
Creighton,Sandra,Hoffman,Kiara,Creighton,Efren
Creighton,Eduardo,Hoffman,Kiara,Creighton,Efren
Creighton,Jania,Hoffman,Kiara,Creighton,Efren
Creighton,Austen,Hoffman,Kiara,Creighton,Efren
Creighton,Audra,Hoffman,Kiara,Creighton,Efren
Creighton,Kayle,Hoffman,Linnea,Creighton,Travon
Creighton,Cecelia,Hoffman,Kiara,Creighton,Efren
Creighton,Drew,Hoffman,Linnea,Creighton,Travon
Creighton,Karena,Hoffman,Kiara,Creighton,Efren
Creighton,Dequan,Hoffman,Linnea,Creighton,Travon
Creighton,Milena,Hoffman,Kiara,Creighton,Efren
Creighton,Devon,Hoffman,Linnea,Creighton,Travon
Creighton,Keyshla,Hoffman,Kiara,Creighton,Efren
Creighton,Xzavier,Hoffman,Linnea,Creighton,Travon
Creighton,Jamiya,Hoffman,Linnea,Creighton,Travon
Creighton,Stephan,Hoffman,Linnea,Creighton,Travon
Creighton,Suzanna,Hoffman,Linnea,Creighton,Travon
Creighton,Baby,Hoffman,Linnea,Creighton,Travon
Creighton,Shyanne,Hoffman,Linnea,Creighton,Travon
Creighton,Terron,Hoffman,Linnea,Creighton,Travon
Creighton,Shaniah,Hoffman,Linnea,Creighton,Travon
Creighton,Christen,Hoffman,Linnea,Creighton,Travon
Creighton,Christine,Hoffman,Linnea,Creighton,Travon
Creighton,Danny,Hoffman,Linnea,Creighton,Travon
Creighton,Lisette,Hoffman,Linnea,Creighton,Travon
Creighton,Ever,Hoffman,Christina,Creighton,Harry
Creighton,Molly,Hoffman,Linnea,Creighton,Travon
Creighton,Bailey,Hoffman,Christina,Creighton,Harry
Creighton,Adrienne,Hoffman,Linnea,Creighton,Travon
Creighton,Larry,Hoffman,Christina,Creighton,Harry
Creighton,Brandi,Hoffman,Linnea,Creighton,Travon
Creighton,Brayden,Hoffman,Christina,Creighton,Harry
Creighton,Daja,Hoffman,Christina,Creighton,Harry
Creighton,Terance,Hoffman,Christina,Creighton,Harry
Creighton,Keisha,Hoffman,Christina,Creighton,Harry
Creighton,Desmond,Hoffman,Christina,Creighton,Harry
Creighton,Anthony,Hoffman,Christina,Creighton,Harry
Creighton,Corey,Hoffman,Christina,Creighton,Harry
Creighton,Sharon,Hoffman,Christina,Creighton,Harry
Creighton,Trae,Hoffman,Christina,Creighton,Harry
Creighton,Leana,Hoffman,Christina,Creighton,Harry
Creighton,Marquis,Hoffman,Caitriona,Creighton,Jordin
Creighton,Skye,Hoffman,Christina,Creighton,Harry
Creighton,Tad,Hoffman,Caitriona,Creighton,Jordin
Creighton,Elissa,Hoffman,Christina,Creighton,Harry
Creighton,Mohammed,Hoffman,Caitriona,Creighton,Jordin
Creighton,Chandler,Hoffman,Christina,Creighton,Harry
Creighton,Giovanni,Hoffman,Cori,Creighton,Deshawn
Creighton,Mindi,Hoffman,Christina,Creighton,Harry
Creighton,Demarco,Hoffman,Cori,Creighton,Deshawn
Creighton,Crystal,Hoffman,Christina,Creighton,Harry
Creighton,Hunter,Hoffman,Cori,Creighton,Deshawn
Creighton,Melanie,Hoffman,Christina,Creighton,Harry
Creighton,Adrian,Hoffman,Cori,Creighton,Deshawn
Creighton,Mary,Hoffman,Christina,Creighton,Harry
Creighton,Ahmed,Hoffman,Cori,Creighton,Deshawn
Creighton,Sabreen,Hoffman,Caitriona,Creighton,Jordin
Creighton,Kristofer,Hoffman,Cori,Creighton,Deshawn
Creighton,Aubrey,Hoffman,Caitriona,Creighton,Jordin
Creighton,Zev,Hoffman,Cori,Creighton,Deshawn
Creighton,Hadley,Hoffman,Cori,Creighton,Deshawn
Creighton,Darryl,Hoffman,Cori,Creighton,Deshawn
Creighton,Kendra,Hoffman,Cori,Creighton,Deshawn
Creighton,Darrell,Hoffman,Cori,Creighton,Deshawn
Creighton,Cheryl,Hoffman,Cori,Creighton,Deshawn
Creighton,Armani,Hoffman,Tynia,Creighton,Cristobal
Creighton,Destini,Hoffman,Cori,Creighton,Deshawn
Creighton,Rogelio,Hoffman,Tynia,Creighton,Cristobal
Creighton,Lindsay,Hoffman,Cori,Creighton,Deshawn
Creighton,Javier,Hoffman,Tynia,Creighton,Cristobal
Creighton,Sheri,Hoffman,Cori,Creighton,Deshawn
Creighton,Alfred,Hoffman,Tynia,Creighton,Cristobal
Creighton,Emerald,Hoffman,Cori,Creighton,Deshawn
Creighton,Jaleel,Readdy,Sarah,Creighton,Vernon
Creighton,Mikala,Hoffman,Cori,Creighton,Deshawn
Creighton,Deonte,Readdy,Heather,Creighton,Rodrigo
Creighton,Diane,Hoffman,Cori,Creighton,Deshawn
Creighton,Byron,Readdy,Heather,Creighton,Rodrigo
Creighton,Isabelle,Hoffman,Cori,Creighton,Deshawn
Creighton,Esau,Readdy,Heather,Creighton,Rodrigo
Creighton,Edith,Hoffman,Tynia,Creighton,Cristobal
Creighton,Rolando,Readdy,Heather,Creighton,Rodrigo
Creighton,Siarra,Hoffman,Tynia,Creighton,Cristobal
Creighton,Ameer,Readdy,Heather,Creighton,Rodrigo
Creighton,Mckayla,Hoffman,Tynia,Creighton,Cristobal
Creighton,Hakeem,Readdy,Heather,Creighton,Rodrigo
Creighton,Adele,Hoffman,Tynia,Creighton,Cristobal
Creighton,Richard,Readdy,Heather,Creighton,Rodrigo
Creighton,Kristie,Hoffman,Tynia,Creighton,Cristobal
Creighton,Devaughn,Readdy,Heather,Creighton,Rodrigo
Creighton,Tiffanie,Hoffman,Tynia,Creighton,Cristobal
Creighton,Xavier,Readdy,Carlye,Creighton,Mckay
Creighton,Chasity,Hoffman,Tynia,Creighton,Cristobal
Creighton,Lamonte,Readdy,Carlye,Creighton,Mckay
Creighton,Saige,Hoffman,Tynia,Creighton,Cristobal
Hoffman,Miles,Creighton,Krystal,Hoffman,Nestor
Creighton,Makenzi,Readdy,Sarah,Creighton,Vernon
Hoffman,Maxwell,Creighton,Krystal,Hoffman,Nestor
Creighton,Keyondra,Readdy,Sarah,Creighton,Vernon
Hoffman,Braeden,Creighton,Krystal,Hoffman,Nestor
Creighton,Shari,Readdy,Sarah,Creighton,Vernon
Hoffman,Dana,Creighton,Madeleine,Hoffman,Don
Creighton,Natalya,Readdy,Heather,Creighton,Rodrigo
Hoffman,Clint,Creighton,Madeleine,Hoffman,Don
Creighton,Cherie,Readdy,Heather,Creighton,Rodrigo
Hoffman,Carlos,Creighton,Madeleine,Hoffman,Don
Creighton,Jori,Readdy,Heather,Creighton,Rodrigo
Hoffman,Alec,Creighton,Madeleine,Hoffman,Don
Creighton,Anja,Readdy,Heather,Creighton,Rodrigo
Hoffman,Dreshaun,Creighton,Madeleine,Hoffman,Don
Creighton,Sania,Readdy,Heather,Creighton,Rodrigo
Hoffman,Mitchell,Creighton,Madeleine,Hoffman,Don
Creighton,Dulce,Readdy,Heather,Creighton,Rodrigo
Hoffman,Payton,Creighton,Madeleine,Hoffman,Don
Creighton,Siobhan,Readdy,Heather,Creighton,Rodrigo
Hoffman,Sedrick,Creighton,Corina,Hoffman,Zachariah
Creighton,Makena,Readdy,Heather,Creighton,Rodrigo
Hoffman,Bill,Creighton,Corina,Hoffman,Zachariah
Creighton,Tory,Readdy,Heather,Creighton,Rodrigo
Hoffman,Bobby,Creighton,Corina,Hoffman,Zachariah
Creighton,Emilee,Readdy,Heather,Creighton,Rodrigo
Hoffman,Reed,Creighton,Corina,Hoffman,Zachariah
Creighton,Grecia,Readdy,Carlye,Creighton,Mckay
Hoffman,Claudio,Creighton,Corina,Hoffman,Zachariah
Creighton,Lyndsey,Readdy,Carlye,Creighton,Mckay
Hoffman,Esau,Creighton,Annmarie,Hoffman,Alberto
Hoffman,Shae,Creighton,Krystal,Hoffman,Nestor
Hoffman,Alfredo,Creighton,Annmarie,Hoffman,Alberto
Hoffman,Marivel,Creighton,Krystal,Hoffman,Nestor
Hoffman,Keagan,Creighton,Annmarie,Hoffman,Alberto
Hoffman,Sky,Creighton,Krystal,Hoffman,Nestor
Hoffman,Tad,Creighton,Annmarie,Hoffman,Alberto
Hoffman,Johanna,Creighton,Krystal,Hoffman,Nestor
Hoffman,Misael,Creighton,Annmarie,Hoffman,Alberto
Hoffman,Klee,Creighton,Krystal,Hoffman,Nestor
Hoffman,Johnathen,Creighton,Annmarie,Hoffman,Alberto
Hoffman,Jamiya,Creighton,Krystal,Hoffman,Nestor
Hoffman,Brett,Creighton,Annmarie,Hoffman,Alberto
Hoffman,Dixie,Creighton,Krystal,Hoffman,Nestor
Hoffman,Guy,Creighton,Annmarie,Hoffman,Alberto
Hoffman,Jadah,Creighton,Madeleine,Hoffman,Don
Hoffman,Grant,Creighton,Keirra,Hoffman,Zackery
Hoffman,Harley,Creighton,Madeleine,Hoffman,Don
Hoffman,Ignacio,Creighton,Keirra,Hoffman,Zackery
Hoffman,Delilah,Creighton,Madeleine,Hoffman,Don
Hoffman,Terrence,Creighton,Keirra,Hoffman,Zackery
Hoffman,Kiesha,Creighton,Madeleine,Hoffman,Don
Hoffman,Lamont,Creighton,Keirra,Hoffman,Zackery
Hoffman,Devon,Creighton,Corina,Hoffman,Zachariah
Hoffman,Zaquan,Creighton,Keirra,Hoffman,Zackery
Hoffman,Jesslyn,Creighton,Corina,Hoffman,Zachariah
Hoffman,Lauren,Creighton,Keirra,Hoffman,Zackery
Hoffman,Anahi,Creighton,Corina,Hoffman,Zachariah
Hoffman,Bretton,Creighton,Keirra,Hoffman,Zackery
Hoffman,Misty,Creighton,Corina,Hoffman,Zachariah
Hoffman,Ralph,Readdy,Sabrina,Hoffman,Moses
Hoffman,Jaycie,Creighton,Corina,Hoffman,Zachariah
Hoffman,Gustavo,Readdy,Sabrina,Hoffman,Moses
Hoffman,Shiloh,Creighton,Corina,Hoffman,Zachariah
Hoffman,Justyn,Readdy,Teagan,Hoffman,Marcos
Hoffman,Kailey,Creighton,Annmarie,Hoffman,Alberto
Hoffman,Calib,Readdy,Reagan,Hoffman,Jacques
Hoffman,Samira,Creighton,Annmarie,Hoffman,Alberto
Hoffman,Chaim,Readdy,Reagan,Hoffman,Jacques
Hoffman,Angle,Creighton,Annmarie,Hoffman,Alberto
Hoffman,Britton,Readdy,Reagan,Hoffman,Jacques
Hoffman,Dandrea,Creighton,Annmarie,Hoffman,Alberto
Hoffman,Jerry,Readdy,Reagan,Hoffman,Jacques
Hoffman,Holli,Creighton,Annmarie,Hoffman,Alberto
Hoffman,Antoine,Readdy,Reagan,Hoffman,Jacques
Hoffman,Ilana,Creighton,Annmarie,Hoffman,Alberto
Hoffman,Marc,Readdy,Yuki,Hoffman,Mauro
Hoffman,Jazmin,Creighton,Annmarie,Hoffman,Alberto
Hoffman,Keenan,Readdy,Yuki,Hoffman,Mauro
Hoffman,Kayla,Creighton,Annmarie,Hoffman,Alberto
Hoffman,Savion,Readdy,Yuki,Hoffman,Mauro
Hoffman,Katrina,Creighton,Annmarie,Hoffman,Alberto
Hoffman,Walker,Readdy,Yuki,Hoffman,Mauro
Hoffman,Asia,Creighton,Annmarie,Hoffman,Alberto
Hoffman,Jeremiah,Readdy,Yuki,Hoffman,Mauro
Hoffman,Mercedes,Creighton,Annmarie,Hoffman,Alberto
Hoffman,Darrin,Readdy,Yuki,Hoffman,Mauro
Hoffman,Kristine,Creighton,Keirra,Hoffman,Zackery
Hoffman,Elmer,Readdy,Yuki,Hoffman,Mauro
Hoffman,Francesca,Creighton,Keirra,Hoffman,Zackery
Hoffman,Ladarius,Readdy,Yuki,Hoffman,Mauro
Hoffman,Marjorie,Creighton,Keirra,Hoffman,Zackery
Hoffman,Mohammed,Readdy,Benita,Hoffman,Daryl
Hoffman,Lilibeth,Creighton,Keirra,Hoffman,Zackery
Hoffman,Rayvon,Readdy,Benita,Hoffman,Daryl
Hoffman,Tiffanie,Creighton,Keirra,Hoffman,Zackery
Hoffman,Dan,Readdy,Benita,Hoffman,Daryl
Hoffman,Maryssa,Creighton,Keirra,Hoffman,Zackery
Hoffman,Kevon,Readdy,Benita,Hoffman,Daryl
Hoffman,Charlotte,Readdy,Sabrina,Hoffman,Moses
Hoffman,Ruben,Readdy,Benita,Hoffman,Daryl
Hoffman,Evangelina,Readdy,Teagan,Hoffman,Marcos
Hoffman,Lucas,Readdy,Benita,Hoffman,Daryl
Hoffman,Cristal,Readdy,Teagan,Hoffman,Marcos
Hoffman,Sheldon,Readdy,Benita,Hoffman,Daryl
Hoffman,Jaquana,Readdy,Teagan,Hoffman,Marcos
Hoffman,Deondre,Readdy,Benita,Hoffman,Daryl
Hoffman,Delanie,Readdy,Reagan,Hoffman,Jacques
Hoffman,Garrick,Readdy,Justine,Hoffman,Samual
Hoffman,Lillie,Readdy,Reagan,Hoffman,Jacques
Hoffman,Abraham,Readdy,Justine,Hoffman,Samual
Hoffman,Shawn,Readdy,Reagan,Hoffman,Jacques
Hoffman,Kieran,Fincke,Katherine,Hoffman,Tanner
Hoffman,Tristan,Readdy,Reagan,Hoffman,Jacques
Hoffman,Reese,Fincke,Katherine,Hoffman,Tanner
Hoffman,Harmony,Readdy,Yuki,Hoffman,Mauro
Hoffman,Mckay,Fincke,Katherine,Hoffman,Tanner
Hoffman,Michel,Readdy,Yuki,Hoffman,Mauro
Hoffman,Lamonte,Fincke,Katherine,Hoffman,Tanner
Hoffman,Zoe,Readdy,Yuki,Hoffman,Mauro
Hoffman,Malcolm,Fincke,Katherine,Hoffman,Tanner
Hoffman,Charlene,Readdy,Yuki,Hoffman,Mauro
Hoffman,Kelvin,Fincke,Katherine,Hoffman,Tanner
Hoffman,Moriah,Readdy,Yuki,Hoffman,Mauro
Hoffman,Santana,Fincke,Katherine,Hoffman,Tanner
Hoffman,Xochitl,Readdy,Yuki,Hoffman,Mauro
Hoffman,Manuel,Fincke,Katherine,Hoffman,Tanner
Hoffman,Alisha,Readdy,Yuki,Hoffman,Mauro
Hoffman,Brad,Fincke,Katherine,Hoffman,Tanner
Hoffman,Joselin,Readdy,Benita,Hoffman,Daryl
Hoffman,Quincy,Fincke,Ashtin,Hoffman,Clinton
Hoffman,Kristin,Readdy,Benita,Hoffman,Daryl
Hoffman,Stevan,Fincke,Ashtin,Hoffman,Clinton
Hoffman,Armani,Readdy,Benita,Hoffman,Daryl
Hoffman,Earl,Fincke,Ashtin,Hoffman,Clinton
Hoffman,Carmela,Readdy,Benita,Hoffman,Daryl
Hoffman,Randall,Fincke,Ashtin,Hoffman,Clinton
Hoffman,Clara,Readdy,Benita,Hoffman,Daryl
Hoffman,Forrest,Fincke,Ashtin,Hoffman,Clinton
Hoffman,Katelynn,Readdy,Benita,Hoffman,Daryl
Hoffman,Rene,Fincke,Ashtin,Hoffman,Clinton
Hoffman,Aubree,Readdy,Benita,Hoffman,Daryl
Hoffman,Alvaro,Fincke,Ashtin,Hoffman,Clinton
Hoffman,Rubi,Readdy,Benita,Hoffman,Daryl
Readdy,Howard,Fincke,Tierney,Readdy,Marlon
Hoffman,Ellen,Readdy,Benita,Hoffman,Daryl
Readdy,Yobani,Fincke,Tierney,Readdy,Marlon
Hoffman,Milena,Readdy,Benita,Hoffman,Daryl
Readdy,Gavin,Fincke,Tierney,Readdy,Marlon
Hoffman,Astrid,Readdy,Benita,Hoffman,Daryl
Readdy,Brian,Fincke,Cassie,Readdy,Emmitt
Hoffman,Ashanti,Readdy,Justine,Hoffman,Samual
Readdy,Dakota,Fincke,Cassie,Readdy,Emmitt
Hoffman,Tanya,Fincke,Katherine,Hoffman,Tanner
Readdy,Jevon,Fincke,Karah,Readdy,Micah
Hoffman,Allison,Fincke,Katherine,Hoffman,Tanner
Readdy,Dantae,Fincke,Karah,Readdy,Micah
Hoffman,Shelly,Fincke,Katherine,Hoffman,Tanner
Readdy,Israel,Fincke,Karah,Readdy,Micah
Hoffman,Mariela,Fincke,Katherine,Hoffman,Tanner
Readdy,Carl,Fincke,Karah,Readdy,Micah
Hoffman,Lora,Fincke,Katherine,Hoffman,Tanner
Readdy,Reginald,Fincke,Shania,Readdy,Antonio
Hoffman,Angel,Fincke,Katherine,Hoffman,Tanner
Readdy,Mickey,Fincke,Shania,Readdy,Antonio
Hoffman,Leeann,Fincke,Katherine,Hoffman,Tanner
Readdy,Olivier,Fincke,Shania,Readdy,Antonio
Hoffman,Octavia,Fincke,Katherine,Hoffman,Tanner
Readdy,Zaire,Fincke,Shania,Readdy,Antonio
Hoffman,Casey,Fincke,Katherine,Hoffman,Tanner
Readdy,Colby,Fincke,Karla,Readdy,Ernesto
Hoffman,Clarissa,Fincke,Katherine,Hoffman,Tanner
Readdy,Slaten,Fincke,Karla,Readdy,Ernesto
Hoffman,Odalys,Fincke,Katherine,Hoffman,Tanner
Readdy,Callum,Fincke,Karla,Readdy,Ernesto
Hoffman,Camelia,Fincke,Ashtin,Hoffman,Clinton
Readdy,David,Fincke,Karla,Readdy,Ernesto
Hoffman,Caitlynn,Fincke,Ashtin,Hoffman,Clinton
Readdy,Orion,Fincke,Karla,Readdy,Ernesto
Hoffman,Erika,Fincke,Ashtin,Hoffman,Clinton
Readdy,Darnell,Fincke,Karla,Readdy,Ernesto
Hoffman,Stephanie,Fincke,Ashtin,Hoffman,Clinton
Readdy,Preston,Fincke,Karla,Readdy,Ernesto
Hoffman,Britni,Fincke,Ashtin,Hoffman,Clinton
Readdy,Stefan,Fincke,Karla,Readdy,Ernesto
Hoffman,Cody,Fincke,Ashtin,Hoffman,Clinton
Readdy,Yovani,Fincke,Karla,Readdy,Ernesto
Hoffman,Kylie,Fincke,Ashtin,Hoffman,Clinton
Readdy,Elmer,Fincke,Karla,Readdy,Ernesto
Readdy,Karissa,Fincke,Tierney,Readdy,Marlon
Readdy,Cristobal,Fincke,Karla,Readdy,Ernesto
Readdy,Daesha,Fincke,Tierney,Readdy,Marlon
Readdy,Triston,Fincke,Caitriona,Readdy,Jason
Readdy,Aidan,Fincke,Tierney,Readdy,Marlon
Readdy,Devon,Fincke,Caitriona,Readdy,Jason
Readdy,Kalee,Fincke,Cassie,Readdy,Emmitt
Readdy,Shareef,Fincke,Caitriona,Readdy,Jason
Readdy,Leann,Fincke,Karah,Readdy,Micah
Readdy,Ariel,Fincke,Caitriona,Readdy,Jason
Readdy,Abigayle,Fincke,Karah,Readdy,Micah
Readdy,Cullen,Fincke,Caitriona,Readdy,Jason
Readdy,Rayna,Fincke,Karah,Readdy,Micah
Readdy,Shawn,Fincke,Tasha,Readdy,Demarcus
Readdy,Patricia,Fincke,Karah,Readdy,Micah
Readdy,Easton,Fincke,Tasha,Readdy,Demarcus
Readdy,Alannah,Fincke,Karah,Readdy,Micah
Readdy,Cristian,Fincke,Tasha,Readdy,Demarcus
Readdy,Lakeisha,Fincke,Karah,Readdy,Micah
Readdy,Irfan,Fincke,Tasha,Readdy,Demarcus
Readdy,Adriane,Fincke,Karah,Readdy,Micah
Readdy,Brayden,Fincke,Tasha,Readdy,Demarcus
Readdy,Cheyanna,Fincke,Karah,Readdy,Micah
Readdy,Justice,Fincke,Esther,Readdy,Joel
Readdy,Noah,Fincke,Karah,Readdy,Micah
Readdy,Adan,Fincke,Esther,Readdy,Joel
Readdy,Aundrea,Fincke,Karah,Readdy,Micah
Readdy,Jabari,Fincke,Celena,Readdy,Derick
Readdy,Neda,Fincke,Karah,Readdy,Micah
Readdy,Isaiah,Fincke,Celena,Readdy,Derick
Readdy,Shaina,Fincke,Karah,Readdy,Micah
Ford,Easton,Curbeam,Felisha,Duke,Arturo,Boilermaker
Readdy,Alvaro,Fincke,Celena,Readdy,Derick
Readdy,Juliana,Fincke,Karah,Readdy,Micah
Readdy,Saxon,Fincke,Celena,Readdy,Derick
Readdy,Annabel,Fincke,Karah,Readdy,Micah
Readdy,Tommy,Fincke,Celena,Readdy,Derick
Readdy,Mariela,Fincke,Shania,Readdy,Antonio
Readdy,Hakeem,Fincke,Celena,Readdy,Derick
Readdy,Katrina,Fincke,Karla,Readdy,Ernesto
Readdy,Reece,Fincke,Celena,Readdy,Derick
Readdy,Mileena,Fincke,Karla,Readdy,Ernesto
Readdy,Seamus,Fincke,Celena,Readdy,Derick
Readdy,Jacquelin,Fincke,Karla,Readdy,Ernesto
Readdy,Shemar,Fincke,Celena,Readdy,Derick
Readdy,Julianna,Fincke,Karla,Readdy,Ernesto
Readdy,Roger,Creighton,Lexus,Readdy,August
Readdy,Camisha,Fincke,Karla,Readdy,Ernesto
Readdy,Corey,Creighton,Lexus,Readdy,August
Readdy,Viridiana,Fincke,Karla,Readdy,Ernesto
Readdy,Savion,Creighton,Lexus,Readdy,August
Readdy,Deisy,Fincke,Karla,Readdy,Ernesto
Readdy,Luis,Creighton,Lexus,Readdy,August
Readdy,Margaret,Fincke,Caitriona,Readdy,Jason
Readdy,Jordan,Creighton,Lexus,Readdy,August
Readdy,Sharae,Fincke,Caitriona,Readdy,Jason
Readdy,Jasper,Creighton,Chloe,Readdy,Felipe
Readdy,Chelsie,Fincke,Caitriona,Readdy,Jason
Readdy,Sawyer,Creighton,Chloe,Readdy,Felipe
Readdy,Karley,Fincke,Tasha,Readdy,Demarcus
Readdy,Tyree,Creighton,Chloe,Readdy,Felipe
Readdy,Elana,Fincke,Tasha,Readdy,Demarcus
Readdy,Titus,Creighton,Chloe,Readdy,Felipe
Readdy,Willow,Fincke,Tasha,Readdy,Demarcus
Readdy,Conner,Creighton,Chloe,Readdy,Felipe
Readdy,Yaritza,Fincke,Tasha,Readdy,Demarcus
Readdy,Jesse,Creighton,Chloe,Readdy,Felipe
Readdy,Brandy,Fincke,Tasha,Readdy,Demarcus
Readdy,Trevon,Creighton,Chloe,Readdy,Felipe
Readdy,Allysa,Fincke,Tasha,Readdy,Demarcus
Readdy,Thaddeus,Creighton,Chloe,Readdy,Felipe
Readdy,Alexi,Fincke,Tasha,Readdy,Demarcus
Readdy,Jessie,Creighton,Chloe,Readdy,Felipe
Readdy,Madeline,Fincke,Tasha,Readdy,Demarcus
Readdy,Maliki,Creighton,Chloe,Readdy,Felipe
Readdy,Paula,Fincke,Esther,Readdy,Joel
Readdy,Owen,Creighton,Chloe,Readdy,Felipe
Readdy,Jade,Fincke,Esther,Readdy,Joel
Readdy,Geoffrey,Creighton,Chloe,Readdy,Felipe
Readdy,Jayme,Fincke,Celena,Readdy,Derick
Readdy,Nathaniel,Creighton,Chloe,Readdy,Felipe
Readdy,Candice,Fincke,Celena,Readdy,Derick
Readdy,Tad,Creighton,Chloe,Readdy,Felipe
Readdy,Juliet,Fincke,Celena,Readdy,Derick
Readdy,Esau,Creighton,Chloe,Readdy,Felipe
Readdy,Kassidy,Fincke,Celena,Readdy,Derick
Readdy,Erich,Creighton,Chloe,Readdy,Felipe
Readdy,Ashtyn,Fincke,Celena,Readdy,Derick
Readdy,Rakeem,Creighton,Chloe,Readdy,Felipe
Readdy,Natalee,Fincke,Celena,Readdy,Derick
Readdy,Asa,Creighton,Chloe,Readdy,Felipe
Readdy,Coralys,Fincke,Celena,Readdy,Derick
Fincke,Edward,Creighton,Julianne,Fincke,Braydon
Readdy,Kayle,Fincke,Celena,Readdy,Derick
Fincke,Ali,Creighton,Julianne,Fincke,Braydon
Readdy,Chloe,Fincke,Celena,Readdy,Derick
Fincke,Adrian,Creighton,Julianne,Fincke,Braydon
Readdy,Tarah,Fincke,Celena,Readdy,Derick
Fincke,Blake,Creighton,Julianne,Fincke,Braydon
Readdy,Khaila,Creighton,Lexus,Readdy,August
Fincke,Gunner,Horowitz,Maryanne,Fincke,Bradly
Readdy,Kaila,Creighton,Lexus,Readdy,August
Fincke,Yair,Horowitz,Maryanne,Fincke,Bradly
Readdy,Makayla,Creighton,Lexus,Readdy,August
Fincke,Demarco,Horowitz,Maryanne,Fincke,Bradly
Readdy,Micaela,Creighton,Lexus,Readdy,August
Fincke,Mitchel,Horowitz,Maryanne,Fincke,Bradly
Readdy,Armani,Creighton,Lexus,Readdy,August
Fincke,Jordin,Horowitz,Maryanne,Fincke,Bradly
Readdy,Katlyn,Creighton,Lexus,Readdy,August
Fincke,Tate,Horowitz,Maryanne,Fincke,Bradly
Readdy,Isis,Creighton,Chloe,Readdy,Felipe
Fincke,Miguel,Horowitz,Maryanne,Fincke,Bradly
Readdy,Julianne,Creighton,Chloe,Readdy,Felipe
