Harding,Landon,Casper,Chynna,Harding,Malcolm
Bloomfield,Madelyne,Loria,Maricela,Bloomfield,Cyrus
Grunsfeld,Romeo,Henricks,Tamera,Grunsfeld,Blaine
Bull,Makenzie,O'Connor,Tynia,Bull,Trey
Jackson,Nolan,Carey,Savannah,Jackson,Raul
Grabe,Logan,Bean,Janet,Grabe,Roman
Wheelock,Terrence,Roosevelt,Shaylee,Wheelock,Devonta
Chilton,Tasha,Glenn,Xandria,Chilton,Shawn
Mitchell,Raymond,Reisman,Monique,Mitchell,Hassan
Stefanyshyn,Jaquana,Mattingly,Michal,Stefanyshyn,Babyboy
Lu,Jamison,Kregel,Mandy,Lu,Desmond
Richards,Keirra,Irwin,Pamela,Richards,Reese
Walz,Mohammad,Leestma,Mikhaila,Walz,Ernest
Woodward,Maryanna,Johnson,Breona,Woodward,Mario
Harrison,Evan,Chiao,Kaela,Harrison,Denzell
Chawla,Chase,Monroe,Emmalee,Chawla,Kerrick
Swigert,Darrell,Eisele,Tania,Swigert,Abel
Bridges,Yadira,Fullerton,Catherine,Bridges,Kellen
Cleave,Calib,Torvalds,Katelin,Cleave,Luciano
Casper,Minnie,Deckard,Viridiana,Casper,Claudio
Magnus,Estevan,Lenoir,Kaylyn,Magnus,Korey
Truly,Kailey,Bursch,Jane,Truly,Mickey
White,Clarence,Chapman,Keyshla,White,Alek
Glenn,Shawn,Chamitoff,Melanie,Glenn,Taquan
Caldeiro,Alfonso,Baker,Joelle,Caldeiro,Cory
Lopez,Devyn,Daniels,Heaven,Lopez,Ricky
Harding,Ian,Bloomfield,Madelyne,Harding,Landon
Overmyer,Magdalena,Magnus,Linda,Overmyer,Stephon
Harding,Bjorn,Bloomfield,Madelyne,Harding,Landon
Reagan,Jaycee,Cooper,Ronni,Reagan,Yvan
Grunsfeld,Darnell,Bull,Makenzie,Grunsfeld,Romeo
Caldwell,Shanice,Walker,Coralys,Caldwell,Ishmael
Wheelock,Robert,Chilton,Tasha,Wheelock,Terrence
Bluford,Yvonne,Lu,Lesly,Bluford,Guillermo
Wheelock,Sheldon,Chilton,Tasha,Wheelock,Terrence
Harding,Dayna,Bloomfield,Madelyne,Harding,Landon
Wheelock,Rhett,Chilton,Tasha,Wheelock,Terrence
Grunsfeld,Janie,Bull,Makenzie,Grunsfeld,Romeo
Wheelock,Michal,Chilton,Tasha,Wheelock,Terrence
Grunsfeld,Dylan,Bull,Makenzie,Grunsfeld,Romeo
Wheelock,Aspen,Chilton,Tasha,Wheelock,Terrence
Jackson,Tamara,Grabe,Logan,Jackson,Nolan
Wheelock,Conrad,Chilton,Tasha,Wheelock,Terrence
Jackson,Lexi,Grabe,Logan,Jackson,Nolan
Mitchell,Johnny,Stefanyshyn,Jaquana,Mitchell,Raymond
Jackson,Latosha,Grabe,Logan,Jackson,Nolan
Mitchell,Quayshawn,Stefanyshyn,Jaquana,Mitchell,Raymond
Wheelock,Anabel,Chilton,Tasha,Wheelock,Terrence
Mitchell,Colton,Stefanyshyn,Jaquana,Mitchell,Raymond
Wheelock,Kristian,Chilton,Tasha,Wheelock,Terrence
Mitchell,Kade,Stefanyshyn,Jaquana,Mitchell,Raymond
Wheelock,Nathalia,Chilton,Tasha,Wheelock,Terrence
Mitchell,Westley,Stefanyshyn,Jaquana,Mitchell,Raymond
Wheelock,Kendyl,Chilton,Tasha,Wheelock,Terrence
Mitchell,Clifford,Stefanyshyn,Jaquana,Mitchell,Raymond
Wheelock,Karley,Chilton,Tasha,Wheelock,Terrence
Mitchell,Cyrus,Stefanyshyn,Jaquana,Mitchell,Raymond
Mitchell,Destini,Stefanyshyn,Jaquana,Mitchell,Raymond
Mitchell,Triston,Stefanyshyn,Jaquana,Mitchell,Raymond
Mitchell,Kayle,Stefanyshyn,Jaquana,Mitchell,Raymond
Mitchell,Yair,Stefanyshyn,Jaquana,Mitchell,Raymond
Mitchell,Bridgette,Stefanyshyn,Jaquana,Mitchell,Raymond
Lu,Derrick,Richards,Keirra,Lu,Jamison
Mitchell,Karah,Stefanyshyn,Jaquana,Mitchell,Raymond
Lu,Danny,Richards,Keirra,Lu,Jamison
Mitchell,Charlotte,Stefanyshyn,Jaquana,Mitchell,Raymond
Lu,Jeremey,Richards,Keirra,Lu,Jamison
Mitchell,Elisabeth,Stefanyshyn,Jaquana,Mitchell,Raymond
Lu,Jerome,Richards,Keirra,Lu,Jamison
Mitchell,Jazmine,Stefanyshyn,Jaquana,Mitchell,Raymond
Lu,Kelson,Richards,Keirra,Lu,Jamison
Lu,Grace,Richards,Keirra,Lu,Jamison
Lu,Oscar,Richards,Keirra,Lu,Jamison
Lu,Paloma,Richards,Keirra,Lu,Jamison
Lu,Glenn,Richards,Keirra,Lu,Jamison
Lu,Mackenzie,Richards,Keirra,Lu,Jamison
Lu,Richie,Richards,Keirra,Lu,Jamison
Lu,Kristyn,Richards,Keirra,Lu,Jamison
Lu,Amir,Richards,Keirra,Lu,Jamison
Lu,Ebony,Richards,Keirra,Lu,Jamison
Lu,Deante,Richards,Keirra,Lu,Jamison
Lu,Ariel,Richards,Keirra,Lu,Jamison
Walz,Gabriel,Woodward,Maryanna,Walz,Mohammad
Lu,Felicia,Richards,Keirra,Lu,Jamison
Walz,Tracy,Woodward,Maryanna,Walz,Mohammad
Lu,Aidan,Richards,Keirra,Lu,Jamison
Walz,Elmer,Woodward,Maryanna,Walz,Mohammad
Lu,Kassidy,Richards,Keirra,Lu,Jamison
Walz,Lazaro,Woodward,Maryanna,Walz,Mohammad
Lu,Asha,Richards,Keirra,Lu,Jamison
Walz,Romello,Woodward,Maryanna,Walz,Mohammad
Walz,Klee,Woodward,Maryanna,Walz,Mohammad
Harrison,Jakob,Chawla,Chase,Harrison,Evan
Harrison,Addison,Chawla,Chase,Harrison,Evan
Harrison,Moshe,Chawla,Chase,Harrison,Evan
Harrison,Janell,Chawla,Chase,Harrison,Evan
Harrison,Jeffery,Chawla,Chase,Harrison,Evan
Harrison,Fatima,Chawla,Chase,Harrison,Evan
Harrison,Enrique,Chawla,Chase,Harrison,Evan
Harrison,Armani,Chawla,Chase,Harrison,Evan
Harrison,Chaim,Chawla,Chase,Harrison,Evan
Harrison,Aileen,Chawla,Chase,Harrison,Evan
Harrison,Camron,Chawla,Chase,Harrison,Evan
Harrison,Emma,Chawla,Chase,Harrison,Evan
Harrison,Emmitt,Chawla,Chase,Harrison,Evan
Harrison,Mackenna,Chawla,Chase,Harrison,Evan
Harrison,Michel,Chawla,Chase,Harrison,Evan
Harrison,Holly,Chawla,Chase,Harrison,Evan
Harrison,Manuel,Chawla,Chase,Harrison,Evan
Harrison,Gianna,Chawla,Chase,Harrison,Evan
Harrison,Warren,Chawla,Chase,Harrison,Evan
Harrison,Lena,Chawla,Chase,Harrison,Evan
Swigert,Conrad,Bridges,Yadira,Swigert,Darrell
Swigert,Hadley,Bridges,Yadira,Swigert,Darrell
Swigert,Emmitt,Bridges,Yadira,Swigert,Darrell
Swigert,Ladaysha,Bridges,Yadira,Swigert,Darrell
Swigert,Freeman,Bridges,Yadira,Swigert,Darrell
Swigert,Elisabeth,Bridges,Yadira,Swigert,Darrell
Swigert,Christen,Bridges,Yadira,Swigert,Darrell
Swigert,Devin,Bridges,Yadira,Swigert,Darrell
Swigert,Mitchel,Bridges,Yadira,Swigert,Darrell
Swigert,Mariana,Bridges,Yadira,Swigert,Darrell
Swigert,Jai,Bridges,Yadira,Swigert,Darrell
Cleave,Callie,Casper,Minnie,Cleave,Calib
Swigert,Kyle,Bridges,Yadira,Swigert,Darrell
Cleave,Jessica,Casper,Minnie,Cleave,Calib
Swigert,Derek,Bridges,Yadira,Swigert,Darrell
Cleave,Jania,Casper,Minnie,Cleave,Calib
Swigert,Thaddeus,Bridges,Yadira,Swigert,Darrell
Cleave,Joleen,Casper,Minnie,Cleave,Calib
Cleave,Dwayne,Casper,Minnie,Cleave,Calib
Cleave,Breanne,Casper,Minnie,Cleave,Calib
Cleave,Nick,Casper,Minnie,Cleave,Calib
Cleave,Reagan,Casper,Minnie,Cleave,Calib
Cleave,Max,Casper,Minnie,Cleave,Calib
Cleave,Shyanne,Casper,Minnie,Cleave,Calib
Cleave,Reid,Casper,Minnie,Cleave,Calib
Cleave,Genesis,Casper,Minnie,Cleave,Calib
Cleave,Demarco,Casper,Minnie,Cleave,Calib
Cleave,Christy,Casper,Minnie,Cleave,Calib
Cleave,Joseph,Casper,Minnie,Cleave,Calib
Cleave,Tessa,Casper,Minnie,Cleave,Calib
Cleave,Clay,Casper,Minnie,Cleave,Calib
Cleave,Helena,Casper,Minnie,Cleave,Calib
Cleave,Dion,Casper,Minnie,Cleave,Calib
Magnus,Latosha,Truly,Kailey,Magnus,Estevan
Cleave,Montana,Casper,Minnie,Cleave,Calib
Magnus,April,Truly,Kailey,Magnus,Estevan
Magnus,Neftaly,Truly,Kailey,Magnus,Estevan
Magnus,Amari,Truly,Kailey,Magnus,Estevan
Magnus,Weston,Truly,Kailey,Magnus,Estevan
Magnus,Jamie,Truly,Kailey,Magnus,Estevan
Magnus,Darryl,Truly,Kailey,Magnus,Estevan
Magnus,Marie,Truly,Kailey,Magnus,Estevan
Magnus,Deleon,Truly,Kailey,Magnus,Estevan
Magnus,Kady,Truly,Kailey,Magnus,Estevan
Magnus,Wayne,Truly,Kailey,Magnus,Estevan
Magnus,Joanna,Truly,Kailey,Magnus,Estevan
Magnus,Tad,Truly,Kailey,Magnus,Estevan
Magnus,Connie,Truly,Kailey,Magnus,Estevan
Magnus,Reuben,Truly,Kailey,Magnus,Estevan
Magnus,Karly,Truly,Kailey,Magnus,Estevan
Magnus,Alex,Truly,Kailey,Magnus,Estevan
White,Kathleen,Glenn,Shawn,White,Clarence
Magnus,Toby,Truly,Kailey,Magnus,Estevan
White,Kendyl,Glenn,Shawn,White,Clarence
Magnus,Issac,Truly,Kailey,Magnus,Estevan
Caldeiro,Alice,Lopez,Devyn,Caldeiro,Alfonso
White,Jayson,Glenn,Shawn,White,Clarence
Caldeiro,Bonnie,Lopez,Devyn,Caldeiro,Alfonso
Caldeiro,Cody,Lopez,Devyn,Caldeiro,Alfonso
Caldeiro,Sania,Lopez,Devyn,Caldeiro,Alfonso
Caldeiro,Calvin,Lopez,Devyn,Caldeiro,Alfonso
Caldeiro,Mikala,Lopez,Devyn,Caldeiro,Alfonso
Caldeiro,Trentin,Lopez,Devyn,Caldeiro,Alfonso
Caldeiro,Shanna,Lopez,Devyn,Caldeiro,Alfonso
Caldeiro,Dale,Lopez,Devyn,Caldeiro,Alfonso
Caldeiro,Caitlin,Lopez,Devyn,Caldeiro,Alfonso
Caldeiro,Quinn,Lopez,Devyn,Caldeiro,Alfonso
Caldeiro,Marisela,Lopez,Devyn,Caldeiro,Alfonso
Caldeiro,Gilberto,Lopez,Devyn,Caldeiro,Alfonso
Caldeiro,Iris,Lopez,Devyn,Caldeiro,Alfonso
Caldeiro,Neil,Lopez,Devyn,Caldeiro,Alfonso
Caldeiro,Anaya,Lopez,Devyn,Caldeiro,Alfonso
Caldeiro,Deangelo,Lopez,Devyn,Caldeiro,Alfonso
Caldeiro,Macie,Lopez,Devyn,Caldeiro,Alfonso
Caldeiro,Daryl,Lopez,Devyn,Caldeiro,Alfonso
Caldeiro,Ali,Lopez,Devyn,Caldeiro,Alfonso
Harding,Ameer,Overmyer,Magdalena,Harding,Ian
Harding,Ilana,Overmyer,Magdalena,Harding,Ian
Harding,Jalil,Overmyer,Magdalena,Harding,Ian
Harding,Mia,Overmyer,Magdalena,Harding,Ian
Harding,Ronny,Overmyer,Magdalena,Harding,Ian
Harding,Jami,Overmyer,Magdalena,Harding,Ian
Harding,Jon,Overmyer,Magdalena,Harding,Ian
Harding,Luz,Overmyer,Magdalena,Harding,Ian
Harding,Colin,Overmyer,Magdalena,Harding,Ian
Harding,Daija,Overmyer,Magdalena,Harding,Ian
Harding,Randy,Overmyer,Magdalena,Harding,Ian
Harding,Yahaira,Reagan,Jaycee,Harding,Bjorn
Harding,Levi,Overmyer,Magdalena,Harding,Ian
Harding,Charlene,Reagan,Jaycee,Harding,Bjorn
Harding,Shelby,Overmyer,Magdalena,Harding,Ian
Harding,Yadira,Reagan,Jaycee,Harding,Bjorn
Harding,Drake,Overmyer,Magdalena,Harding,Ian
Harding,Nicole,Reagan,Jaycee,Harding,Bjorn
Harding,Maximillia,Reagan,Jaycee,Harding,Bjorn
Harding,Tiani,Reagan,Jaycee,Harding,Bjorn
Harding,Darren,Reagan,Jaycee,Harding,Bjorn
Harding,Dylan,Reagan,Jaycee,Harding,Bjorn
Harding,Ron,Reagan,Jaycee,Harding,Bjorn
Grunsfeld,Niyah,Caldwell,Shanice,Grunsfeld,Darnell
Harding,Liam,Reagan,Jaycee,Harding,Bjorn
Grunsfeld,Anja,Caldwell,Shanice,Grunsfeld,Darnell
Harding,Dayton,Reagan,Jaycee,Harding,Bjorn
Grunsfeld,Keely,Caldwell,Shanice,Grunsfeld,Darnell
Harding,German,Reagan,Jaycee,Harding,Bjorn
Grunsfeld,Emerald,Caldwell,Shanice,Grunsfeld,Darnell
Grunsfeld,Pablo,Caldwell,Shanice,Grunsfeld,Darnell
Grunsfeld,Jhane,Caldwell,Shanice,Grunsfeld,Darnell
Grunsfeld,Layne,Caldwell,Shanice,Grunsfeld,Darnell
Grunsfeld,Lila,Caldwell,Shanice,Grunsfeld,Darnell
Grunsfeld,Arthur,Caldwell,Shanice,Grunsfeld,Darnell
Grunsfeld,Alissa,Caldwell,Shanice,Grunsfeld,Darnell
Grunsfeld,Dane,Caldwell,Shanice,Grunsfeld,Darnell
Grunsfeld,Sonia,Caldwell,Shanice,Grunsfeld,Darnell
Grunsfeld,Hunter,Caldwell,Shanice,Grunsfeld,Darnell
Grunsfeld,Nallely,Caldwell,Shanice,Grunsfeld,Darnell
Grunsfeld,Ravon,Caldwell,Shanice,Grunsfeld,Darnell
Wheelock,Kassandra,Bluford,Yvonne,Wheelock,Robert
Grunsfeld,Aron,Caldwell,Shanice,Grunsfeld,Darnell
Wheelock,Mia,Bluford,Yvonne,Wheelock,Robert
Grunsfeld,Emilio,Caldwell,Shanice,Grunsfeld,Darnell
Wheelock,Angle,Bluford,Yvonne,Wheelock,Robert
Wheelock,Byron,Bluford,Yvonne,Wheelock,Robert
Wheelock,Milena,Bluford,Yvonne,Wheelock,Robert
Wheelock,Brennon,Bluford,Yvonne,Wheelock,Robert
Wheelock,Regina,Bluford,Yvonne,Wheelock,Robert
Wheelock,Kegan,Bluford,Yvonne,Wheelock,Robert
Wheelock,Kyana,Bluford,Yvonne,Wheelock,Robert
Wheelock,Edward,Bluford,Yvonne,Wheelock,Robert
Wheelock,Sheniqua,Bluford,Yvonne,Wheelock,Robert
Wheelock,Coy,Bluford,Yvonne,Wheelock,Robert
Wheelock,Jeffrey,Bluford,Yvonne,Wheelock,Robert
Wheelock,River,Bluford,Yvonne,Wheelock,Robert
Wheelock,Hunter,Bluford,Yvonne,Wheelock,Robert
Wheelock,Colin,Bluford,Yvonne,Wheelock,Robert
Wheelock,Emerald,Harding,Dayna,Wheelock,Sheldon
Wheelock,Marcos,Bluford,Yvonne,Wheelock,Robert
Wheelock,Savanna,Harding,Dayna,Wheelock,Sheldon
Wheelock,Maliki,Bluford,Yvonne,Wheelock,Robert
Wheelock,Francesca,Grunsfeld,Janie,Wheelock,Rhett
Wheelock,Jarod,Bluford,Yvonne,Wheelock,Robert
Wheelock,Kyndra,Grunsfeld,Janie,Wheelock,Rhett
Wheelock,Marcello,Bluford,Yvonne,Wheelock,Robert
Wheelock,Britni,Grunsfeld,Janie,Wheelock,Rhett
Wheelock,Juancarlos,Harding,Dayna,Wheelock,Sheldon
Wheelock,Debbie,Grunsfeld,Janie,Wheelock,Rhett
Wheelock,Devin,Harding,Dayna,Wheelock,Sheldon
Wheelock,Jordyn,Grunsfeld,Dylan,Wheelock,Michal
Wheelock,Douglas,Harding,Dayna,Wheelock,Sheldon
Wheelock,Juliana,Grunsfeld,Dylan,Wheelock,Michal
Wheelock,Alfredo,Harding,Dayna,Wheelock,Sheldon
Wheelock,Jana,Grunsfeld,Dylan,Wheelock,Michal
Wheelock,Darrin,Harding,Dayna,Wheelock,Sheldon
Wheelock,Shianne,Grunsfeld,Dylan,Wheelock,Michal
Wheelock,Landin,Grunsfeld,Janie,Wheelock,Rhett
Wheelock,Sheridan,Jackson,Tamara,Wheelock,Aspen
Wheelock,Wade,Grunsfeld,Janie,Wheelock,Rhett
Wheelock,Dulce,Jackson,Tamara,Wheelock,Aspen
Wheelock,Reuben,Grunsfeld,Janie,Wheelock,Rhett
Wheelock,Kelcee,Jackson,Tamara,Wheelock,Aspen
Wheelock,Nour,Grunsfeld,Janie,Wheelock,Rhett
Wheelock,Dasia,Jackson,Lexi,Wheelock,Conrad
Wheelock,August,Grunsfeld,Janie,Wheelock,Rhett
Wheelock,Sophie,Jackson,Lexi,Wheelock,Conrad
Wheelock,Jerry,Grunsfeld,Dylan,Wheelock,Michal
Wheelock,Alma,Jackson,Lexi,Wheelock,Conrad
Wheelock,Anthoni,Grunsfeld,Dylan,Wheelock,Michal
Wheelock,Paloma,Jackson,Lexi,Wheelock,Conrad
Wheelock,Jalen,Grunsfeld,Dylan,Wheelock,Michal
Mitchell,Anjelica,Jackson,Latosha,Mitchell,Johnny
Wheelock,Anton,Grunsfeld,Dylan,Wheelock,Michal
Mitchell,Ana,Jackson,Latosha,Mitchell,Johnny
Wheelock,Darian,Grunsfeld,Dylan,Wheelock,Michal
Mitchell,Estefani,Wheelock,Anabel,Mitchell,Quayshawn
Wheelock,Cristian,Grunsfeld,Dylan,Wheelock,Michal
Mitchell,Rianna,Wheelock,Anabel,Mitchell,Quayshawn
Wheelock,Antavius,Grunsfeld,Dylan,Wheelock,Michal
Mitchell,Zabrina,Wheelock,Anabel,Mitchell,Quayshawn
Wheelock,Hiram,Grunsfeld,Dylan,Wheelock,Michal
Mitchell,Jayla,Wheelock,Anabel,Mitchell,Quayshawn
Wheelock,Josie,Grunsfeld,Dylan,Wheelock,Michal
Mitchell,Alysha,Wheelock,Anabel,Mitchell,Quayshawn
Wheelock,Darren,Jackson,Tamara,Wheelock,Aspen
Mitchell,Sarai,Wheelock,Kristian,Mitchell,Colton
Wheelock,Terence,Jackson,Tamara,Wheelock,Aspen
Mitchell,Elise,Wheelock,Kristian,Mitchell,Colton
Wheelock,Tre,Jackson,Tamara,Wheelock,Aspen
Mitchell,Celeste,Wheelock,Kristian,Mitchell,Colton
Wheelock,Daylon,Jackson,Tamara,Wheelock,Aspen
Mitchell,Callan,Wheelock,Kristian,Mitchell,Colton
Wheelock,Ward,Jackson,Tamara,Wheelock,Aspen
Mitchell,Arielle,Wheelock,Kristian,Mitchell,Colton
Wheelock,Jeremy,Jackson,Lexi,Wheelock,Conrad
Mitchell,Kathleen,Wheelock,Kristian,Mitchell,Colton
Wheelock,Cedric,Jackson,Lexi,Wheelock,Conrad
Mitchell,Jaqueline,Wheelock,Kristian,Mitchell,Colton
Wheelock,Kylan,Jackson,Lexi,Wheelock,Conrad
Mitchell,Makaila,Wheelock,Kristian,Mitchell,Colton
Wheelock,Elijah,Jackson,Lexi,Wheelock,Conrad
Mitchell,Keara,Wheelock,Kristian,Mitchell,Colton
Wheelock,Addison,Jackson,Lexi,Wheelock,Conrad
Mitchell,Eileen,Wheelock,Nathalia,Mitchell,Kade
Wheelock,Kasey,Jackson,Lexi,Wheelock,Conrad
Mitchell,Georgia,Wheelock,Nathalia,Mitchell,Kade
Wheelock,Leland,Jackson,Lexi,Wheelock,Conrad
Mitchell,Amberly,Wheelock,Kendyl,Mitchell,Westley
Wheelock,Dale,Jackson,Lexi,Wheelock,Conrad
Mitchell,Siarra,Wheelock,Kendyl,Mitchell,Westley
Mitchell,Walker,Jackson,Latosha,Mitchell,Johnny
Mitchell,Chloe,Wheelock,Kendyl,Mitchell,Westley
Mitchell,Elliott,Jackson,Latosha,Mitchell,Johnny
Mitchell,Leeann,Wheelock,Kendyl,Mitchell,Westley
Mitchell,Stanley,Jackson,Latosha,Mitchell,Johnny
Mitchell,Nancy,Wheelock,Kendyl,Mitchell,Westley
Mitchell,Felix,Jackson,Latosha,Mitchell,Johnny
Mitchell,Nadia,Wheelock,Kendyl,Mitchell,Westley
Mitchell,Kapil,Wheelock,Anabel,Mitchell,Quayshawn
Mitchell,Jasmine,Wheelock,Karley,Mitchell,Clifford
Mitchell,Aidan,Wheelock,Anabel,Mitchell,Quayshawn
Mitchell,Tehya,Wheelock,Karley,Mitchell,Clifford
Mitchell,Travon,Wheelock,Anabel,Mitchell,Quayshawn
Mitchell,Angelica,Wheelock,Karley,Mitchell,Clifford
Mitchell,Henry,Wheelock,Anabel,Mitchell,Quayshawn
Mitchell,Lily,Lu,Paloma,Mitchell,Triston
Mitchell,Julian,Wheelock,Anabel,Mitchell,Quayshawn
Mitchell,Loni,Lu,Paloma,Mitchell,Triston
Mitchell,Neil,Wheelock,Anabel,Mitchell,Quayshawn
Mitchell,Leana,Lu,Paloma,Mitchell,Triston
Mitchell,Hugh,Wheelock,Anabel,Mitchell,Quayshawn
Mitchell,Payton,Lu,Paloma,Mitchell,Triston
Mitchell,Sawyer,Wheelock,Anabel,Mitchell,Quayshawn
Mitchell,Makenzie,Lu,Paloma,Mitchell,Triston
Mitchell,Kai,Wheelock,Kristian,Mitchell,Colton
Mitchell,Suzette,Lu,Paloma,Mitchell,Triston
Mitchell,Reuben,Wheelock,Kristian,Mitchell,Colton
Mitchell,Deondra,Lu,Paloma,Mitchell,Triston
Mitchell,Johnathon,Wheelock,Kristian,Mitchell,Colton
Mitchell,Tamara,Lu,Mackenzie,Mitchell,Yair
Mitchell,Jeff,Wheelock,Kristian,Mitchell,Colton
Mitchell,Laurel,Lu,Mackenzie,Mitchell,Yair
Mitchell,Jakob,Wheelock,Kristian,Mitchell,Colton
Mitchell,Cassie,Lu,Mackenzie,Mitchell,Yair
Mitchell,Rahim,Wheelock,Kristian,Mitchell,Colton
Mitchell,Valentina,Lu,Mackenzie,Mitchell,Yair
Mitchell,Myles,Wheelock,Kristian,Mitchell,Colton
Mitchell,Devin,Lu,Mackenzie,Mitchell,Yair
Mitchell,Marc,Wheelock,Kristian,Mitchell,Colton
Mitchell,Kelley,Lu,Mackenzie,Mitchell,Yair
Mitchell,Lucas,Wheelock,Kristian,Mitchell,Colton
Mitchell,Caitlan,Lu,Mackenzie,Mitchell,Yair
Mitchell,Walter,Wheelock,Kristian,Mitchell,Colton
Mitchell,Dorothy,Lu,Mackenzie,Mitchell,Yair
Mitchell,Lee,Wheelock,Nathalia,Mitchell,Kade
Mitchell,Emmily,Lu,Mackenzie,Mitchell,Yair
Mitchell,Gavin,Wheelock,Nathalia,Mitchell,Kade
Mitchell,Yvette,Lu,Mackenzie,Mitchell,Yair
Mitchell,Easton,Wheelock,Kendyl,Mitchell,Westley
Lu,Harley,Mitchell,Destini,Lu,Derrick
Mitchell,Britt,Wheelock,Kendyl,Mitchell,Westley
Lu,Patrice,Mitchell,Destini,Lu,Derrick
Mitchell,Jawaun,Wheelock,Kendyl,Mitchell,Westley
Lu,Stephania,Mitchell,Kayle,Lu,Danny
Mitchell,Humberto,Wheelock,Kendyl,Mitchell,Westley
Lu,Stephanie,Mitchell,Kayle,Lu,Danny
Mitchell,Aiden,Wheelock,Kendyl,Mitchell,Westley
Lu,Khaila,Mitchell,Kayle,Lu,Danny
Mitchell,Tavon,Wheelock,Kendyl,Mitchell,Westley
Lu,Mandi,Mitchell,Kayle,Lu,Danny
Mitchell,Kelvin,Wheelock,Kendyl,Mitchell,Westley
Lu,Reagan,Mitchell,Kayle,Lu,Danny
Mitchell,John,Wheelock,Kendyl,Mitchell,Westley
Lu,Ladaysha,Mitchell,Kayle,Lu,Danny
Mitchell,Martin,Wheelock,Kendyl,Mitchell,Westley
Lu,Gladys,Mitchell,Kayle,Lu,Danny
Mitchell,Travis,Wheelock,Kendyl,Mitchell,Westley
Lu,Kirsten,Mitchell,Kayle,Lu,Danny
Mitchell,Callum,Wheelock,Kendyl,Mitchell,Westley
Lu,Cayla,Mitchell,Kayle,Lu,Danny
Mitchell,Anthony,Wheelock,Kendyl,Mitchell,Westley
Lu,Markia,Mitchell,Bridgette,Lu,Jeremey
Mitchell,Giovanni,Wheelock,Karley,Mitchell,Clifford
Lu,Shelly,Mitchell,Bridgette,Lu,Jeremey
Mitchell,Maliki,Wheelock,Karley,Mitchell,Clifford
Lu,Anaya,Mitchell,Bridgette,Lu,Jeremey
Mitchell,Corey,Lu,Grace,Mitchell,Cyrus
Lu,Sherry,Mitchell,Bridgette,Lu,Jeremey
Mitchell,Deontae,Lu,Grace,Mitchell,Cyrus
Lu,Keirra,Mitchell,Bridgette,Lu,Jeremey
Mitchell,Jacques,Lu,Grace,Mitchell,Cyrus
Lu,Shiane,Mitchell,Bridgette,Lu,Jeremey
Mitchell,Jaleel,Lu,Grace,Mitchell,Cyrus
Lu,Kaytlin,Mitchell,Bridgette,Lu,Jeremey
Mitchell,Lawrence,Lu,Paloma,Mitchell,Triston
Lu,Anita,Mitchell,Bridgette,Lu,Jeremey
Mitchell,Bennett,Lu,Paloma,Mitchell,Triston
Lu,Molli,Mitchell,Bridgette,Lu,Jeremey
Mitchell,Kerry,Lu,Paloma,Mitchell,Triston
Lu,Katelynn,Mitchell,Bridgette,Lu,Jeremey
Mitchell,Erik,Lu,Paloma,Mitchell,Triston
Lu,Mariana,Mitchell,Bridgette,Lu,Jeremey
Mitchell,Thomas,Lu,Mackenzie,Mitchell,Yair
Lu,Regina,Mitchell,Karah,Lu,Jerome
Mitchell,Beau,Lu,Mackenzie,Mitchell,Yair
Lu,Adriane,Mitchell,Karah,Lu,Jerome
Mitchell,Bronson,Lu,Mackenzie,Mitchell,Yair
Lu,Shanique,Mitchell,Karah,Lu,Jerome
Mitchell,Timothy,Lu,Mackenzie,Mitchell,Yair
Lu,Maeghan,Mitchell,Karah,Lu,Jerome
Mitchell,Nick,Lu,Mackenzie,Mitchell,Yair
Lu,Elaine,Mitchell,Karah,Lu,Jerome
Lu,Terrence,Mitchell,Destini,Lu,Derrick
Lu,Malinda,Mitchell,Karah,Lu,Jerome
Lu,Shaquille,Mitchell,Destini,Lu,Derrick
Lu,Taryn,Mitchell,Charlotte,Lu,Kelson
Lu,Roy,Mitchell,Destini,Lu,Derrick
Lu,Maia,Mitchell,Charlotte,Lu,Kelson
Lu,Valentine,Mitchell,Destini,Lu,Derrick
Lu,Reilly,Mitchell,Charlotte,Lu,Kelson
Lu,Devonte,Mitchell,Kayle,Lu,Danny
Lu,Lydia,Mitchell,Charlotte,Lu,Kelson
Lu,Kahlil,Mitchell,Kayle,Lu,Danny
Lu,Miranda,Mitchell,Charlotte,Lu,Kelson
Lu,Rashad,Mitchell,Kayle,Lu,Danny
Lu,Julia,Mitchell,Charlotte,Lu,Kelson
Lu,Harrison,Mitchell,Kayle,Lu,Danny
Lu,Kristian,Mitchell,Charlotte,Lu,Kelson
Lu,Trae,Mitchell,Kayle,Lu,Danny
Lu,Janelle,Mitchell,Elisabeth,Lu,Oscar
Lu,Reece,Mitchell,Bridgette,Lu,Jeremey
Lu,Katlyn,Mitchell,Elisabeth,Lu,Oscar
Lu,Clarence,Mitchell,Bridgette,Lu,Jeremey
Lu,Promise,Mitchell,Elisabeth,Lu,Oscar
Lu,Ezekiel,Mitchell,Bridgette,Lu,Jeremey
Lu,Linda,Mitchell,Elisabeth,Lu,Oscar
Lu,Montel,Mitchell,Bridgette,Lu,Jeremey
Lu,Sofia,Mitchell,Jazmine,Lu,Glenn
Lu,Reed,Mitchell,Bridgette,Lu,Jeremey
Lu,Carolyn,Mitchell,Jazmine,Lu,Glenn
Lu,Roman,Mitchell,Bridgette,Lu,Jeremey
Lu,Sheridan,Mitchell,Jazmine,Lu,Glenn
Lu,Spenser,Mitchell,Karah,Lu,Jerome
Lu,Farrah,Mitchell,Jazmine,Lu,Glenn
Lu,Keith,Mitchell,Karah,Lu,Jerome
Lu,Hana,Mitchell,Jazmine,Lu,Glenn
Lu,Tysheem,Mitchell,Karah,Lu,Jerome
Lu,Idaly,Mitchell,Jazmine,Lu,Glenn
Lu,Johnny,Mitchell,Karah,Lu,Jerome
Lu,Greer,Walz,Klee,Lu,Richie
Lu,Anton,Mitchell,Karah,Lu,Jerome
Lu,Heather,Walz,Klee,Lu,Richie
Lu,Paul,Mitchell,Charlotte,Lu,Kelson
Lu,Adriana,Walz,Klee,Lu,Richie
Lu,Lorenzo,Mitchell,Charlotte,Lu,Kelson
Lu,Lesli,Walz,Klee,Lu,Richie
Lu,Julian,Mitchell,Charlotte,Lu,Kelson
Lu,Sherridan,Walz,Klee,Lu,Richie
Lu,Hugh,Mitchell,Charlotte,Lu,Kelson
Lu,Marianna,Walz,Klee,Lu,Richie
Lu,Ronald,Mitchell,Charlotte,Lu,Kelson
Lu,Kayla,Walz,Klee,Lu,Richie
Lu,Tarik,Mitchell,Charlotte,Lu,Kelson
Lu,Bridgett,Walz,Klee,Lu,Richie
Lu,Baby,Mitchell,Charlotte,Lu,Kelson
Lu,Amberly,Harrison,Addison,Lu,Amir
Lu,Wilmer,Mitchell,Charlotte,Lu,Kelson
Lu,Kaitlin,Harrison,Janell,Lu,Deante
Lu,Brodie,Mitchell,Charlotte,Lu,Kelson
Lu,Kayle,Harrison,Janell,Lu,Deante
Lu,Shayne,Mitchell,Charlotte,Lu,Kelson
Lu,Cindy,Harrison,Janell,Lu,Deante
Lu,Ivan,Mitchell,Charlotte,Lu,Kelson
Lu,Jessenia,Harrison,Janell,Lu,Deante
Lu,Weston,Mitchell,Elisabeth,Lu,Oscar
Lu,Kristine,Harrison,Janell,Lu,Deante
Lu,Liam,Mitchell,Elisabeth,Lu,Oscar
Lu,Angelica,Harrison,Janell,Lu,Deante
Lu,Marc,Mitchell,Elisabeth,Lu,Oscar
Walz,Kallee,Lu,Kristyn,Walz,Gabriel
Lu,Keanu,Mitchell,Elisabeth,Lu,Oscar
Walz,Kiara,Lu,Kristyn,Walz,Gabriel
Lu,Luis,Mitchell,Elisabeth,Lu,Oscar
Walz,Yvette,Lu,Kristyn,Walz,Gabriel
Lu,Riley,Mitchell,Jazmine,Lu,Glenn
Walz,Aja,Lu,Ebony,Walz,Tracy
Lu,Salvatore,Mitchell,Jazmine,Lu,Glenn
Walz,Loni,Lu,Ebony,Walz,Tracy
Lu,Zaquan,Mitchell,Jazmine,Lu,Glenn
Walz,Darcie,Lu,Ebony,Walz,Tracy
Lu,Fredrick,Mitchell,Jazmine,Lu,Glenn
Walz,Baily,Lu,Ebony,Walz,Tracy
Lu,Lashawn,Mitchell,Jazmine,Lu,Glenn
Walz,Donisha,Lu,Ebony,Walz,Tracy
Lu,Jason,Mitchell,Jazmine,Lu,Glenn
Walz,Ronni,Lu,Ariel,Walz,Elmer
Lu,Jace,Mitchell,Jazmine,Lu,Glenn
Walz,Annika,Lu,Ariel,Walz,Elmer
Lu,Lawrence,Mitchell,Jazmine,Lu,Glenn
Walz,Dina,Lu,Ariel,Walz,Elmer
Lu,Juan,Mitchell,Jazmine,Lu,Glenn
Walz,Abby,Lu,Ariel,Walz,Elmer
Lu,Spencer,Mitchell,Jazmine,Lu,Glenn
Walz,Logan,Lu,Ariel,Walz,Elmer
Lu,Taylor,Mitchell,Jazmine,Lu,Glenn
Walz,Estefany,Lu,Felicia,Walz,Lazaro
Lu,Buford,Mitchell,Jazmine,Lu,Glenn
Walz,Sophia,Lu,Felicia,Walz,Lazaro
Lu,Carter,Mitchell,Jazmine,Lu,Glenn
Walz,Kaitlynn,Lu,Aidan,Walz,Romello
Lu,Dontae,Walz,Klee,Lu,Richie
Walz,Candy,Lu,Aidan,Walz,Romello
Lu,Derek,Walz,Klee,Lu,Richie
Walz,Kenyatta,Lu,Aidan,Walz,Romello
Lu,Nour,Walz,Klee,Lu,Richie
Walz,Amari,Lu,Aidan,Walz,Romello
Lu,Garret,Walz,Klee,Lu,Richie
Walz,Kirsten,Lu,Aidan,Walz,Romello
Lu,Raequan,Walz,Klee,Lu,Richie
Walz,Tiani,Lu,Aidan,Walz,Romello
Lu,Jamir,Walz,Klee,Lu,Richie
Harrison,Jennie,Lu,Kassidy,Harrison,Jakob
Lu,Kameron,Walz,Klee,Lu,Richie
Harrison,Madeline,Lu,Kassidy,Harrison,Jakob
Lu,Ruben,Walz,Klee,Lu,Richie
Harrison,Isis,Lu,Kassidy,Harrison,Jakob
Lu,Oneil,Walz,Klee,Lu,Richie
Harrison,Aaliyah,Lu,Kassidy,Harrison,Jakob
Lu,Stewart,Walz,Klee,Lu,Richie
Harrison,Sara,Lu,Kassidy,Harrison,Jakob
Lu,Cyrus,Walz,Klee,Lu,Richie
Harrison,Whitney,Lu,Kassidy,Harrison,Jakob
Lu,Colin,Harrison,Addison,Lu,Amir
Harrison,Michaela,Lu,Asha,Harrison,Moshe
Lu,Antavius,Harrison,Addison,Lu,Amir
Harrison,Olga,Lu,Asha,Harrison,Moshe
Lu,Pierce,Harrison,Addison,Lu,Amir
Harrison,Bethany,Swigert,Hadley,Harrison,Jeffery
Lu,Gerard,Harrison,Addison,Lu,Amir
Harrison,Gilda,Swigert,Hadley,Harrison,Jeffery
Lu,Rex,Harrison,Addison,Lu,Amir
Harrison,Cailin,Swigert,Hadley,Harrison,Jeffery
Lu,Shemar,Harrison,Addison,Lu,Amir
Harrison,Sidney,Swigert,Hadley,Harrison,Jeffery
Lu,Maurice,Harrison,Addison,Lu,Amir
Harrison,Kamri,Swigert,Ladaysha,Harrison,Enrique
Lu,Austin,Harrison,Addison,Lu,Amir
Harrison,Kierra,Swigert,Ladaysha,Harrison,Enrique
Lu,Hunter,Harrison,Addison,Lu,Amir
Harrison,Ronni,Swigert,Ladaysha,Harrison,Enrique
Lu,Neal,Harrison,Addison,Lu,Amir
Harrison,Jenny,Swigert,Ladaysha,Harrison,Enrique
Lu,Leroy,Harrison,Addison,Lu,Amir
Harrison,Alexia,Swigert,Ladaysha,Harrison,Enrique
Lu,Brendon,Harrison,Janell,Lu,Deante
Harrison,Leeann,Swigert,Ladaysha,Harrison,Enrique
Lu,Keenan,Harrison,Janell,Lu,Deante
Harrison,Maddison,Swigert,Elisabeth,Harrison,Chaim
Lu,Johnathan,Harrison,Janell,Lu,Deante
Harrison,Bree,Swigert,Elisabeth,Harrison,Chaim
Lu,Kelsey,Harrison,Janell,Lu,Deante
Harrison,Baily,Swigert,Devin,Harrison,Camron
Lu,Hayden,Harrison,Janell,Lu,Deante
Harrison,Katrina,Swigert,Devin,Harrison,Camron
Lu,Shaun,Harrison,Janell,Lu,Deante
Harrison,Bryn,Swigert,Devin,Harrison,Camron
Lu,Jackson,Harrison,Janell,Lu,Deante
Harrison,Arianna,Swigert,Devin,Harrison,Camron
Lu,Dallas,Harrison,Janell,Lu,Deante
Harrison,Chanelle,Swigert,Devin,Harrison,Camron
Walz,Emmanuel,Lu,Kristyn,Walz,Gabriel
Harrison,Abbey,Swigert,Devin,Harrison,Camron
Walz,Louis,Lu,Kristyn,Walz,Gabriel
Harrison,Minnie,Swigert,Devin,Harrison,Camron
Walz,Montana,Lu,Ebony,Walz,Tracy
Harrison,Riley,Swigert,Devin,Harrison,Camron
Walz,Salvador,Lu,Ebony,Walz,Tracy
Harrison,Baylee,Swigert,Devin,Harrison,Camron
Walz,Kegan,Lu,Ebony,Walz,Tracy
Harrison,Ivelisse,Swigert,Devin,Harrison,Camron
Walz,Jeffrey,Lu,Ariel,Walz,Elmer
Harrison,Leigh,Swigert,Mariana,Harrison,Emmitt
Walz,Trevin,Lu,Ariel,Walz,Elmer
Harrison,Sheyla,Swigert,Mariana,Harrison,Emmitt
Walz,Cullen,Lu,Ariel,Walz,Elmer
Harrison,Mercedes,Cleave,Callie,Harrison,Michel
Walz,Jamari,Lu,Ariel,Walz,Elmer
Harrison,Kayland,Cleave,Callie,Harrison,Michel
Walz,Zaire,Lu,Felicia,Walz,Lazaro
Harrison,Micayla,Cleave,Callie,Harrison,Michel
Walz,Trevon,Lu,Felicia,Walz,Lazaro
Harrison,Celeste,Cleave,Callie,Harrison,Michel
Walz,Omar,Lu,Aidan,Walz,Romello
Harrison,Molli,Cleave,Callie,Harrison,Michel
Walz,Oneil,Lu,Aidan,Walz,Romello
Harrison,Rebekah,Cleave,Callie,Harrison,Michel
Walz,Campbell,Lu,Aidan,Walz,Romello
Harrison,Reina,Cleave,Callie,Harrison,Michel
Walz,Justice,Lu,Aidan,Walz,Romello
Harrison,Alice,Cleave,Jessica,Harrison,Manuel
Walz,Gustavo,Lu,Aidan,Walz,Romello
Harrison,Christine,Cleave,Jania,Harrison,Warren
Walz,Ezekiel,Lu,Aidan,Walz,Romello
Harrison,Andrea,Cleave,Jania,Harrison,Warren
Walz,Jasper,Lu,Aidan,Walz,Romello
Harrison,Cynthia,Cleave,Jania,Harrison,Warren
Walz,Damien,Lu,Aidan,Walz,Romello
Swigert,Kendall,Harrison,Fatima,Swigert,Conrad
Walz,Wilson,Lu,Aidan,Walz,Romello
Swigert,Cheyanne,Harrison,Fatima,Swigert,Conrad
Harrison,Jessee,Lu,Kassidy,Harrison,Jakob
Swigert,Veda,Harrison,Fatima,Swigert,Conrad
Harrison,Keshaun,Lu,Kassidy,Harrison,Jakob
Swigert,Jaqueline,Harrison,Fatima,Swigert,Conrad
Harrison,Ezra,Lu,Kassidy,Harrison,Jakob
Swigert,Tiana,Harrison,Fatima,Swigert,Conrad
Harrison,Christian,Lu,Kassidy,Harrison,Jakob
Swigert,Debra,Harrison,Fatima,Swigert,Conrad
Harrison,Roy,Lu,Kassidy,Harrison,Jakob
Swigert,Dylan,Harrison,Fatima,Swigert,Conrad
Harrison,Issac,Lu,Kassidy,Harrison,Jakob
Swigert,Emily,Harrison,Fatima,Swigert,Conrad
Harrison,Keeton,Lu,Kassidy,Harrison,Jakob
Swigert,Deandrea,Harrison,Fatima,Swigert,Conrad
Harrison,Roger,Lu,Kassidy,Harrison,Jakob
Swigert,Amanda,Harrison,Fatima,Swigert,Conrad
Harrison,Adan,Lu,Asha,Harrison,Moshe
Swigert,Mariah,Harrison,Armani,Swigert,Emmitt
Harrison,Ibrahim,Swigert,Hadley,Harrison,Jeffery
Swigert,Kacie,Harrison,Armani,Swigert,Emmitt
Harrison,Nathaniel,Swigert,Hadley,Harrison,Jeffery
Swigert,Chyanne,Harrison,Armani,Swigert,Emmitt
Harrison,Jasen,Swigert,Hadley,Harrison,Jeffery
Swigert,Karah,Harrison,Armani,Swigert,Emmitt
Harrison,Khalid,Swigert,Hadley,Harrison,Jeffery
Swigert,Tyeisha,Harrison,Armani,Swigert,Emmitt
Harrison,Jarvis,Swigert,Hadley,Harrison,Jeffery
Swigert,Susana,Harrison,Armani,Swigert,Emmitt
Harrison,Lloyd,Swigert,Hadley,Harrison,Jeffery
Swigert,Ayanna,Harrison,Armani,Swigert,Emmitt
Harrison,Deon,Swigert,Hadley,Harrison,Jeffery
Swigert,Jhane,Harrison,Aileen,Swigert,Freeman
Harrison,Oneil,Swigert,Hadley,Harrison,Jeffery
Swigert,Megan,Harrison,Aileen,Swigert,Freeman
Harrison,Johnathon,Swigert,Ladaysha,Harrison,Enrique
Swigert,Shelbi,Harrison,Aileen,Swigert,Freeman
Harrison,Osvaldo,Swigert,Ladaysha,Harrison,Enrique
Swigert,Colleen,Harrison,Aileen,Swigert,Freeman
Harrison,Logan,Swigert,Ladaysha,Harrison,Enrique
Swigert,Yamilex,Harrison,Aileen,Swigert,Freeman
Harrison,Reuben,Swigert,Ladaysha,Harrison,Enrique
Swigert,Aishah,Harrison,Aileen,Swigert,Freeman
Harrison,Cedric,Swigert,Elisabeth,Harrison,Chaim
Swigert,Andrea,Harrison,Aileen,Swigert,Freeman
Harrison,Kendrick,Swigert,Elisabeth,Harrison,Chaim
Swigert,Chelsy,Harrison,Aileen,Swigert,Freeman
Harrison,Greyson,Swigert,Elisabeth,Harrison,Chaim
Swigert,Sean,Harrison,Aileen,Swigert,Freeman
Harrison,Donte,Swigert,Elisabeth,Harrison,Chaim
Swigert,Kristie,Harrison,Aileen,Swigert,Freeman
Harrison,Kelton,Swigert,Devin,Harrison,Camron
Swigert,Chanelle,Harrison,Emma,Swigert,Christen
Harrison,Truman,Swigert,Devin,Harrison,Camron
Swigert,Monika,Harrison,Emma,Swigert,Christen
Harrison,Isaac,Swigert,Devin,Harrison,Camron
Swigert,Leah,Harrison,Emma,Swigert,Christen
Harrison,Quentin,Swigert,Devin,Harrison,Camron
Swigert,Brittany,Harrison,Emma,Swigert,Christen
Harrison,Ross,Swigert,Devin,Harrison,Camron
Swigert,Cameron,Harrison,Emma,Swigert,Christen
Harrison,Bobby,Swigert,Devin,Harrison,Camron
Swigert,Ansley,Harrison,Emma,Swigert,Christen
Harrison,Jeremy,Swigert,Mariana,Harrison,Emmitt
Swigert,Chasity,Harrison,Emma,Swigert,Christen
Harrison,Aiden,Swigert,Mariana,Harrison,Emmitt
Swigert,Candy,Harrison,Mackenna,Swigert,Mitchel
Harrison,Jamir,Swigert,Mariana,Harrison,Emmitt
Swigert,Jessenia,Harrison,Mackenna,Swigert,Mitchel
Harrison,Ernest,Swigert,Mariana,Harrison,Emmitt
Swigert,Alicia,Harrison,Mackenna,Swigert,Mitchel
Harrison,Cristian,Swigert,Mariana,Harrison,Emmitt
Swigert,Lena,Harrison,Mackenna,Swigert,Mitchel
Harrison,Kurtis,Cleave,Callie,Harrison,Michel
Swigert,Monique,Harrison,Holly,Swigert,Jai
Harrison,Kirk,Cleave,Callie,Harrison,Michel
Swigert,Tarah,Harrison,Holly,Swigert,Jai
Harrison,Adam,Cleave,Callie,Harrison,Michel
Swigert,Taelor,Harrison,Holly,Swigert,Jai
Harrison,Alfonso,Cleave,Callie,Harrison,Michel
Swigert,Courtney,Harrison,Gianna,Swigert,Kyle
Harrison,Derrick,Cleave,Callie,Harrison,Michel
Swigert,Kerri,Harrison,Gianna,Swigert,Kyle
Harrison,Vinh,Cleave,Callie,Harrison,Michel
Swigert,Deja,Harrison,Gianna,Swigert,Kyle
Harrison,Mason,Cleave,Callie,Harrison,Michel
Swigert,Myesha,Harrison,Gianna,Swigert,Kyle
Harrison,Ayub,Cleave,Callie,Harrison,Michel
Swigert,Laurel,Harrison,Gianna,Swigert,Kyle
Harrison,Leonard,Cleave,Jessica,Harrison,Manuel
Swigert,Jocelyne,Harrison,Lena,Swigert,Derek
Harrison,Hayes,Cleave,Jessica,Harrison,Manuel
Swigert,Rose,Harrison,Lena,Swigert,Derek
Harrison,Taylor,Cleave,Jessica,Harrison,Manuel
Swigert,Phoebe,Harrison,Lena,Swigert,Derek
Harrison,Albert,Cleave,Jessica,Harrison,Manuel
Swigert,Jenae,Harrison,Lena,Swigert,Derek
Harrison,Javen,Cleave,Jania,Harrison,Warren
Swigert,Lesli,Cleave,Joleen,Swigert,Thaddeus
Harrison,Richard,Cleave,Jania,Harrison,Warren
Swigert,Clair,Cleave,Joleen,Swigert,Thaddeus
Harrison,Moises,Cleave,Jania,Harrison,Warren
Swigert,Nina,Cleave,Joleen,Swigert,Thaddeus
Harrison,Lars,Cleave,Jania,Harrison,Warren
Swigert,Anthony,Cleave,Joleen,Swigert,Thaddeus
Harrison,Langston,Cleave,Jania,Harrison,Warren
Swigert,Nora,Cleave,Joleen,Swigert,Thaddeus
Swigert,Dion,Harrison,Fatima,Swigert,Conrad
Swigert,Chandler,Cleave,Joleen,Swigert,Thaddeus
Swigert,Vernon,Harrison,Fatima,Swigert,Conrad
Swigert,Maegan,Cleave,Joleen,Swigert,Thaddeus
Swigert,Malachi,Harrison,Fatima,Swigert,Conrad
Swigert,Octavia,Cleave,Joleen,Swigert,Thaddeus
Swigert,Efren,Harrison,Fatima,Swigert,Conrad
Cleave,Dianne,Magnus,Latosha,Cleave,Dwayne
Swigert,Gerardo,Harrison,Fatima,Swigert,Conrad
Cleave,Becca,Magnus,Latosha,Cleave,Dwayne
Swigert,Chad,Harrison,Fatima,Swigert,Conrad
Cleave,Mahogany,Magnus,Latosha,Cleave,Dwayne
Swigert,Hashim,Harrison,Fatima,Swigert,Conrad
Cleave,Carolyn,Magnus,Latosha,Cleave,Dwayne
Swigert,Ladarius,Harrison,Armani,Swigert,Emmitt
Cleave,Sheridan,Magnus,Latosha,Cleave,Dwayne
Swigert,Lorenzo,Harrison,Armani,Swigert,Emmitt
Cleave,Kara,Magnus,Latosha,Cleave,Dwayne
Swigert,Jaylen,Harrison,Armani,Swigert,Emmitt
Cleave,Kaya,Magnus,April,Cleave,Nick
Swigert,Shlomo,Harrison,Armani,Swigert,Emmitt
Cleave,Selina,Magnus,April,Cleave,Nick
Swigert,Yobani,Harrison,Armani,Swigert,Emmitt
Cleave,Destiny,Magnus,April,Cleave,Nick
Swigert,Pablo,Harrison,Armani,Swigert,Emmitt
Cleave,Sharon,Magnus,April,Cleave,Nick
Swigert,Kaleb,Harrison,Armani,Swigert,Emmitt
Cleave,Jada,Magnus,Amari,Cleave,Max
Swigert,Slaten,Harrison,Aileen,Swigert,Freeman
Cleave,Jena,Magnus,Amari,Cleave,Max
Swigert,Donte,Harrison,Aileen,Swigert,Freeman
Cleave,Nicole,Magnus,Amari,Cleave,Max
Swigert,Austen,Harrison,Aileen,Swigert,Freeman
Cleave,Samantha,Magnus,Amari,Cleave,Max
Swigert,Leo,Harrison,Aileen,Swigert,Freeman
Cleave,Calandra,Magnus,Amari,Cleave,Max
Swigert,Deshaun,Harrison,Aileen,Swigert,Freeman
Cleave,Kayley,Magnus,Amari,Cleave,Max
Swigert,Fredy,Harrison,Aileen,Swigert,Freeman
Cleave,Jacklyn,Magnus,Amari,Cleave,Max
Swigert,Zackery,Harrison,Aileen,Swigert,Freeman
Cleave,Demi,Magnus,Jamie,Cleave,Reid
Swigert,Nelson,Harrison,Aileen,Swigert,Freeman
Cleave,Lynn,Magnus,Jamie,Cleave,Reid
Swigert,Jean,Harrison,Emma,Swigert,Christen
Cleave,Roxanne,Magnus,Jamie,Cleave,Reid
Swigert,Angelo,Harrison,Emma,Swigert,Christen
Cleave,Marjorie,Magnus,Jamie,Cleave,Reid
Swigert,Oliver,Harrison,Emma,Swigert,Christen
Cleave,Clara,Magnus,Jamie,Cleave,Reid
Swigert,Norman,Harrison,Emma,Swigert,Christen
Cleave,Carley,Magnus,Jamie,Cleave,Reid
Swigert,Dequan,Harrison,Emma,Swigert,Christen
Cleave,Merissa,Magnus,Jamie,Cleave,Reid
Swigert,Skylar,Harrison,Emma,Swigert,Christen
Cleave,Katlyn,Magnus,Jamie,Cleave,Reid
Swigert,Eberardo,Harrison,Emma,Swigert,Christen
Cleave,Vera,Magnus,Marie,Cleave,Demarco
Swigert,Andy,Harrison,Emma,Swigert,Christen
Cleave,Simone,Magnus,Marie,Cleave,Demarco
Swigert,Jimmy,Harrison,Emma,Swigert,Christen
Cleave,Molly,Magnus,Kady,Cleave,Joseph
Swigert,Kahlil,Harrison,Emma,Swigert,Christen
Cleave,Geraldine,Magnus,Kady,Cleave,Joseph
Swigert,Spencer,Harrison,Mackenna,Swigert,Mitchel
Cleave,Jazmyne,Magnus,Kady,Cleave,Joseph
Swigert,Kirk,Harrison,Mackenna,Swigert,Mitchel
Cleave,Keishla,Magnus,Kady,Cleave,Joseph
Swigert,Wyatt,Harrison,Mackenna,Swigert,Mitchel
Cleave,Jazmine,Magnus,Kady,Cleave,Joseph
Swigert,Arnold,Harrison,Mackenna,Swigert,Mitchel
Cleave,Clair,Magnus,Kady,Cleave,Joseph
Swigert,Pierce,Harrison,Mackenna,Swigert,Mitchel
Cleave,Cortney,Magnus,Kady,Cleave,Joseph
Swigert,Curtis,Harrison,Gianna,Swigert,Kyle
Cleave,Flor,Magnus,Kady,Cleave,Joseph
Swigert,Avery,Harrison,Gianna,Swigert,Kyle
Cleave,Kayle,Magnus,Joanna,Cleave,Clay
Swigert,Brady,Harrison,Gianna,Swigert,Kyle
Cleave,Madilyn,Magnus,Joanna,Cleave,Clay
Swigert,Kirkland,Harrison,Gianna,Swigert,Kyle
Cleave,Elexus,Magnus,Connie,Cleave,Dion
Swigert,Romello,Harrison,Gianna,Swigert,Kyle
Cleave,Talia,Magnus,Connie,Cleave,Dion
Swigert,Sunny,Harrison,Gianna,Swigert,Kyle
Cleave,Stephania,Magnus,Connie,Cleave,Dion
Swigert,Bryce,Harrison,Gianna,Swigert,Kyle
Cleave,Savanah,Magnus,Connie,Cleave,Dion
Swigert,Ulysses,Cleave,Joleen,Swigert,Thaddeus
Cleave,Katie,Magnus,Connie,Cleave,Dion
Swigert,Domonic,Cleave,Joleen,Swigert,Thaddeus
Cleave,Klee,Magnus,Connie,Cleave,Dion
Swigert,Jairo,Cleave,Joleen,Swigert,Thaddeus
Cleave,Jessie,Magnus,Connie,Cleave,Dion
Swigert,Devontae,Cleave,Joleen,Swigert,Thaddeus
Cleave,Sade,Magnus,Connie,Cleave,Dion
Swigert,Jacoby,Cleave,Joleen,Swigert,Thaddeus
Cleave,Rebecca,Magnus,Connie,Cleave,Dion
Swigert,Deonta,Cleave,Joleen,Swigert,Thaddeus
Cleave,Shae,Magnus,Karly,Cleave,Montana
Swigert,Clay,Cleave,Joleen,Swigert,Thaddeus
Cleave,Kayleigh,Magnus,Karly,Cleave,Montana
Swigert,Desmond,Cleave,Joleen,Swigert,Thaddeus
Cleave,Joselyn,Magnus,Karly,Cleave,Montana
Swigert,Edward,Cleave,Joleen,Swigert,Thaddeus
Cleave,Karissa,Magnus,Karly,Cleave,Montana
Cleave,Timothy,Magnus,Latosha,Cleave,Dwayne
Cleave,Robyn,Magnus,Karly,Cleave,Montana
Cleave,Brad,Magnus,Latosha,Cleave,Dwayne
Cleave,Jazmyn,Magnus,Karly,Cleave,Montana
Cleave,Perry,Magnus,Latosha,Cleave,Dwayne
Cleave,Kyndra,Magnus,Karly,Cleave,Montana
Cleave,Ronald,Magnus,April,Cleave,Nick
Cleave,Tanisha,Magnus,Karly,Cleave,Montana
Cleave,Adrian,Magnus,April,Cleave,Nick
Cleave,Natalee,Magnus,Karly,Cleave,Montana
Cleave,San,Magnus,April,Cleave,Nick
Cleave,Paula,Magnus,Karly,Cleave,Montana
Cleave,Everett,Magnus,Amari,Cleave,Max
Cleave,Suzanna,Magnus,Karly,Cleave,Montana
Cleave,Oliver,Magnus,Amari,Cleave,Max
Cleave,Naomi,Magnus,Karly,Cleave,Montana
Cleave,Hayden,Magnus,Amari,Cleave,Max
Cleave,Patsy,Magnus,Karly,Cleave,Montana
Cleave,Duncan,Magnus,Amari,Cleave,Max
Cleave,Lea,Magnus,Karly,Cleave,Montana
Cleave,Tavon,Magnus,Amari,Cleave,Max
Magnus,Kaira,Cleave,Breanne,Magnus,Neftaly
Cleave,Miles,Magnus,Amari,Cleave,Max
Magnus,Audra,Cleave,Breanne,Magnus,Neftaly
Cleave,Jeremey,Magnus,Amari,Cleave,Max
Magnus,Lexi,Cleave,Breanne,Magnus,Neftaly
Cleave,Jeffrey,Magnus,Amari,Cleave,Max
Magnus,Tracy,Cleave,Breanne,Magnus,Neftaly
Cleave,Jair,Magnus,Amari,Cleave,Max
Magnus,Siera,Cleave,Breanne,Magnus,Neftaly
Cleave,Oren,Magnus,Jamie,Cleave,Reid
Magnus,Suleyma,Cleave,Breanne,Magnus,Neftaly
Cleave,Aaron,Magnus,Jamie,Cleave,Reid
Magnus,Ivory,Cleave,Breanne,Magnus,Neftaly
Cleave,Bradley,Magnus,Jamie,Cleave,Reid
Magnus,Genevieve,Cleave,Breanne,Magnus,Neftaly
Cleave,Quincy,Magnus,Jamie,Cleave,Reid
Magnus,Vivian,Cleave,Breanne,Magnus,Neftaly
Cleave,Ahmad,Magnus,Jamie,Cleave,Reid
Magnus,Alisia,Cleave,Breanne,Magnus,Neftaly
Cleave,Shan,Magnus,Jamie,Cleave,Reid
Magnus,Josie,Cleave,Breanne,Magnus,Neftaly
Cleave,Leo,Magnus,Jamie,Cleave,Reid
Magnus,Malina,Cleave,Breanne,Magnus,Neftaly
Cleave,Yakov,Magnus,Jamie,Cleave,Reid
Magnus,Kenzie,Cleave,Breanne,Magnus,Neftaly
Cleave,Leon,Magnus,Jamie,Cleave,Reid
Magnus,Kourtney,Cleave,Breanne,Magnus,Neftaly
Cleave,Zachariah,Magnus,Jamie,Cleave,Reid
Magnus,Malinda,Cleave,Breanne,Magnus,Neftaly
Cleave,Pierce,Magnus,Jamie,Cleave,Reid
Magnus,Torrie,Cleave,Breanne,Magnus,Neftaly
Cleave,Preston,Magnus,Jamie,Cleave,Reid
Magnus,Alysia,Cleave,Reagan,Magnus,Weston
Cleave,Lukas,Magnus,Marie,Cleave,Demarco
Magnus,Robin,Cleave,Reagan,Magnus,Weston
Cleave,Jules,Magnus,Marie,Cleave,Demarco
Magnus,Alexandra,Cleave,Reagan,Magnus,Weston
Cleave,Zane,Magnus,Kady,Cleave,Joseph
Magnus,Dianne,Cleave,Reagan,Magnus,Weston
Cleave,Thomas,Magnus,Kady,Cleave,Joseph
Magnus,Payton,Cleave,Reagan,Magnus,Weston
Cleave,Agustin,Magnus,Kady,Cleave,Joseph
Magnus,Kelcee,Cleave,Reagan,Magnus,Weston
Cleave,Hudson,Magnus,Kady,Cleave,Joseph
Magnus,Mikayla,Cleave,Reagan,Magnus,Weston
Cleave,Dangelo,Magnus,Kady,Cleave,Joseph
Magnus,Serena,Cleave,Shyanne,Magnus,Darryl
Cleave,Ezra,Magnus,Kady,Cleave,Joseph
Magnus,Andrea,Cleave,Shyanne,Magnus,Darryl
Cleave,Gabriel,Magnus,Kady,Cleave,Joseph
Magnus,Jaclyn,Cleave,Shyanne,Magnus,Darryl
Cleave,Bobby,Magnus,Kady,Cleave,Joseph
Magnus,Hailey,Cleave,Shyanne,Magnus,Darryl
Cleave,Maverick,Magnus,Kady,Cleave,Joseph
Magnus,Kori,Cleave,Shyanne,Magnus,Darryl
Cleave,Augustus,Magnus,Kady,Cleave,Joseph
Magnus,Kali,Cleave,Shyanne,Magnus,Darryl
Cleave,Tate,Magnus,Kady,Cleave,Joseph
Magnus,Krupa,Cleave,Shyanne,Magnus,Darryl
Cleave,Austen,Magnus,Joanna,Cleave,Clay
Magnus,Brigitte,Cleave,Shyanne,Magnus,Darryl
Cleave,Rashad,Magnus,Joanna,Cleave,Clay
Magnus,Malia,Cleave,Shyanne,Magnus,Darryl
Cleave,Darius,Magnus,Joanna,Cleave,Clay
Magnus,Dasia,Cleave,Shyanne,Magnus,Darryl
Cleave,Neftaly,Magnus,Joanna,Cleave,Clay
Magnus,Rebekkah,Cleave,Shyanne,Magnus,Darryl
Cleave,Lane,Magnus,Connie,Cleave,Dion
Magnus,Jazmyn,Cleave,Shyanne,Magnus,Darryl
Cleave,Drake,Magnus,Connie,Cleave,Dion
Magnus,Nina,Cleave,Shyanne,Magnus,Darryl
Cleave,Demetrius,Magnus,Connie,Cleave,Dion
Magnus,Kennedy,Cleave,Shyanne,Magnus,Darryl
Cleave,Silas,Magnus,Connie,Cleave,Dion
Magnus,Ashlynn,Cleave,Shyanne,Magnus,Darryl
Cleave,Dante,Magnus,Connie,Cleave,Dion
Magnus,Khaila,Cleave,Shyanne,Magnus,Darryl
Cleave,Rigoberto,Magnus,Connie,Cleave,Dion
Magnus,Ashly,Cleave,Shyanne,Magnus,Darryl
Cleave,Maxwell,Magnus,Connie,Cleave,Dion
Magnus,Sydney,Cleave,Shyanne,Magnus,Darryl
Cleave,Jacob,Magnus,Connie,Cleave,Dion
Magnus,Jayda,Cleave,Genesis,Magnus,Deleon
Cleave,Trent,Magnus,Connie,Cleave,Dion
Magnus,Mileena,Cleave,Genesis,Magnus,Deleon
Cleave,Darrius,Magnus,Connie,Cleave,Dion
Magnus,Lara,Cleave,Genesis,Magnus,Deleon
