Carter,Neftaly,Lousma,Kaylynn,Carter,Ali
Oswald,Sofia,Lopez,Kelsey,Oswald,Tyrell
Harding,Rand,Ride,Paola,Harding,Lorenzo
Carr,Deanne,McNair,Anamarie,Carr,Richard
Woodward,Quayshawn,Borman,Sean,Woodward,Alex
Hieb,Kayley,Cameron,Moriah,Hieb,Hector
Allen,Shmuel,Wilcutt,Dajah,Allen,Lawrence
Wilcutt,Misty,Cunningham,Kristy,Wilcutt,Tristian
Tyler,Tysen,Cleave,Margo,Tyler,Darrius
Fincke,Mikyla,Lopez,Priscilla,Fincke,Owen
Fisher,Barry,Meade,Allison,Fisher,Gage
Baker,Abagail,Lindsey,Nell,Baker,Jacori
Adamson,Kylan,Still,Elaine,Adamson,Erich
England,Clare,Bowersox,Isamar,England,Hector
Kennedy,Rex,Scott,Yajaira,Kennedy,Anders
Cernan,Kierstin,Thornton,Luisa,Cernan,Darien
Schweickart,Russell,Fossum,Kenzie,Schweickart,Paris
Rominger,Khaila,Wilcutt,Marivel,Rominger,Bradley
Ashby,Mike,Cockrell,Sapphire,Ashby,Damian
Lincoln,Beatriz,Clark,Desaree,Lincoln,Jacques
Worden,Keagan,Curbeam,Rianna,Worden,Damion
Hammond,Kady,Lovell,Audrey,Hammond,Rolando
Taylor,Errol,Jefferson,Chanelle,Taylor,Adan
Culbertson,Annabel,Burbank,Maya,Culbertson,Caden
Stafford,Cecil,Gruber,Kelsie,Stafford,Zaire
Carter,Chelsy,Oswald,Sofia,Carter,Neftaly
Engle,Markus,Caldeiro,Haley,Engle,Zaire
Carter,Carolyn,Oswald,Sofia,Carter,Neftaly
Nagel,Diego,Truman,Carmen,Nagel,Oren
Harding,Geneva,Carr,Deanne,Harding,Rand
Olivas,Victor,Taft,Deandrea,Olivas,Gage
Harding,Evelyn,Carr,Deanne,Harding,Rand
McBride,Santos,Ride,Frida,McBride,Spencer
Harding,Shiloh,Carr,Deanne,Harding,Rand
Thomas,Ross,Kelly,Brenna,Thomas,Dedrick
Harding,Madelyn,Carr,Deanne,Harding,Rand
Carter,Devyn,Oswald,Sofia,Carter,Neftaly
Woodward,Kirsten,Hieb,Kayley,Woodward,Quayshawn
Carter,Dillon,Oswald,Sofia,Carter,Neftaly
Allen,Marli,Wilcutt,Misty,Allen,Shmuel
Carter,Spencer,Oswald,Sofia,Carter,Neftaly
Tyler,Chelsey,Fincke,Mikyla,Tyler,Tysen
Carter,Alejandro,Oswald,Sofia,Carter,Neftaly
Tyler,Shannon,Fincke,Mikyla,Tyler,Tysen
Carter,Arthur,Oswald,Sofia,Carter,Neftaly
Tyler,Misty,Fincke,Mikyla,Tyler,Tysen
Carter,Marquis,Oswald,Sofia,Carter,Neftaly
Tyler,Shea,Fincke,Mikyla,Tyler,Tysen
Carter,Camden,Oswald,Sofia,Carter,Neftaly
Tyler,Tatum,Fincke,Mikyla,Tyler,Tysen
Carter,Bill,Oswald,Sofia,Carter,Neftaly
Tyler,Nicolette,Fincke,Mikyla,Tyler,Tysen
Harding,Trevor,Carr,Deanne,Harding,Rand
Tyler,Charlotte,Fincke,Mikyla,Tyler,Tysen
Harding,Eric,Carr,Deanne,Harding,Rand
Tyler,Makenzie,Fincke,Mikyla,Tyler,Tysen
Harding,Kenneth,Carr,Deanne,Harding,Rand
Tyler,Madelyne,Fincke,Mikyla,Tyler,Tysen
Harding,Garett,Carr,Deanne,Harding,Rand
Tyler,Taylorann,Fincke,Mikyla,Tyler,Tysen
Harding,Ezequiel,Carr,Deanne,Harding,Rand
Tyler,Robyn,Fincke,Mikyla,Tyler,Tysen
Harding,Bennett,Carr,Deanne,Harding,Rand
Tyler,Karlee,Fincke,Mikyla,Tyler,Tysen
Woodward,Xavier,Hieb,Kayley,Woodward,Quayshawn
Tyler,Ivelisse,Fincke,Mikyla,Tyler,Tysen
Woodward,Lauren,Hieb,Kayley,Woodward,Quayshawn
Fisher,Tania,Baker,Abagail,Fisher,Barry
Woodward,Ervin,Hieb,Kayley,Woodward,Quayshawn
Fisher,Lorena,Baker,Abagail,Fisher,Barry
Allen,Vincent,Wilcutt,Misty,Allen,Shmuel
Fisher,Keely,Baker,Abagail,Fisher,Barry
Allen,Lukas,Wilcutt,Misty,Allen,Shmuel
Fisher,Gilda,Baker,Abagail,Fisher,Barry
Allen,Kyle,Wilcutt,Misty,Allen,Shmuel
Fisher,Susana,Baker,Abagail,Fisher,Barry
Tyler,Drew,Fincke,Mikyla,Tyler,Tysen
Fisher,Alison,Baker,Abagail,Fisher,Barry
Tyler,Miguel,Fincke,Mikyla,Tyler,Tysen
Fisher,Leah,Baker,Abagail,Fisher,Barry
Tyler,Conner,Fincke,Mikyla,Tyler,Tysen
Adamson,Yadira,England,Clare,Adamson,Kylan
Tyler,Westley,Fincke,Mikyla,Tyler,Tysen
Kennedy,Karla,Cernan,Kierstin,Kennedy,Rex
Fisher,Greyson,Baker,Abagail,Fisher,Barry
Kennedy,Nereida,Cernan,Kierstin,Kennedy,Rex
Fisher,Jovan,Baker,Abagail,Fisher,Barry
Kennedy,Stevie,Cernan,Kierstin,Kennedy,Rex
Fisher,Dayton,Baker,Abagail,Fisher,Barry
Kennedy,Desiree,Cernan,Kierstin,Kennedy,Rex
Fisher,Devyn,Baker,Abagail,Fisher,Barry
Kennedy,Chloie,Cernan,Kierstin,Kennedy,Rex
Fisher,Kristofer,Baker,Abagail,Fisher,Barry
Schweickart,Nina,Rominger,Khaila,Schweickart,Russell
Fisher,Nick,Baker,Abagail,Fisher,Barry
Schweickart,Clare,Rominger,Khaila,Schweickart,Russell
Fisher,Jarred,Baker,Abagail,Fisher,Barry
Schweickart,Malinda,Rominger,Khaila,Schweickart,Russell
Adamson,Raheem,England,Clare,Adamson,Kylan
Schweickart,Shae,Rominger,Khaila,Schweickart,Russell
Adamson,Trent,England,Clare,Adamson,Kylan
Schweickart,Astrid,Rominger,Khaila,Schweickart,Russell
Kennedy,Domonic,Cernan,Kierstin,Kennedy,Rex
Schweickart,Anita,Rominger,Khaila,Schweickart,Russell
Kennedy,Erich,Cernan,Kierstin,Kennedy,Rex
Schweickart,Justine,Rominger,Khaila,Schweickart,Russell
Kennedy,Colton,Cernan,Kierstin,Kennedy,Rex
Schweickart,Athena,Rominger,Khaila,Schweickart,Russell
Schweickart,Brad,Rominger,Khaila,Schweickart,Russell
Schweickart,Darian,Rominger,Khaila,Schweickart,Russell
Schweickart,Taquan,Rominger,Khaila,Schweickart,Russell
Ashby,Karla,Lincoln,Beatriz,Ashby,Mike
Schweickart,Taylor,Rominger,Khaila,Schweickart,Russell
Ashby,Kenia,Lincoln,Beatriz,Ashby,Mike
Schweickart,Keenan,Rominger,Khaila,Schweickart,Russell
Worden,Annika,Hammond,Kady,Worden,Keagan
Schweickart,Tyquan,Rominger,Khaila,Schweickart,Russell
Worden,Patience,Hammond,Kady,Worden,Keagan
Ashby,Jarred,Lincoln,Beatriz,Ashby,Mike
Worden,Linnea,Hammond,Kady,Worden,Keagan
Ashby,Leon,Lincoln,Beatriz,Ashby,Mike
Worden,Janice,Hammond,Kady,Worden,Keagan
Worden,Chris,Hammond,Kady,Worden,Keagan
Worden,Anitra,Hammond,Kady,Worden,Keagan
Worden,Frederic,Hammond,Kady,Worden,Keagan
Worden,Mckenna,Hammond,Kady,Worden,Keagan
Worden,Reed,Hammond,Kady,Worden,Keagan
Worden,Alice,Hammond,Kady,Worden,Keagan
Worden,Rex,Hammond,Kady,Worden,Keagan
Taylor,Maura,Culbertson,Annabel,Taylor,Errol
Worden,Andy,Hammond,Kady,Worden,Keagan
Taylor,Makenzie,Culbertson,Annabel,Taylor,Errol
Worden,Stefan,Hammond,Kady,Worden,Keagan
Taylor,Nadia,Culbertson,Annabel,Taylor,Errol
Worden,Mathew,Hammond,Kady,Worden,Keagan
Taylor,Keri,Culbertson,Annabel,Taylor,Errol
Taylor,Esau,Culbertson,Annabel,Taylor,Errol
Taylor,Melisa,Culbertson,Annabel,Taylor,Errol
Taylor,Reginald,Culbertson,Annabel,Taylor,Errol
Taylor,Marisela,Culbertson,Annabel,Taylor,Errol
Taylor,Nigel,Culbertson,Annabel,Taylor,Errol
Taylor,Chandler,Culbertson,Annabel,Taylor,Errol
Taylor,Ben,Culbertson,Annabel,Taylor,Errol
Taylor,Desiree,Culbertson,Annabel,Taylor,Errol
Taylor,Garrick,Culbertson,Annabel,Taylor,Errol
Taylor,Yuki,Culbertson,Annabel,Taylor,Errol
Taylor,Brett,Culbertson,Annabel,Taylor,Errol
Stafford,Tanisha,Carter,Chelsy,Stafford,Cecil
Stafford,Chaz,Carter,Chelsy,Stafford,Cecil
Stafford,Adrian,Carter,Chelsy,Stafford,Cecil
Stafford,Keshaun,Carter,Chelsy,Stafford,Cecil
Stafford,Sheridan,Carter,Chelsy,Stafford,Cecil
Stafford,Mohammed,Carter,Chelsy,Stafford,Cecil
Stafford,Jazmyn,Carter,Chelsy,Stafford,Cecil
Stafford,Diondre,Carter,Chelsy,Stafford,Cecil
Stafford,Heaven,Carter,Chelsy,Stafford,Cecil
Stafford,Tarik,Carter,Chelsy,Stafford,Cecil
Stafford,Sydni,Carter,Chelsy,Stafford,Cecil
Stafford,Kayle,Carter,Chelsy,Stafford,Cecil
Stafford,Serena,Carter,Chelsy,Stafford,Cecil
Engle,Beau,Carter,Carolyn,Engle,Markus
Engle,Breanna,Carter,Carolyn,Engle,Markus
Engle,Dominic,Carter,Carolyn,Engle,Markus
Engle,Tristin,Carter,Carolyn,Engle,Markus
Engle,Brendon,Carter,Carolyn,Engle,Markus
Engle,Maia,Carter,Carolyn,Engle,Markus
Engle,San,Carter,Carolyn,Engle,Markus
Nagel,Kelli,Harding,Geneva,Nagel,Diego
Nagel,Javen,Harding,Geneva,Nagel,Diego
Olivas,Queen,Harding,Evelyn,Olivas,Victor
Nagel,Destin,Harding,Geneva,Nagel,Diego
Olivas,Deborah,Harding,Evelyn,Olivas,Victor
Olivas,Tyree,Harding,Evelyn,Olivas,Victor
McBride,Anjelica,Harding,Shiloh,McBride,Santos
Olivas,Markus,Harding,Evelyn,Olivas,Victor
McBride,Yahaira,Harding,Shiloh,McBride,Santos
McBride,Jameson,Harding,Shiloh,McBride,Santos
McBride,Alma,Harding,Shiloh,McBride,Santos
McBride,Toby,Harding,Shiloh,McBride,Santos
McBride,Adrianna,Harding,Shiloh,McBride,Santos
McBride,Erin,Harding,Shiloh,McBride,Santos
McBride,Kaela,Harding,Shiloh,McBride,Santos
McBride,Manuel,Harding,Shiloh,McBride,Santos
McBride,Katelin,Harding,Shiloh,McBride,Santos
McBride,Keagan,Harding,Shiloh,McBride,Santos
McBride,Kathryn,Harding,Shiloh,McBride,Santos
Thomas,Leonel,Harding,Madelyn,Thomas,Ross
Thomas,Blair,Harding,Madelyn,Thomas,Ross
Thomas,Daxton,Harding,Madelyn,Thomas,Ross
Thomas,Caylee,Harding,Madelyn,Thomas,Ross
Thomas,Elliott,Harding,Madelyn,Thomas,Ross
Thomas,Jaida,Harding,Madelyn,Thomas,Ross
Carter,Carlos,Woodward,Kirsten,Carter,Devyn
Thomas,Damaris,Harding,Madelyn,Thomas,Ross
Carter,Malik,Woodward,Kirsten,Carter,Devyn
Carter,Khaliah,Woodward,Kirsten,Carter,Devyn
Carter,Trevin,Woodward,Kirsten,Carter,Devyn
Carter,Juliette,Woodward,Kirsten,Carter,Devyn
Carter,Coy,Woodward,Kirsten,Carter,Devyn
Carter,Chaya,Woodward,Kirsten,Carter,Devyn
Carter,Brendan,Woodward,Kirsten,Carter,Devyn
Carter,Alysha,Allen,Marli,Carter,Dillon
Carter,Jamar,Allen,Marli,Carter,Dillon
Carter,Daniela,Allen,Marli,Carter,Dillon
Carter,Daxton,Allen,Marli,Carter,Dillon
Carter,Bree,Allen,Marli,Carter,Dillon
Carter,Rey,Allen,Marli,Carter,Dillon
Carter,Stacie,Allen,Marli,Carter,Dillon
Carter,Yuri,Allen,Marli,Carter,Dillon
Carter,Marisa,Tyler,Chelsey,Carter,Spencer
Carter,Ladarius,Allen,Marli,Carter,Dillon
Carter,Marcia,Tyler,Chelsey,Carter,Spencer
Carter,Pierce,Tyler,Chelsey,Carter,Spencer
Carter,Katerina,Tyler,Chelsey,Carter,Spencer
Carter,Keon,Tyler,Chelsey,Carter,Spencer
Carter,Zabrina,Tyler,Chelsey,Carter,Spencer
Carter,Barrett,Tyler,Chelsey,Carter,Spencer
Carter,Carla,Tyler,Chelsey,Carter,Spencer
Carter,Micheal,Tyler,Chelsey,Carter,Spencer
Carter,Kyle,Tyler,Chelsey,Carter,Spencer
Carter,Humberto,Tyler,Chelsey,Carter,Spencer
Carter,Angelica,Tyler,Chelsey,Carter,Spencer
Carter,Mike,Tyler,Chelsey,Carter,Spencer
Carter,Lindsay,Tyler,Chelsey,Carter,Spencer
Carter,Frank,Tyler,Chelsey,Carter,Spencer
Carter,Esmeralda,Tyler,Chelsey,Carter,Spencer
Carter,Diego,Tyler,Chelsey,Carter,Spencer
Carter,Deanna,Tyler,Chelsey,Carter,Spencer
Carter,Ian,Tyler,Shannon,Carter,Alejandro
Carter,Marivel,Tyler,Chelsey,Carter,Spencer
Carter,Tyreek,Tyler,Misty,Carter,Arthur
Carter,Nicolette,Tyler,Shannon,Carter,Alejandro
Carter,Keshaun,Tyler,Misty,Carter,Arthur
Carter,Lesly,Tyler,Shannon,Carter,Alejandro
Carter,Tysheem,Tyler,Misty,Carter,Arthur
Carter,Cori,Tyler,Shannon,Carter,Alejandro
Carter,Esau,Tyler,Misty,Carter,Arthur
Carter,Bertha,Tyler,Shannon,Carter,Alejandro
Carter,Kristian,Tyler,Shea,Carter,Marquis
Carter,Jennie,Tyler,Shannon,Carter,Alejandro
Carter,Yvan,Tyler,Shea,Carter,Marquis
Carter,Isabella,Tyler,Shannon,Carter,Alejandro
Carter,Rory,Tyler,Shea,Carter,Marquis
Carter,Bobbie,Tyler,Misty,Carter,Arthur
Carter,Graham,Tyler,Shea,Carter,Marquis
Carter,Sheyla,Tyler,Misty,Carter,Arthur
Carter,Ryland,Tyler,Shea,Carter,Marquis
Carter,Karina,Tyler,Misty,Carter,Arthur
Carter,Dana,Tyler,Shea,Carter,Marquis
Carter,Tamisha,Tyler,Misty,Carter,Arthur
Carter,Leroy,Tyler,Tatum,Carter,Camden
Carter,Tiara,Tyler,Shea,Carter,Marquis
Carter,Everett,Tyler,Tatum,Carter,Camden
Carter,Miracle,Tyler,Shea,Carter,Marquis
Carter,Weston,Tyler,Tatum,Carter,Camden
Carter,Melanie,Tyler,Shea,Carter,Marquis
Carter,Maliki,Tyler,Tatum,Carter,Camden
Carter,Gabriella,Tyler,Shea,Carter,Marquis
Carter,Sean,Tyler,Tatum,Carter,Camden
Carter,Andrea,Tyler,Shea,Carter,Marquis
Carter,Deonta,Tyler,Tatum,Carter,Camden
Carter,Devin,Tyler,Shea,Carter,Marquis
Carter,Michael,Tyler,Tatum,Carter,Camden
Carter,Kelsey,Tyler,Tatum,Carter,Camden
Carter,Collin,Tyler,Nicolette,Carter,Bill
Carter,Tiani,Tyler,Tatum,Carter,Camden
Carter,Maximillia,Tyler,Nicolette,Carter,Bill
Carter,Chandler,Tyler,Tatum,Carter,Camden
Harding,Brogan,Tyler,Charlotte,Harding,Trevor
Carter,Savana,Tyler,Tatum,Carter,Camden
Harding,Victor,Tyler,Charlotte,Harding,Trevor
Carter,Marilyn,Tyler,Tatum,Carter,Camden
Harding,Stephon,Tyler,Charlotte,Harding,Trevor
Carter,Rianna,Tyler,Tatum,Carter,Camden
Harding,Kristofer,Tyler,Makenzie,Harding,Eric
Carter,Tierney,Tyler,Tatum,Carter,Camden
Harding,Nick,Tyler,Madelyne,Harding,Kenneth
Carter,Sara,Tyler,Tatum,Carter,Camden
Harding,Chaim,Tyler,Madelyne,Harding,Kenneth
Carter,Celina,Tyler,Tatum,Carter,Camden
Harding,Gunner,Tyler,Taylorann,Harding,Garett
Carter,Alesha,Tyler,Nicolette,Carter,Bill
Harding,Raekwon,Tyler,Robyn,Harding,Ezequiel
Carter,Itzel,Tyler,Nicolette,Carter,Bill
Harding,Cullen,Tyler,Robyn,Harding,Ezequiel
Carter,Tristin,Tyler,Nicolette,Carter,Bill
Harding,Louis,Tyler,Robyn,Harding,Ezequiel
Harding,Elizabeth,Tyler,Charlotte,Harding,Trevor
Harding,Jace,Tyler,Robyn,Harding,Ezequiel
Harding,Kyndra,Tyler,Charlotte,Harding,Trevor
Harding,Raphael,Tyler,Karlee,Harding,Bennett
Harding,Suleyma,Tyler,Charlotte,Harding,Trevor
Harding,Jeremey,Tyler,Karlee,Harding,Bennett
Harding,Kristen,Tyler,Makenzie,Harding,Eric
Harding,Francis,Tyler,Karlee,Harding,Bennett
Harding,Shania,Tyler,Makenzie,Harding,Eric
Harding,Ariel,Tyler,Karlee,Harding,Bennett
Harding,Nora,Tyler,Makenzie,Harding,Eric
Harding,Gilberto,Tyler,Karlee,Harding,Bennett
Harding,Chelsy,Tyler,Makenzie,Harding,Eric
Harding,Lamar,Tyler,Karlee,Harding,Bennett
Harding,Karlee,Tyler,Makenzie,Harding,Eric
Harding,Agustin,Tyler,Karlee,Harding,Bennett
Harding,Marivel,Tyler,Makenzie,Harding,Eric
Woodward,Leroy,Tyler,Ivelisse,Woodward,Xavier
Harding,Greer,Tyler,Makenzie,Harding,Eric
Woodward,Jalil,Tyler,Ivelisse,Woodward,Xavier
Harding,Yaritza,Tyler,Makenzie,Harding,Eric
Woodward,Jeffery,Tyler,Ivelisse,Woodward,Xavier
Harding,Kalsie,Tyler,Makenzie,Harding,Eric
Woodward,Arthur,Tyler,Ivelisse,Woodward,Xavier
Harding,Valeria,Tyler,Madelyne,Harding,Kenneth
Woodward,Tristin,Tyler,Ivelisse,Woodward,Xavier
Harding,Savana,Tyler,Taylorann,Harding,Garett
Woodward,Chad,Tyler,Ivelisse,Woodward,Xavier
Harding,Tatianna,Tyler,Taylorann,Harding,Garett
Woodward,Kylan,Tyler,Ivelisse,Woodward,Xavier
Harding,Molly,Tyler,Robyn,Harding,Ezequiel
Woodward,Aiden,Fisher,Tania,Woodward,Lauren
Harding,Sylvia,Tyler,Robyn,Harding,Ezequiel
Woodward,Peter,Fisher,Tania,Woodward,Lauren
Harding,Janae,Tyler,Karlee,Harding,Bennett
Woodward,Denzell,Fisher,Tania,Woodward,Lauren
Harding,Kylie,Tyler,Karlee,Harding,Bennett
Woodward,Kapil,Fisher,Tania,Woodward,Lauren
Harding,Alejandra,Tyler,Karlee,Harding,Bennett
Woodward,Romello,Fisher,Tania,Woodward,Lauren
Harding,Kaela,Tyler,Karlee,Harding,Bennett
Woodward,Tristian,Fisher,Tania,Woodward,Lauren
Harding,Hannah,Tyler,Karlee,Harding,Bennett
Woodward,Beau,Fisher,Tania,Woodward,Lauren
Harding,Marisol,Tyler,Karlee,Harding,Bennett
Woodward,James,Fisher,Lorena,Woodward,Ervin
Harding,Leeann,Tyler,Karlee,Harding,Bennett
Woodward,Edward,Fisher,Lorena,Woodward,Ervin
Harding,Makenzi,Tyler,Karlee,Harding,Bennett
Woodward,Bret,Fisher,Lorena,Woodward,Ervin
Harding,Kaley,Tyler,Karlee,Harding,Bennett
Woodward,Thaddeus,Fisher,Lorena,Woodward,Ervin
Harding,Jailene,Tyler,Karlee,Harding,Bennett
Woodward,Dakota,Fisher,Lorena,Woodward,Ervin
Woodward,Kerri,Tyler,Ivelisse,Woodward,Xavier
Woodward,Branden,Fisher,Lorena,Woodward,Ervin
Woodward,Doris,Tyler,Ivelisse,Woodward,Xavier
Woodward,Ricky,Fisher,Lorena,Woodward,Ervin
Woodward,Shanique,Fisher,Tania,Woodward,Lauren
Woodward,Omar,Fisher,Lorena,Woodward,Ervin
Woodward,Malina,Fisher,Tania,Woodward,Lauren
Woodward,Samson,Fisher,Lorena,Woodward,Ervin
Woodward,Melody,Fisher,Tania,Woodward,Lauren
Woodward,Esau,Fisher,Lorena,Woodward,Ervin
Woodward,Ashli,Fisher,Tania,Woodward,Lauren
Woodward,Travis,Fisher,Lorena,Woodward,Ervin
Woodward,Michele,Fisher,Tania,Woodward,Lauren
Allen,Cullen,Fisher,Keely,Allen,Vincent
Woodward,Marlena,Fisher,Tania,Woodward,Lauren
Allen,Julian,Fisher,Keely,Allen,Vincent
Woodward,Melisa,Fisher,Tania,Woodward,Lauren
Allen,Truman,Fisher,Keely,Allen,Vincent
Woodward,Julissa,Fisher,Tania,Woodward,Lauren
Allen,Ryen,Fisher,Keely,Allen,Vincent
Woodward,Cayla,Fisher,Tania,Woodward,Lauren
Allen,Ezekiel,Fisher,Keely,Allen,Vincent
Woodward,Isabelle,Fisher,Lorena,Woodward,Ervin
Allen,River,Fisher,Keely,Allen,Vincent
Woodward,Samantha,Fisher,Lorena,Woodward,Ervin
Allen,Arian,Fisher,Keely,Allen,Vincent
Woodward,Edith,Fisher,Lorena,Woodward,Ervin
Allen,Demarco,Fisher,Keely,Allen,Vincent
Woodward,Mckenzie,Fisher,Lorena,Woodward,Ervin
Allen,Coy,Fisher,Keely,Allen,Vincent
Woodward,Blanca,Fisher,Lorena,Woodward,Ervin
Allen,Titus,Fisher,Gilda,Allen,Lukas
Woodward,Kitana,Fisher,Lorena,Woodward,Ervin
Allen,Alfred,Fisher,Susana,Allen,Kyle
Woodward,Liza,Fisher,Lorena,Woodward,Ervin
Allen,Britton,Fisher,Susana,Allen,Kyle
Woodward,Jaden,Fisher,Lorena,Woodward,Ervin
Allen,Josiah,Fisher,Susana,Allen,Kyle
Woodward,Zulema,Fisher,Lorena,Woodward,Ervin
Allen,Mickey,Fisher,Susana,Allen,Kyle
Allen,Randi,Fisher,Keely,Allen,Vincent
Allen,Kelson,Fisher,Susana,Allen,Kyle
Allen,Gabriel,Fisher,Keely,Allen,Vincent
Allen,Devaughn,Fisher,Susana,Allen,Kyle
Allen,Doris,Fisher,Keely,Allen,Vincent
Tyler,Tyren,Fisher,Alison,Tyler,Drew
Allen,Tanna,Fisher,Keely,Allen,Vincent
Tyler,Louis,Fisher,Alison,Tyler,Drew
Allen,Valerie,Fisher,Keely,Allen,Vincent
Tyler,Irfan,Fisher,Alison,Tyler,Drew
Allen,Alisa,Fisher,Keely,Allen,Vincent
Tyler,Killian,Fisher,Alison,Tyler,Drew
Allen,Jennie,Fisher,Keely,Allen,Vincent
Tyler,Jarod,Fisher,Alison,Tyler,Drew
Allen,Liz,Fisher,Gilda,Allen,Lukas
Tyler,Marquise,Fisher,Alison,Tyler,Drew
Allen,Reagan,Fisher,Gilda,Allen,Lukas
Tyler,Brennon,Fisher,Alison,Tyler,Drew
Allen,Kailee,Fisher,Gilda,Allen,Lukas
Tyler,Keshaun,Fisher,Alison,Tyler,Drew
Allen,Salena,Fisher,Susana,Allen,Kyle
Tyler,Cody,Fisher,Alison,Tyler,Drew
Allen,Iesha,Fisher,Susana,Allen,Kyle
Tyler,Matthew,Fisher,Alison,Tyler,Drew
Tyler,Kaelyn,Fisher,Alison,Tyler,Drew
Tyler,Shane,Fisher,Leah,Tyler,Miguel
Tyler,Keri,Fisher,Alison,Tyler,Drew
Tyler,Heriberto,Fisher,Leah,Tyler,Miguel
Tyler,Tristan,Fisher,Alison,Tyler,Drew
Tyler,Menachem,Fisher,Leah,Tyler,Miguel
Tyler,Kelli,Fisher,Alison,Tyler,Drew
Tyler,Jevon,Fisher,Leah,Tyler,Miguel
Tyler,Katia,Fisher,Alison,Tyler,Drew
Tyler,Tyquan,Adamson,Yadira,Tyler,Conner
Tyler,Felisha,Fisher,Alison,Tyler,Drew
Tyler,Trenton,Adamson,Yadira,Tyler,Conner
Tyler,Sky,Fisher,Alison,Tyler,Drew
Tyler,Frankie,Kennedy,Karla,Tyler,Westley
Tyler,Kaila,Fisher,Alison,Tyler,Drew
Tyler,Dyllon,Kennedy,Karla,Tyler,Westley
Tyler,Amelia,Fisher,Leah,Tyler,Miguel
Tyler,Angelo,Kennedy,Karla,Tyler,Westley
Tyler,Darrian,Fisher,Leah,Tyler,Miguel
Tyler,Francis,Kennedy,Karla,Tyler,Westley
Tyler,Hope,Fisher,Leah,Tyler,Miguel
Tyler,Ronny,Kennedy,Karla,Tyler,Westley
Tyler,Kaitlynn,Fisher,Leah,Tyler,Miguel
Tyler,Andres,Kennedy,Karla,Tyler,Westley
Tyler,Zoey,Fisher,Leah,Tyler,Miguel
Tyler,Daryl,Kennedy,Karla,Tyler,Westley
Tyler,Janay,Fisher,Leah,Tyler,Miguel
Tyler,Trevin,Kennedy,Karla,Tyler,Westley
Tyler,Jackie,Fisher,Leah,Tyler,Miguel
Fisher,Ronald,Kennedy,Nereida,Fisher,Greyson
Tyler,Maria,Fisher,Leah,Tyler,Miguel
Fisher,Mark,Kennedy,Nereida,Fisher,Greyson
Tyler,Isabelle,Fisher,Leah,Tyler,Miguel
Fisher,Jean,Kennedy,Nereida,Fisher,Greyson
Tyler,Linda,Adamson,Yadira,Tyler,Conner
Fisher,Erin,Kennedy,Stevie,Fisher,Jovan
Tyler,Xochitl,Kennedy,Karla,Tyler,Westley
Fisher,Kareem,Kennedy,Stevie,Fisher,Jovan
Tyler,Tatiana,Kennedy,Karla,Tyler,Westley
Fisher,Mathieu,Kennedy,Stevie,Fisher,Jovan
Tyler,Sapphire,Kennedy,Karla,Tyler,Westley
Fisher,Tony,Kennedy,Stevie,Fisher,Jovan
Tyler,Christian,Kennedy,Karla,Tyler,Westley
Fisher,Tyler,Kennedy,Stevie,Fisher,Jovan
Fisher,Carina,Kennedy,Nereida,Fisher,Greyson
Fisher,Cruz,Kennedy,Stevie,Fisher,Jovan
Fisher,Skyler,Kennedy,Nereida,Fisher,Greyson
Fisher,Kasey,Kennedy,Stevie,Fisher,Jovan
Fisher,Destiney,Kennedy,Nereida,Fisher,Greyson
Fisher,Braden,Kennedy,Desiree,Fisher,Dayton
Fisher,Kaleigh,Kennedy,Stevie,Fisher,Jovan
Fisher,Jacoby,Kennedy,Desiree,Fisher,Dayton
Fisher,Maddison,Kennedy,Stevie,Fisher,Jovan
Fisher,Dominick,Kennedy,Desiree,Fisher,Dayton
Fisher,Jameisha,Kennedy,Stevie,Fisher,Jovan
Fisher,Devaughn,Kennedy,Desiree,Fisher,Dayton
Fisher,Shayna,Kennedy,Stevie,Fisher,Jovan
Fisher,Kenyon,Kennedy,Desiree,Fisher,Dayton
Fisher,Teresa,Kennedy,Stevie,Fisher,Jovan
Fisher,Thomas,Kennedy,Chloie,Fisher,Devyn
Fisher,Leanna,Kennedy,Stevie,Fisher,Jovan
Fisher,Marielle,Kennedy,Chloie,Fisher,Devyn
Fisher,Kenna,Kennedy,Desiree,Fisher,Dayton
Fisher,Cole,Kennedy,Chloie,Fisher,Devyn
Fisher,Violet,Kennedy,Desiree,Fisher,Dayton
Fisher,Darrin,Kennedy,Chloie,Fisher,Devyn
Fisher,Anaya,Kennedy,Desiree,Fisher,Dayton
Fisher,James,Kennedy,Chloie,Fisher,Devyn
Fisher,Claudia,Kennedy,Desiree,Fisher,Dayton
Fisher,Winston,Kennedy,Chloie,Fisher,Devyn
Fisher,Torrie,Kennedy,Chloie,Fisher,Devyn
Fisher,Raymond,Kennedy,Chloie,Fisher,Devyn
Fisher,Kyana,Kennedy,Chloie,Fisher,Devyn
Fisher,Terron,Kennedy,Chloie,Fisher,Devyn
Fisher,Tatiana,Kennedy,Chloie,Fisher,Devyn
Fisher,Nathanael,Kennedy,Chloie,Fisher,Devyn
Fisher,Allyson,Kennedy,Chloie,Fisher,Devyn
Fisher,Amari,Schweickart,Nina,Fisher,Kristofer
Fisher,Sneha,Kennedy,Chloie,Fisher,Devyn
Fisher,Dana,Schweickart,Nina,Fisher,Kristofer
Fisher,Hope,Schweickart,Nina,Fisher,Kristofer
Fisher,Joey,Schweickart,Nina,Fisher,Kristofer
Fisher,Janesha,Schweickart,Nina,Fisher,Kristofer
Fisher,Jasper,Schweickart,Nina,Fisher,Kristofer
Fisher,Rose,Schweickart,Nina,Fisher,Kristofer
Fisher,Aidan,Schweickart,Nina,Fisher,Kristofer
Fisher,Fiona,Schweickart,Nina,Fisher,Kristofer
Fisher,Tre,Schweickart,Nina,Fisher,Kristofer
Fisher,Alma,Schweickart,Nina,Fisher,Kristofer
Fisher,Isidro,Schweickart,Nina,Fisher,Kristofer
Fisher,Amber,Schweickart,Nina,Fisher,Kristofer
Fisher,Randall,Schweickart,Nina,Fisher,Kristofer
Fisher,Megan,Schweickart,Nina,Fisher,Kristofer
Fisher,Aleksandr,Schweickart,Nina,Fisher,Kristofer
Fisher,Itzel,Schweickart,Nina,Fisher,Kristofer
Fisher,Vernon,Schweickart,Clare,Fisher,Nick
Fisher,Lucia,Schweickart,Nina,Fisher,Kristofer
Fisher,Liam,Schweickart,Clare,Fisher,Nick
Fisher,Nayeli,Schweickart,Nina,Fisher,Kristofer
Fisher,Santana,Schweickart,Clare,Fisher,Nick
Fisher,Shelby,Schweickart,Clare,Fisher,Nick
Fisher,Charles,Schweickart,Clare,Fisher,Nick
Fisher,Analisa,Schweickart,Clare,Fisher,Nick
Fisher,Corbin,Schweickart,Malinda,Fisher,Jarred
Fisher,Yazmin,Schweickart,Malinda,Fisher,Jarred
Fisher,Jairus,Schweickart,Malinda,Fisher,Jarred
Fisher,Sheri,Schweickart,Malinda,Fisher,Jarred
Fisher,Romeo,Schweickart,Malinda,Fisher,Jarred
Fisher,Sarina,Schweickart,Malinda,Fisher,Jarred
Fisher,Troy,Schweickart,Malinda,Fisher,Jarred
Fisher,Jacquelyn,Schweickart,Malinda,Fisher,Jarred
Fisher,Travis,Schweickart,Malinda,Fisher,Jarred
Fisher,Karyna,Schweickart,Malinda,Fisher,Jarred
Fisher,Devontae,Schweickart,Malinda,Fisher,Jarred
Fisher,Elaina,Schweickart,Malinda,Fisher,Jarred
Fisher,Miguel,Schweickart,Malinda,Fisher,Jarred
Fisher,Claire,Schweickart,Malinda,Fisher,Jarred
Fisher,Collin,Schweickart,Malinda,Fisher,Jarred
Adamson,Darcy,Schweickart,Shae,Adamson,Raheem
Fisher,Diamond,Schweickart,Malinda,Fisher,Jarred
Adamson,Liana,Schweickart,Shae,Adamson,Raheem
Fisher,Isaias,Schweickart,Malinda,Fisher,Jarred
Adamson,Tara,Schweickart,Astrid,Adamson,Trent
Fisher,Ayub,Schweickart,Malinda,Fisher,Jarred
Adamson,Rubi,Schweickart,Astrid,Adamson,Trent
Fisher,Micheal,Schweickart,Malinda,Fisher,Jarred
Adamson,Jaida,Schweickart,Astrid,Adamson,Trent
Fisher,Landin,Schweickart,Malinda,Fisher,Jarred
Adamson,Passion,Schweickart,Astrid,Adamson,Trent
Adamson,Santana,Schweickart,Shae,Adamson,Raheem
Adamson,Nadine,Schweickart,Astrid,Adamson,Trent
Adamson,Thomas,Schweickart,Shae,Adamson,Raheem
Adamson,Mykayla,Schweickart,Astrid,Adamson,Trent
Adamson,Philip,Schweickart,Shae,Adamson,Raheem
Adamson,Blanca,Schweickart,Astrid,Adamson,Trent
Adamson,Deric,Schweickart,Shae,Adamson,Raheem
Kennedy,Sommer,Schweickart,Anita,Kennedy,Domonic
Adamson,Salvatore,Schweickart,Astrid,Adamson,Trent
Kennedy,Claire,Schweickart,Anita,Kennedy,Domonic
Adamson,Branden,Schweickart,Astrid,Adamson,Trent
Kennedy,Marisol,Schweickart,Anita,Kennedy,Domonic
Adamson,Adan,Schweickart,Astrid,Adamson,Trent
Kennedy,Yajaira,Schweickart,Anita,Kennedy,Domonic
Adamson,Kyler,Schweickart,Astrid,Adamson,Trent
Kennedy,Keila,Schweickart,Anita,Kennedy,Domonic
Adamson,Russell,Schweickart,Astrid,Adamson,Trent
Kennedy,Tristin,Schweickart,Anita,Kennedy,Domonic
Kennedy,Issac,Schweickart,Anita,Kennedy,Domonic
Kennedy,Anahi,Schweickart,Anita,Kennedy,Domonic
Kennedy,Parker,Schweickart,Anita,Kennedy,Domonic
Kennedy,Morgen,Schweickart,Anita,Kennedy,Domonic
Kennedy,Keenan,Schweickart,Anita,Kennedy,Domonic
Kennedy,Tamara,Schweickart,Anita,Kennedy,Domonic
Kennedy,Gage,Schweickart,Anita,Kennedy,Domonic
Kennedy,Frances,Schweickart,Anita,Kennedy,Domonic
Kennedy,Jaime,Schweickart,Anita,Kennedy,Domonic
Kennedy,Sheniqua,Schweickart,Justine,Kennedy,Erich
Kennedy,Chaim,Schweickart,Anita,Kennedy,Domonic
Kennedy,Linda,Schweickart,Justine,Kennedy,Erich
Kennedy,Eric,Schweickart,Anita,Kennedy,Domonic
Kennedy,Danielle,Schweickart,Justine,Kennedy,Erich
Kennedy,Johnathan,Schweickart,Anita,Kennedy,Domonic
Kennedy,Laura,Schweickart,Athena,Kennedy,Colton
Kennedy,Brent,Schweickart,Justine,Kennedy,Erich
Kennedy,Dixie,Schweickart,Athena,Kennedy,Colton
Kennedy,Claudio,Schweickart,Justine,Kennedy,Erich
Kennedy,Cassidy,Schweickart,Athena,Kennedy,Colton
Kennedy,Louis,Schweickart,Justine,Kennedy,Erich
Kennedy,Ella,Schweickart,Athena,Kennedy,Colton
Kennedy,Kevin,Schweickart,Justine,Kennedy,Erich
Kennedy,Aubrie,Schweickart,Athena,Kennedy,Colton
Kennedy,Weston,Schweickart,Justine,Kennedy,Erich
Kennedy,Kaley,Schweickart,Athena,Kennedy,Colton
Kennedy,Brad,Schweickart,Justine,Kennedy,Erich
Kennedy,Marlee,Schweickart,Athena,Kennedy,Colton
Kennedy,Jovonte,Schweickart,Justine,Kennedy,Erich
Kennedy,Micah,Schweickart,Athena,Kennedy,Colton
Kennedy,Hunter,Schweickart,Athena,Kennedy,Colton
Kennedy,Lauren,Schweickart,Athena,Kennedy,Colton
Kennedy,Triston,Schweickart,Athena,Kennedy,Colton
Kennedy,Kenna,Schweickart,Athena,Kennedy,Colton
Kennedy,Nigel,Schweickart,Athena,Kennedy,Colton
Schweickart,Kaycee,Ashby,Karla,Schweickart,Brad
Kennedy,Wylie,Schweickart,Athena,Kennedy,Colton
Schweickart,Makenzi,Ashby,Karla,Schweickart,Brad
Kennedy,Marcello,Schweickart,Athena,Kennedy,Colton
Schweickart,Nakia,Ashby,Karla,Schweickart,Brad
Kennedy,Dontae,Schweickart,Athena,Kennedy,Colton
Schweickart,Emerald,Ashby,Karla,Schweickart,Brad
Kennedy,Donovan,Schweickart,Athena,Kennedy,Colton
Schweickart,Dayna,Ashby,Karla,Schweickart,Brad
Kennedy,Darren,Schweickart,Athena,Kennedy,Colton
Schweickart,Kayla,Ashby,Kenia,Schweickart,Taquan
Schweickart,Keanu,Ashby,Karla,Schweickart,Brad
Schweickart,Juanita,Ashby,Kenia,Schweickart,Taquan
Schweickart,Ibrahim,Ashby,Karla,Schweickart,Brad
Schweickart,Bethany,Ashby,Kenia,Schweickart,Taquan
Schweickart,Arturo,Ashby,Karla,Schweickart,Brad
Schweickart,Mckayla,Worden,Annika,Schweickart,Taylor
Schweickart,Darius,Ashby,Kenia,Schweickart,Taquan
Schweickart,Payton,Worden,Annika,Schweickart,Taylor
Schweickart,Mohamad,Ashby,Kenia,Schweickart,Taquan
Schweickart,Aireona,Worden,Patience,Schweickart,Keenan
Schweickart,Adalberto,Ashby,Kenia,Schweickart,Taquan
Schweickart,Clarissa,Worden,Patience,Schweickart,Keenan
Schweickart,Lukas,Ashby,Kenia,Schweickart,Taquan
Schweickart,Kaitlynn,Worden,Patience,Schweickart,Keenan
Schweickart,Samual,Ashby,Kenia,Schweickart,Taquan
Schweickart,Sadie,Worden,Patience,Schweickart,Keenan
Schweickart,Tavon,Ashby,Kenia,Schweickart,Taquan
Schweickart,Nicolette,Worden,Patience,Schweickart,Keenan
Schweickart,Van,Worden,Annika,Schweickart,Taylor
Schweickart,Skye,Worden,Linnea,Schweickart,Tyquan
Schweickart,Kenyon,Worden,Annika,Schweickart,Taylor
Schweickart,Laken,Worden,Linnea,Schweickart,Tyquan
Schweickart,Tristin,Worden,Patience,Schweickart,Keenan
Schweickart,Estefany,Worden,Linnea,Schweickart,Tyquan
Schweickart,Damian,Worden,Patience,Schweickart,Keenan
Schweickart,Jenna,Worden,Linnea,Schweickart,Tyquan
Schweickart,Lars,Worden,Patience,Schweickart,Keenan
Ashby,Hadley,Schweickart,Darian,Ashby,Jarred
Schweickart,Deanthony,Worden,Patience,Schweickart,Keenan
Ashby,Claire,Schweickart,Darian,Ashby,Jarred
Schweickart,Frederick,Worden,Patience,Schweickart,Keenan
Ashby,Drew,Schweickart,Darian,Ashby,Jarred
Schweickart,Jairo,Worden,Patience,Schweickart,Keenan
Ashby,Donisha,Schweickart,Darian,Ashby,Jarred
Schweickart,Johnathon,Worden,Patience,Schweickart,Keenan
Ashby,Lacey,Schweickart,Darian,Ashby,Jarred
Schweickart,Toby,Worden,Patience,Schweickart,Keenan
Ashby,Rosemary,Schweickart,Darian,Ashby,Jarred
Ashby,Jon,Schweickart,Darian,Ashby,Jarred
Ashby,Edith,Schweickart,Darian,Ashby,Jarred
Ashby,Kellen,Schweickart,Darian,Ashby,Jarred
Ashby,Mona,Worden,Janice,Ashby,Leon
Ashby,Davon,Schweickart,Darian,Ashby,Jarred
Ashby,Shaylee,Worden,Janice,Ashby,Leon
Ashby,Yobani,Schweickart,Darian,Ashby,Jarred
Ashby,Alysia,Worden,Janice,Ashby,Leon
Ashby,Brenden,Schweickart,Darian,Ashby,Jarred
Ashby,Shamaria,Worden,Janice,Ashby,Leon
Ashby,Javion,Schweickart,Darian,Ashby,Jarred
Ashby,Kaylyn,Worden,Janice,Ashby,Leon
Ashby,Olivier,Schweickart,Darian,Ashby,Jarred
Ashby,Meaghan,Worden,Janice,Ashby,Leon
Ashby,Greyson,Schweickart,Darian,Ashby,Jarred
Ashby,Nallely,Worden,Janice,Ashby,Leon
Ashby,Carter,Worden,Janice,Ashby,Leon
Worden,Jenae,Taylor,Maura,Worden,Chris
Ashby,Dangelo,Worden,Janice,Ashby,Leon
Worden,Domonique,Taylor,Makenzie,Worden,Frederic
Ashby,Jairo,Worden,Janice,Ashby,Leon
Worden,Yasmin,Taylor,Makenzie,Worden,Frederic
Ashby,Brooks,Worden,Janice,Ashby,Leon
Worden,Sheridan,Taylor,Makenzie,Worden,Frederic
Ashby,Richie,Worden,Janice,Ashby,Leon
Worden,Lakeisha,Taylor,Nadia,Worden,Reed
Ashby,Shaun,Worden,Janice,Ashby,Leon
Worden,Tamisha,Taylor,Keri,Worden,Rex
Ashby,Jovon,Worden,Janice,Ashby,Leon
Worden,Marie,Taylor,Keri,Worden,Rex
Ashby,Sidney,Worden,Janice,Ashby,Leon
Worden,Symphony,Taylor,Keri,Worden,Rex
Ashby,Deandre,Worden,Janice,Ashby,Leon
Worden,Estefania,Taylor,Keri,Worden,Rex
Ashby,Blaine,Worden,Janice,Ashby,Leon
Worden,Susan,Taylor,Keri,Worden,Rex
Worden,Devonte,Taylor,Maura,Worden,Chris
Worden,Debra,Taylor,Melisa,Worden,Andy
Worden,Terrence,Taylor,Maura,Worden,Chris
Worden,Kendal,Taylor,Melisa,Worden,Andy
Worden,Rodney,Taylor,Makenzie,Worden,Frederic
Worden,Alicia,Taylor,Melisa,Worden,Andy
Worden,Alexandro,Taylor,Nadia,Worden,Reed
Worden,Lena,Taylor,Melisa,Worden,Andy
Worden,Cristian,Taylor,Nadia,Worden,Reed
Worden,Cecelia,Taylor,Melisa,Worden,Andy
Worden,Arturo,Taylor,Nadia,Worden,Reed
Worden,Karah,Taylor,Marisela,Worden,Stefan
Worden,Colton,Taylor,Nadia,Worden,Reed
Worden,Aleah,Taylor,Marisela,Worden,Stefan
Worden,Victor,Taylor,Nadia,Worden,Reed
Worden,Kirstin,Taylor,Marisela,Worden,Stefan
Worden,Austin,Taylor,Keri,Worden,Rex
Worden,Chanelle,Taylor,Chandler,Worden,Mathew
Worden,Louis,Taylor,Keri,Worden,Rex
Worden,Meaghan,Taylor,Chandler,Worden,Mathew
Worden,Joel,Taylor,Keri,Worden,Rex
Worden,Jade,Taylor,Chandler,Worden,Mathew
Worden,Brennen,Taylor,Keri,Worden,Rex
Worden,Reagan,Taylor,Chandler,Worden,Mathew
Worden,Wesley,Taylor,Keri,Worden,Rex
Worden,Tara,Taylor,Chandler,Worden,Mathew
Worden,Deleon,Taylor,Keri,Worden,Rex
Worden,Whitney,Taylor,Chandler,Worden,Mathew
Worden,Felix,Taylor,Keri,Worden,Rex
Worden,Karyna,Taylor,Chandler,Worden,Mathew
Worden,Arthur,Taylor,Keri,Worden,Rex
Worden,Miracle,Taylor,Chandler,Worden,Mathew
Worden,Mason,Taylor,Melisa,Worden,Andy
Worden,Gabriela,Taylor,Chandler,Worden,Mathew
Worden,Stewart,Taylor,Melisa,Worden,Andy
Worden,Marlee,Taylor,Chandler,Worden,Mathew
Worden,Walker,Taylor,Marisela,Worden,Stefan
Worden,Sara,Taylor,Chandler,Worden,Mathew
Worden,Omar,Taylor,Marisela,Worden,Stefan
Worden,Fabiola,Taylor,Chandler,Worden,Mathew
Worden,Hudson,Taylor,Chandler,Worden,Mathew
Taylor,Trisha,Worden,Anitra,Taylor,Esau
Worden,Cruz,Taylor,Chandler,Worden,Mathew
Taylor,Colleen,Worden,Anitra,Taylor,Esau
Worden,Diondre,Taylor,Chandler,Worden,Mathew
Taylor,Michel,Worden,Anitra,Taylor,Esau
Worden,Niko,Taylor,Chandler,Worden,Mathew
Taylor,Britney,Worden,Anitra,Taylor,Esau
Worden,Kenneth,Taylor,Chandler,Worden,Mathew
Taylor,Nayeli,Worden,Mckenna,Taylor,Reginald
Worden,Darrius,Taylor,Chandler,Worden,Mathew
Taylor,Candy,Worden,Mckenna,Taylor,Reginald
Worden,Ryland,Taylor,Chandler,Worden,Mathew
Taylor,Lea,Worden,Mckenna,Taylor,Reginald
Taylor,Reynaldo,Worden,Anitra,Taylor,Esau
Taylor,Tess,Worden,Mckenna,Taylor,Reginald
Taylor,Seamus,Worden,Anitra,Taylor,Esau
Taylor,Kaci,Worden,Mckenna,Taylor,Reginald
Taylor,Riley,Worden,Anitra,Taylor,Esau
Taylor,Monet,Worden,Mckenna,Taylor,Reginald
Taylor,Vincent,Worden,Anitra,Taylor,Esau
Taylor,Saige,Worden,Alice,Taylor,Nigel
Taylor,Rasheed,Worden,Anitra,Taylor,Esau
Taylor,Jeanna,Worden,Alice,Taylor,Nigel
Taylor,Raequan,Worden,Mckenna,Taylor,Reginald
Taylor,Alannah,Worden,Alice,Taylor,Nigel
Taylor,Amir,Worden,Mckenna,Taylor,Reginald
Taylor,Zandria,Worden,Alice,Taylor,Nigel
Taylor,Shamar,Worden,Mckenna,Taylor,Reginald
Taylor,Abbie,Worden,Alice,Taylor,Nigel
Taylor,Jeffery,Worden,Mckenna,Taylor,Reginald
Taylor,Ariana,Worden,Alice,Taylor,Nigel
Taylor,Langston,Worden,Mckenna,Taylor,Reginald
Taylor,Heaven,Worden,Alice,Taylor,Nigel
Taylor,Dustin,Worden,Mckenna,Taylor,Reginald
Taylor,Sarah,Worden,Alice,Taylor,Nigel
Taylor,Jevon,Worden,Mckenna,Taylor,Reginald
Taylor,Allie,Stafford,Tanisha,Taylor,Ben
Taylor,Sergio,Worden,Mckenna,Taylor,Reginald
Taylor,Marion,Stafford,Tanisha,Taylor,Ben
Taylor,Daequan,Worden,Mckenna,Taylor,Reginald
Taylor,Eliana,Stafford,Tanisha,Taylor,Ben
Taylor,Orion,Worden,Alice,Taylor,Nigel
Taylor,Roslyn,Stafford,Tanisha,Taylor,Ben
Taylor,Deon,Worden,Alice,Taylor,Nigel
Taylor,Xandria,Stafford,Adrian,Taylor,Garrick
Taylor,Heriberto,Worden,Alice,Taylor,Nigel
Taylor,Jaqueline,Stafford,Adrian,Taylor,Garrick
Taylor,Reuben,Worden,Alice,Taylor,Nigel
Taylor,Annalisa,Stafford,Adrian,Taylor,Garrick
Taylor,Braden,Worden,Alice,Taylor,Nigel
Taylor,Salina,Stafford,Adrian,Taylor,Garrick
Taylor,Tyreek,Stafford,Tanisha,Taylor,Ben
Taylor,Caitlin,Stafford,Adrian,Taylor,Garrick
Taylor,Thomas,Stafford,Tanisha,Taylor,Ben
Taylor,Kristian,Stafford,Adrian,Taylor,Garrick
Taylor,Lionel,Stafford,Tanisha,Taylor,Ben
Taylor,Mariangeli,Stafford,Sheridan,Taylor,Brett
Taylor,Jarod,Stafford,Tanisha,Taylor,Ben
Stafford,Yasmeen,Taylor,Desiree,Stafford,Chaz
Taylor,Frankie,Stafford,Tanisha,Taylor,Ben
Stafford,Elaina,Taylor,Desiree,Stafford,Chaz
Taylor,Eduardo,Stafford,Adrian,Taylor,Garrick
Stafford,Haiden,Taylor,Desiree,Stafford,Chaz
Taylor,Eli,Stafford,Adrian,Taylor,Garrick
Stafford,Miranda,Taylor,Desiree,Stafford,Chaz
Taylor,Grady,Stafford,Adrian,Taylor,Garrick
Stafford,Chana,Taylor,Desiree,Stafford,Chaz
Taylor,Tysheem,Stafford,Adrian,Taylor,Garrick
Stafford,Rita,Taylor,Desiree,Stafford,Chaz
Taylor,Diamond,Stafford,Adrian,Taylor,Garrick
Stafford,Ravin,Taylor,Desiree,Stafford,Chaz
Taylor,Sawyer,Stafford,Adrian,Taylor,Garrick
Stafford,Macy,Taylor,Yuki,Stafford,Keshaun
Taylor,Evan,Stafford,Adrian,Taylor,Garrick
Stafford,Allegra,Taylor,Yuki,Stafford,Keshaun
Taylor,Yobani,Stafford,Sheridan,Taylor,Brett
Stafford,Tyler,Taylor,Yuki,Stafford,Keshaun
Taylor,Felix,Stafford,Sheridan,Taylor,Brett
Stafford,Heather,Taylor,Yuki,Stafford,Keshaun
Stafford,Kory,Taylor,Desiree,Stafford,Chaz
Stafford,Iridiana,Taylor,Yuki,Stafford,Keshaun
Stafford,Arnold,Taylor,Desiree,Stafford,Chaz
Stafford,Itati,Taylor,Yuki,Stafford,Keshaun
Stafford,Deangelo,Taylor,Desiree,Stafford,Chaz
Stafford,Brenna,Taylor,Yuki,Stafford,Keshaun
Stafford,Isiah,Taylor,Desiree,Stafford,Chaz
Stafford,Kinsey,Taylor,Yuki,Stafford,Keshaun
Stafford,Valentin,Taylor,Desiree,Stafford,Chaz
Stafford,Hannah,Taylor,Yuki,Stafford,Keshaun
Stafford,Harrison,Taylor,Desiree,Stafford,Chaz
Stafford,Evelyn,Taylor,Yuki,Stafford,Keshaun
Stafford,Alonzo,Taylor,Desiree,Stafford,Chaz
Stafford,Essence,Nagel,Kelli,Stafford,Mohammed
Stafford,Royce,Taylor,Desiree,Stafford,Chaz
Stafford,Veronica,Nagel,Kelli,Stafford,Mohammed
Stafford,Sebastian,Taylor,Desiree,Stafford,Chaz
Stafford,Kaira,Nagel,Kelli,Stafford,Mohammed
Stafford,Cade,Taylor,Desiree,Stafford,Chaz
Stafford,Bryana,Nagel,Kelli,Stafford,Mohammed
Stafford,Yair,Taylor,Yuki,Stafford,Keshaun
Stafford,Dayana,Nagel,Kelli,Stafford,Mohammed
Stafford,Aleksandr,Taylor,Yuki,Stafford,Keshaun
Stafford,Janette,Nagel,Kelli,Stafford,Mohammed
Stafford,Soren,Taylor,Yuki,Stafford,Keshaun
Stafford,Fiona,Nagel,Kelli,Stafford,Mohammed
Stafford,Sammie,Taylor,Yuki,Stafford,Keshaun
Stafford,Kelcee,Nagel,Kelli,Stafford,Mohammed
Stafford,Nathanael,Taylor,Yuki,Stafford,Keshaun
Stafford,Tyra,Nagel,Kelli,Stafford,Mohammed
Stafford,Van,Taylor,Yuki,Stafford,Keshaun
Stafford,Devonna,Olivas,Deborah,Stafford,Tarik
Stafford,Shan,Nagel,Kelli,Stafford,Mohammed
Stafford,Annmarie,Olivas,Deborah,Stafford,Tarik
Stafford,Cullen,Nagel,Kelli,Stafford,Mohammed
Stafford,Carley,Olivas,Deborah,Stafford,Tarik
Stafford,Migel,Nagel,Kelli,Stafford,Mohammed
Stafford,Nell,Olivas,Deborah,Stafford,Tarik
Stafford,Maliki,Nagel,Kelli,Stafford,Mohammed
Stafford,Estefany,McBride,Anjelica,Stafford,Kayle
Stafford,Kirkland,Nagel,Kelli,Stafford,Mohammed
Stafford,Shelby,McBride,Anjelica,Stafford,Kayle
Stafford,Bruce,Nagel,Kelli,Stafford,Mohammed
Stafford,Danika,McBride,Anjelica,Stafford,Kayle
Stafford,Deleon,Nagel,Kelli,Stafford,Mohammed
Stafford,Kasey,McBride,Anjelica,Stafford,Kayle
Stafford,Marshall,Nagel,Kelli,Stafford,Mohammed
Stafford,Catherine,McBride,Anjelica,Stafford,Kayle
Stafford,Ernest,Nagel,Kelli,Stafford,Mohammed
Stafford,Mary,McBride,Anjelica,Stafford,Kayle
Stafford,Jonathan,Nagel,Kelli,Stafford,Mohammed
Stafford,Jensen,McBride,Anjelica,Stafford,Kayle
Stafford,Isaiah,Nagel,Kelli,Stafford,Mohammed
Engle,Annabel,McBride,Yahaira,Engle,Beau
Stafford,Bobby,Olivas,Queen,Stafford,Diondre
Engle,Dina,McBride,Yahaira,Engle,Beau
Stafford,Alvin,Olivas,Queen,Stafford,Diondre
Engle,Julianna,McBride,Alma,Engle,Dominic
Stafford,Reese,Olivas,Queen,Stafford,Diondre
Engle,Paulina,McBride,Alma,Engle,Dominic
Stafford,Nour,Olivas,Deborah,Stafford,Tarik
Engle,Kaelyn,McBride,Alma,Engle,Dominic
Stafford,Randall,McBride,Anjelica,Stafford,Kayle
Engle,Shanyce,McBride,Adrianna,Engle,Brendon
Stafford,Edgar,McBride,Anjelica,Stafford,Kayle
Engle,Bethany,McBride,Kaela,Engle,San
Stafford,Jaquan,McBride,Anjelica,Stafford,Kayle
Engle,Caitlin,McBride,Kaela,Engle,San
Stafford,Jermaine,McBride,Anjelica,Stafford,Kayle
Engle,Chasity,McBride,Kaela,Engle,San
Stafford,Keeton,McBride,Anjelica,Stafford,Kayle
Engle,Trevor,McBride,Kaela,Engle,San
Stafford,Ruben,McBride,Anjelica,Stafford,Kayle
Engle,Cortney,McBride,Kaela,Engle,San
Stafford,Garin,McBride,Anjelica,Stafford,Kayle
Engle,Dayana,McBride,Kaela,Engle,San
Stafford,Zane,McBride,Anjelica,Stafford,Kayle
Engle,Blair,McBride,Kaela,Engle,San
Engle,Babyboy,McBride,Yahaira,Engle,Beau
Nagel,Mykayla,Stafford,Jazmyn,Nagel,Javen
Engle,Reed,McBride,Yahaira,Engle,Beau
Nagel,Keara,Stafford,Jazmyn,Nagel,Javen
Engle,Rodolfo,McBride,Alma,Engle,Dominic
Nagel,Ashtin,Stafford,Jazmyn,Nagel,Javen
Engle,Javon,McBride,Alma,Engle,Dominic
Nagel,Destiney,Stafford,Jazmyn,Nagel,Javen
Engle,Cecil,McBride,Alma,Engle,Dominic
Nagel,Shayla,Stafford,Jazmyn,Nagel,Javen
Engle,Calvin,McBride,Alma,Engle,Dominic
Nagel,Kassidy,Stafford,Heaven,Nagel,Destin
Engle,Kieran,McBride,Alma,Engle,Dominic
Olivas,Coralys,Stafford,Sydni,Olivas,Tyree
Engle,Isidro,McBride,Alma,Engle,Dominic
Olivas,Patricia,Stafford,Sydni,Olivas,Tyree
Engle,Coy,McBride,Adrianna,Engle,Brendon
Olivas,Mara,Stafford,Sydni,Olivas,Tyree
Engle,Nadav,McBride,Adrianna,Engle,Brendon
Olivas,Cheyenne,Stafford,Sydni,Olivas,Tyree
Engle,Larry,McBride,Adrianna,Engle,Brendon
Olivas,Isamar,Stafford,Sydni,Olivas,Tyree
Engle,Clifford,McBride,Kaela,Engle,San
Olivas,Sandra,Stafford,Sydni,Olivas,Tyree
Engle,Callahan,McBride,Kaela,Engle,San
Olivas,Celena,Stafford,Sydni,Olivas,Tyree
Engle,Raequan,McBride,Kaela,Engle,San
Olivas,Presley,Stafford,Sydni,Olivas,Tyree
Engle,Skyler,McBride,Kaela,Engle,San
Olivas,Keirra,Stafford,Sydni,Olivas,Tyree
Engle,Dashane,McBride,Kaela,Engle,San
Olivas,Maegen,Stafford,Sydni,Olivas,Tyree
Engle,Bradly,McBride,Kaela,Engle,San
Olivas,Brenda,Stafford,Sydni,Olivas,Tyree
Engle,Desmond,McBride,Kaela,Engle,San
Olivas,Angela,Stafford,Serena,Olivas,Markus
Engle,Chandler,McBride,Kaela,Engle,San
Olivas,Keila,Stafford,Serena,Olivas,Markus
Nagel,Marcus,Stafford,Jazmyn,Nagel,Javen
Olivas,Shamaria,Stafford,Serena,Olivas,Markus
Nagel,Isaiah,Stafford,Jazmyn,Nagel,Javen
Olivas,Kaira,Stafford,Serena,Olivas,Markus
Nagel,Sterling,Stafford,Jazmyn,Nagel,Javen
Olivas,Leandra,Stafford,Serena,Olivas,Markus
Nagel,Bretton,Stafford,Jazmyn,Nagel,Javen
McBride,Shaye,Engle,Breanna,McBride,Jameson
Nagel,Garrett,Stafford,Jazmyn,Nagel,Javen
McBride,Juliet,Engle,Breanna,McBride,Jameson
Nagel,Shayne,Stafford,Heaven,Nagel,Destin
McBride,Lena,Engle,Breanna,McBride,Jameson
Nagel,Lane,Stafford,Heaven,Nagel,Destin
McBride,Nyasia,Engle,Tristin,McBride,Toby
Nagel,Edwin,Stafford,Heaven,Nagel,Destin
McBride,Chase,Engle,Tristin,McBride,Toby
Nagel,Ronnie,Stafford,Heaven,Nagel,Destin
McBride,Jamiya,Engle,Tristin,McBride,Toby
Olivas,Bjorn,Stafford,Sydni,Olivas,Tyree
McBride,Joelle,Engle,Tristin,McBride,Toby
Olivas,Pierce,Stafford,Sydni,Olivas,Tyree
McBride,Tasia,Engle,Tristin,McBride,Toby
Olivas,Conrad,Stafford,Sydni,Olivas,Tyree
McBride,Heidi,Engle,Tristin,McBride,Toby
Olivas,Nathanael,Stafford,Sydni,Olivas,Tyree
McBride,Brianna,Engle,Tristin,McBride,Toby
Olivas,Spenser,Stafford,Sydni,Olivas,Tyree
McBride,Brigitte,Engle,Tristin,McBride,Toby
Olivas,Gideon,Stafford,Sydni,Olivas,Tyree
McBride,Lexus,Engle,Tristin,McBride,Toby
Olivas,Collin,Stafford,Sydni,Olivas,Tyree
McBride,Mikhaila,Engle,Tristin,McBride,Toby
