Onizuka,Kelvin,Graveline,Queen,Onizuka,Demarco
Gemar,Ida,Thomas,Marivel,Gemar,Anders
Reisman,Sam,Jernigan,Ruth,Reisman,Juancarlos
Oswald,Dixie,Wilcutt,Casey,Oswald,Craig
Hobaugh,Parker,Buchanan,Savana,Hobaugh,Davis
Overmyer,Lorena,Overmyer,Jaqueline,Overmyer,Chaim
Linnehan,Dexter,Eisenhower,Alexandrea,Linnehan,Alden
Curbeam,Alexa,Hartsfield,Ana,Curbeam,Clinton
Garfield,Kai,Lindsey,Aubree,Garfield,Jair
Smith,Itzel,Beering,Kaya,Smith,Maximillia
Beering,Deondre,Thorne,Anamaria,Beering,Arian
Nixon,Sienna,Duffy,Michal,Nixon,Mike
Meade,August,McArthur,Danika,Meade,Rey
Adams,Dorothy,Loria,Toni,Adams,Bryan
Clark,Montel,Lucid,Danica,Clark,Oscar
Currie,Imelda,Readdy,Morgen,Currie,Aidan
Reightler,Jaleel,Garriott,Kealani,Reightler,Justyn
Hudson,Gloria,Brady,Alycia,Hudson,Ryland
Rominger,Casey,Covey,Nallely,Rominger,Erin
Taylor,Skye,Cameron,Kaytlin,Taylor,Deshawn
Leestma,Johnny,Polk,Stacie,Leestma,Sawyer
Polansky,Ayesha,Whitson,Margaret,Polansky,Donovan
Scott,Brenden,Davis,Linnea,Scott,Bernardo
Gernhardt,Ali,Rominger,Mayra,Gernhardt,Taylor
Grant,Winston,McCulley,Callan,Grant,Noe
McNair,Elexus,Burbank,Tiffany,McNair,Bradly
Low,Albert,Sturckow,Sharae,Low,Montana
Onizuka,Alexus,Gemar,Ida,Onizuka,Kelvin
Edwards,Irfan,Armstrong,Calandra,Edwards,Keon
Onizuka,Madalyn,Gemar,Ida,Onizuka,Kelvin
Slayton,Barrett,Jefferson,Marisol,Slayton,Demarco
Onizuka,Khaliah,Gemar,Ida,Onizuka,Kelvin
Godwin,Sahil,Melvin,Lexi,Godwin,Tyrell
Onizuka,Anne,Gemar,Ida,Onizuka,Kelvin
Onizuka,Leo,Gemar,Ida,Onizuka,Kelvin
Reisman,Mackenna,Oswald,Dixie,Reisman,Sam
Onizuka,Malik,Gemar,Ida,Onizuka,Kelvin
Reisman,Marlena,Oswald,Dixie,Reisman,Sam
Onizuka,Hunter,Gemar,Ida,Onizuka,Kelvin
Reisman,Ariana,Oswald,Dixie,Reisman,Sam
Reisman,Steven,Oswald,Dixie,Reisman,Sam
Reisman,Patricia,Oswald,Dixie,Reisman,Sam
Reisman,Oscar,Oswald,Dixie,Reisman,Sam
Reisman,Jaida,Oswald,Dixie,Reisman,Sam
Reisman,Angelo,Oswald,Dixie,Reisman,Sam
Reisman,Sheila,Oswald,Dixie,Reisman,Sam
Reisman,Lorenzo,Oswald,Dixie,Reisman,Sam
Reisman,Kelsee,Oswald,Dixie,Reisman,Sam
Reisman,Camron,Oswald,Dixie,Reisman,Sam
Reisman,Maddison,Oswald,Dixie,Reisman,Sam
Reisman,Ervin,Oswald,Dixie,Reisman,Sam
Reisman,Judy,Oswald,Dixie,Reisman,Sam
Reisman,Jayden,Oswald,Dixie,Reisman,Sam
Hobaugh,Aria,Overmyer,Lorena,Hobaugh,Parker
Hobaugh,Sawyer,Overmyer,Lorena,Hobaugh,Parker
Hobaugh,Nereida,Overmyer,Lorena,Hobaugh,Parker
Hobaugh,Tylar,Overmyer,Lorena,Hobaugh,Parker
Hobaugh,Brieanna,Overmyer,Lorena,Hobaugh,Parker
Hobaugh,Romeo,Overmyer,Lorena,Hobaugh,Parker
Hobaugh,Queen,Overmyer,Lorena,Hobaugh,Parker
Hobaugh,Clay,Overmyer,Lorena,Hobaugh,Parker
Linnehan,Bryana,Curbeam,Alexa,Linnehan,Dexter
Hobaugh,Mitchell,Overmyer,Lorena,Hobaugh,Parker
Linnehan,Emely,Curbeam,Alexa,Linnehan,Dexter
Hobaugh,Wade,Overmyer,Lorena,Hobaugh,Parker
Linnehan,Tabatha,Curbeam,Alexa,Linnehan,Dexter
Hobaugh,Kurt,Overmyer,Lorena,Hobaugh,Parker
Linnehan,Kaitlyn,Curbeam,Alexa,Linnehan,Dexter
Hobaugh,Quayshawn,Overmyer,Lorena,Hobaugh,Parker
Linnehan,Courtney,Curbeam,Alexa,Linnehan,Dexter
Hobaugh,Talon,Overmyer,Lorena,Hobaugh,Parker
Linnehan,Keishla,Curbeam,Alexa,Linnehan,Dexter
Hobaugh,Anthoni,Overmyer,Lorena,Hobaugh,Parker
Garfield,Sheridan,Smith,Itzel,Garfield,Kai
Linnehan,Alvin,Curbeam,Alexa,Linnehan,Dexter
Garfield,Genna,Smith,Itzel,Garfield,Kai
Linnehan,Destin,Curbeam,Alexa,Linnehan,Dexter
Garfield,Joan,Smith,Itzel,Garfield,Kai
Linnehan,Fabian,Curbeam,Alexa,Linnehan,Dexter
Garfield,Kelsee,Smith,Itzel,Garfield,Kai
Linnehan,Kelvin,Curbeam,Alexa,Linnehan,Dexter
Garfield,Fabiola,Smith,Itzel,Garfield,Kai
Linnehan,Yvan,Curbeam,Alexa,Linnehan,Dexter
Garfield,Kara,Smith,Itzel,Garfield,Kai
Garfield,Markell,Smith,Itzel,Garfield,Kai
Beering,Jocelyne,Nixon,Sienna,Beering,Deondre
Garfield,Seamus,Smith,Itzel,Garfield,Kai
Beering,Kierstin,Nixon,Sienna,Beering,Deondre
Garfield,Stephan,Smith,Itzel,Garfield,Kai
Beering,Caitlan,Nixon,Sienna,Beering,Deondre
Garfield,Bernardo,Smith,Itzel,Garfield,Kai
Beering,Norma,Nixon,Sienna,Beering,Deondre
Garfield,Sam,Smith,Itzel,Garfield,Kai
Beering,Dorian,Nixon,Sienna,Beering,Deondre
Garfield,Todd,Smith,Itzel,Garfield,Kai
Beering,Christie,Nixon,Sienna,Beering,Deondre
Garfield,Jonathon,Smith,Itzel,Garfield,Kai
Beering,Destiney,Nixon,Sienna,Beering,Deondre
Garfield,Oliver,Smith,Itzel,Garfield,Kai
Meade,Dajah,Adams,Dorothy,Meade,August
Beering,Stevan,Nixon,Sienna,Beering,Deondre
Meade,Susana,Adams,Dorothy,Meade,August
Beering,Tracy,Nixon,Sienna,Beering,Deondre
Meade,Rikki,Adams,Dorothy,Meade,August
Beering,Jaime,Nixon,Sienna,Beering,Deondre
Meade,Kaylea,Adams,Dorothy,Meade,August
Beering,Jaylon,Nixon,Sienna,Beering,Deondre
Meade,Drew,Adams,Dorothy,Meade,August
Beering,Seamus,Nixon,Sienna,Beering,Deondre
Meade,Moesha,Adams,Dorothy,Meade,August
Beering,Terry,Nixon,Sienna,Beering,Deondre
Clark,Juliette,Currie,Imelda,Clark,Montel
Meade,Sebastian,Adams,Dorothy,Meade,August
Clark,Daphne,Currie,Imelda,Clark,Montel
Meade,Marcell,Adams,Dorothy,Meade,August
Clark,Mykelle,Currie,Imelda,Clark,Montel
Meade,Brogan,Adams,Dorothy,Meade,August
Clark,Mattie,Currie,Imelda,Clark,Montel
Meade,Ezekiel,Adams,Dorothy,Meade,August
Reightler,Patrice,Hudson,Gloria,Reightler,Jaleel
Meade,Deonta,Adams,Dorothy,Meade,August
Reightler,Casey,Hudson,Gloria,Reightler,Jaleel
Reightler,Moshe,Hudson,Gloria,Reightler,Jaleel
Reightler,Breann,Hudson,Gloria,Reightler,Jaleel
Reightler,Neil,Hudson,Gloria,Reightler,Jaleel
Reightler,Darcy,Hudson,Gloria,Reightler,Jaleel
Reightler,Isiah,Hudson,Gloria,Reightler,Jaleel
Reightler,Ida,Hudson,Gloria,Reightler,Jaleel
Reightler,Francis,Hudson,Gloria,Reightler,Jaleel
Reightler,Joyce,Hudson,Gloria,Reightler,Jaleel
Reightler,Josiah,Hudson,Gloria,Reightler,Jaleel
Reightler,Janna,Hudson,Gloria,Reightler,Jaleel
Reightler,Lamont,Hudson,Gloria,Reightler,Jaleel
Reightler,Kaela,Hudson,Gloria,Reightler,Jaleel
Rominger,Vinh,Taylor,Skye,Rominger,Casey
Reightler,Carli,Hudson,Gloria,Reightler,Jaleel
Rominger,Pierce,Taylor,Skye,Rominger,Casey
Rominger,Nadine,Taylor,Skye,Rominger,Casey
Rominger,Pedro,Taylor,Skye,Rominger,Casey
Rominger,Joceline,Taylor,Skye,Rominger,Casey
Rominger,Nicolas,Taylor,Skye,Rominger,Casey
Rominger,Breeanna,Taylor,Skye,Rominger,Casey
Rominger,Marlon,Taylor,Skye,Rominger,Casey
Rominger,Tamia,Taylor,Skye,Rominger,Casey
Rominger,Zaire,Taylor,Skye,Rominger,Casey
Rominger,Abagail,Taylor,Skye,Rominger,Casey
Rominger,Kendrick,Taylor,Skye,Rominger,Casey
Rominger,Itzel,Taylor,Skye,Rominger,Casey
Rominger,Ross,Taylor,Skye,Rominger,Casey
Rominger,Cassandra,Taylor,Skye,Rominger,Casey
Scott,Markus,Gernhardt,Ali,Scott,Brenden
Rominger,Markia,Taylor,Skye,Rominger,Casey
Scott,Drake,Gernhardt,Ali,Scott,Brenden
Leestma,Andrea,Polansky,Ayesha,Leestma,Johnny
Grant,Brennon,McNair,Elexus,Grant,Winston
Leestma,Sariah,Polansky,Ayesha,Leestma,Johnny
Grant,Aidan,McNair,Elexus,Grant,Winston
Leestma,Rachel,Polansky,Ayesha,Leestma,Johnny
Grant,Jakob,McNair,Elexus,Grant,Winston
Scott,Olga,Gernhardt,Ali,Scott,Brenden
Grant,Nelson,McNair,Elexus,Grant,Winston
Grant,Jaycee,McNair,Elexus,Grant,Winston
Grant,Ben,McNair,Elexus,Grant,Winston
Grant,Patience,McNair,Elexus,Grant,Winston
Grant,Chaim,McNair,Elexus,Grant,Winston
Grant,Hilda,McNair,Elexus,Grant,Winston
Grant,Barry,McNair,Elexus,Grant,Winston
Grant,Gilda,McNair,Elexus,Grant,Winston
Grant,Javen,McNair,Elexus,Grant,Winston
Grant,Kenzie,McNair,Elexus,Grant,Winston
Low,Jajuan,Onizuka,Alexus,Low,Albert
Grant,Chanelle,McNair,Elexus,Grant,Winston
Low,Jayden,Onizuka,Alexus,Low,Albert
Grant,Katlyn,McNair,Elexus,Grant,Winston
Low,Deanthony,Onizuka,Alexus,Low,Albert
Grant,Roxana,McNair,Elexus,Grant,Winston
Low,Neil,Onizuka,Alexus,Low,Albert
Grant,Mallory,McNair,Elexus,Grant,Winston
Low,Easton,Onizuka,Alexus,Low,Albert
Low,Maritza,Onizuka,Alexus,Low,Albert
Low,Bryan,Onizuka,Alexus,Low,Albert
Low,Karishma,Onizuka,Alexus,Low,Albert
Low,Johnathan,Onizuka,Alexus,Low,Albert
Low,Cheyanne,Onizuka,Alexus,Low,Albert
Low,Jovon,Onizuka,Alexus,Low,Albert
Low,Arlene,Onizuka,Alexus,Low,Albert
Low,Ignacio,Onizuka,Alexus,Low,Albert
Low,Precious,Onizuka,Alexus,Low,Albert
Low,Jacky,Onizuka,Alexus,Low,Albert
Edwards,Keishla,Onizuka,Madalyn,Edwards,Irfan
Low,Reginald,Onizuka,Alexus,Low,Albert
Edwards,Daija,Onizuka,Madalyn,Edwards,Irfan
Low,Brooks,Onizuka,Alexus,Low,Albert
Edwards,Nicole,Onizuka,Madalyn,Edwards,Irfan
Low,Randall,Onizuka,Alexus,Low,Albert
Edwards,Bethany,Onizuka,Madalyn,Edwards,Irfan
Low,Freeman,Onizuka,Alexus,Low,Albert
Edwards,Brittani,Onizuka,Madalyn,Edwards,Irfan
Low,Sidney,Onizuka,Alexus,Low,Albert
Slayton,Sadie,Onizuka,Khaliah,Slayton,Barrett
Edwards,Jamal,Onizuka,Madalyn,Edwards,Irfan
Slayton,Casey,Onizuka,Khaliah,Slayton,Barrett
Edwards,Kayvon,Onizuka,Madalyn,Edwards,Irfan
Slayton,Janie,Onizuka,Khaliah,Slayton,Barrett
Edwards,Justice,Onizuka,Madalyn,Edwards,Irfan
Slayton,Cherie,Onizuka,Khaliah,Slayton,Barrett
Edwards,Jakob,Onizuka,Madalyn,Edwards,Irfan
Slayton,Kamri,Onizuka,Khaliah,Slayton,Barrett
Edwards,Kenny,Onizuka,Madalyn,Edwards,Irfan
Godwin,Barbara,Onizuka,Anne,Godwin,Sahil
Edwards,Dequan,Onizuka,Madalyn,Edwards,Irfan
Godwin,Tabatha,Onizuka,Anne,Godwin,Sahil
Slayton,Dustin,Onizuka,Khaliah,Slayton,Barrett
Godwin,Evangelina,Onizuka,Anne,Godwin,Sahil
Slayton,Idris,Onizuka,Khaliah,Slayton,Barrett
Godwin,Kathryn,Onizuka,Anne,Godwin,Sahil
Slayton,Devaughn,Onizuka,Khaliah,Slayton,Barrett
Godwin,Estela,Onizuka,Anne,Godwin,Sahil
Slayton,Darren,Onizuka,Khaliah,Slayton,Barrett
Godwin,Bria,Onizuka,Anne,Godwin,Sahil
Slayton,Humberto,Onizuka,Khaliah,Slayton,Barrett
Godwin,Keirra,Onizuka,Anne,Godwin,Sahil
Slayton,Ishmael,Onizuka,Khaliah,Slayton,Barrett
Godwin,Jasmine,Onizuka,Anne,Godwin,Sahil
Slayton,Devonta,Onizuka,Khaliah,Slayton,Barrett
Onizuka,Gianna,Reisman,Mackenna,Onizuka,Leo
Slayton,Markus,Onizuka,Khaliah,Slayton,Barrett
Onizuka,Corinne,Reisman,Mackenna,Onizuka,Leo
Slayton,Jon,Onizuka,Khaliah,Slayton,Barrett
Onizuka,Virginia,Reisman,Mackenna,Onizuka,Leo
Godwin,Reese,Onizuka,Anne,Godwin,Sahil
Onizuka,Melisa,Reisman,Mackenna,Onizuka,Leo
Godwin,Sergio,Onizuka,Anne,Godwin,Sahil
Onizuka,Elaina,Reisman,Mackenna,Onizuka,Leo
Godwin,Landon,Onizuka,Anne,Godwin,Sahil
Onizuka,Janette,Reisman,Mackenna,Onizuka,Leo
Godwin,Jovan,Onizuka,Anne,Godwin,Sahil
Onizuka,Rikki,Reisman,Mackenna,Onizuka,Leo
Godwin,Eduardo,Onizuka,Anne,Godwin,Sahil
Onizuka,Erin,Reisman,Mackenna,Onizuka,Leo
Godwin,Spencer,Onizuka,Anne,Godwin,Sahil
Onizuka,Tiera,Reisman,Mackenna,Onizuka,Leo
Godwin,Jessee,Onizuka,Anne,Godwin,Sahil
Onizuka,Chantal,Reisman,Marlena,Onizuka,Malik
Godwin,Ronald,Onizuka,Anne,Godwin,Sahil
Onizuka,Kira,Reisman,Marlena,Onizuka,Malik
Godwin,Conner,Onizuka,Anne,Godwin,Sahil
Onizuka,Ana,Reisman,Marlena,Onizuka,Malik
Godwin,Dominic,Onizuka,Anne,Godwin,Sahil
Onizuka,Xiomara,Reisman,Marlena,Onizuka,Malik
Onizuka,Brodie,Reisman,Mackenna,Onizuka,Leo
Onizuka,Kacey,Reisman,Marlena,Onizuka,Malik
Onizuka,Perry,Reisman,Mackenna,Onizuka,Leo
Onizuka,Kyla,Reisman,Marlena,Onizuka,Malik
Onizuka,Philip,Reisman,Mackenna,Onizuka,Leo
Onizuka,Annie,Reisman,Ariana,Onizuka,Hunter
Onizuka,Lamont,Reisman,Mackenna,Onizuka,Leo
Onizuka,Benita,Reisman,Ariana,Onizuka,Hunter
Onizuka,Killian,Reisman,Mackenna,Onizuka,Leo
Onizuka,Alana,Reisman,Ariana,Onizuka,Hunter
Onizuka,Tom,Reisman,Mackenna,Onizuka,Leo
Onizuka,Dayana,Reisman,Ariana,Onizuka,Hunter
Onizuka,Diondre,Reisman,Mackenna,Onizuka,Leo
Onizuka,Lyric,Reisman,Ariana,Onizuka,Hunter
Onizuka,Wilfredo,Reisman,Marlena,Onizuka,Malik
Onizuka,Alison,Reisman,Ariana,Onizuka,Hunter
Onizuka,Eddie,Reisman,Marlena,Onizuka,Malik
Reisman,Chelsie,Hobaugh,Aria,Reisman,Steven
Onizuka,Sammie,Reisman,Marlena,Onizuka,Malik
Reisman,Alani,Hobaugh,Aria,Reisman,Steven
Onizuka,Miguel,Reisman,Marlena,Onizuka,Malik
Reisman,Jaime,Hobaugh,Aria,Reisman,Steven
Onizuka,San,Reisman,Marlena,Onizuka,Malik
Reisman,Tamia,Hobaugh,Aria,Reisman,Steven
Onizuka,Clayton,Reisman,Marlena,Onizuka,Malik
Reisman,Haylie,Hobaugh,Aria,Reisman,Steven
Onizuka,Armani,Reisman,Marlena,Onizuka,Malik
Reisman,Morgen,Hobaugh,Aria,Reisman,Steven
Onizuka,Connor,Reisman,Marlena,Onizuka,Malik
Reisman,Mckayla,Hobaugh,Aria,Reisman,Steven
Onizuka,Aaron,Reisman,Ariana,Onizuka,Hunter
Reisman,Kennedy,Hobaugh,Aria,Reisman,Steven
Onizuka,Joel,Reisman,Ariana,Onizuka,Hunter
Reisman,Dajah,Hobaugh,Nereida,Reisman,Oscar
Onizuka,Lane,Reisman,Ariana,Onizuka,Hunter
Reisman,Precious,Hobaugh,Brieanna,Reisman,Angelo
Onizuka,Deonte,Reisman,Ariana,Onizuka,Hunter
Reisman,Terri,Hobaugh,Brieanna,Reisman,Angelo
Onizuka,Chase,Reisman,Ariana,Onizuka,Hunter
Reisman,Evelin,Hobaugh,Brieanna,Reisman,Angelo
Onizuka,Keifer,Reisman,Ariana,Onizuka,Hunter
Reisman,Carrie,Hobaugh,Queen,Reisman,Lorenzo
Onizuka,Zaire,Reisman,Ariana,Onizuka,Hunter
Reisman,Alexi,Hobaugh,Queen,Reisman,Lorenzo
Onizuka,Darrius,Reisman,Ariana,Onizuka,Hunter
Reisman,Brenna,Hobaugh,Queen,Reisman,Lorenzo
Onizuka,Trenton,Reisman,Ariana,Onizuka,Hunter
Reisman,Merissa,Hobaugh,Queen,Reisman,Lorenzo
Onizuka,Domenic,Reisman,Ariana,Onizuka,Hunter
Reisman,Celena,Linnehan,Bryana,Reisman,Camron
Onizuka,Garrison,Reisman,Ariana,Onizuka,Hunter
Reisman,Benita,Linnehan,Bryana,Reisman,Camron
Reisman,Miguel,Hobaugh,Aria,Reisman,Steven
Reisman,Ana,Linnehan,Bryana,Reisman,Camron
Reisman,Nico,Hobaugh,Aria,Reisman,Steven
Reisman,Onesha,Linnehan,Bryana,Reisman,Camron
Reisman,Javier,Hobaugh,Aria,Reisman,Steven
Reisman,Janeth,Linnehan,Bryana,Reisman,Camron
Reisman,Travon,Hobaugh,Aria,Reisman,Steven
Reisman,Emmily,Linnehan,Bryana,Reisman,Camron
Reisman,Devante,Hobaugh,Aria,Reisman,Steven
Reisman,Celeste,Linnehan,Emely,Reisman,Ervin
Reisman,Darrell,Hobaugh,Nereida,Reisman,Oscar
Reisman,Dena,Linnehan,Emely,Reisman,Ervin
Reisman,Maxwell,Hobaugh,Nereida,Reisman,Oscar
Reisman,Miracle,Linnehan,Emely,Reisman,Ervin
Reisman,Callum,Hobaugh,Nereida,Reisman,Oscar
Reisman,Cassie,Linnehan,Emely,Reisman,Ervin
Reisman,Johnathan,Hobaugh,Brieanna,Reisman,Angelo
Reisman,Roxanne,Linnehan,Emely,Reisman,Ervin
Reisman,Bjorn,Hobaugh,Brieanna,Reisman,Angelo
Reisman,Lizbeth,Linnehan,Emely,Reisman,Ervin
Reisman,Mitchell,Hobaugh,Brieanna,Reisman,Angelo
Reisman,Melinda,Linnehan,Emely,Reisman,Ervin
Reisman,Demarcus,Hobaugh,Queen,Reisman,Lorenzo
Reisman,Pamela,Linnehan,Tabatha,Reisman,Jayden
Reisman,Benjamen,Hobaugh,Queen,Reisman,Lorenzo
Reisman,Tory,Linnehan,Tabatha,Reisman,Jayden
Reisman,Marcell,Hobaugh,Queen,Reisman,Lorenzo
Reisman,Yasmin,Linnehan,Tabatha,Reisman,Jayden
Reisman,Damion,Hobaugh,Queen,Reisman,Lorenzo
Reisman,Shaylee,Linnehan,Tabatha,Reisman,Jayden
Reisman,Quentin,Hobaugh,Queen,Reisman,Lorenzo
Reisman,Tiffany,Linnehan,Tabatha,Reisman,Jayden
Reisman,Taylor,Hobaugh,Queen,Reisman,Lorenzo
Reisman,Stephanie,Linnehan,Tabatha,Reisman,Jayden
Reisman,Koby,Hobaugh,Queen,Reisman,Lorenzo
Reisman,Liliana,Linnehan,Tabatha,Reisman,Jayden
Reisman,Blake,Hobaugh,Queen,Reisman,Lorenzo
Reisman,Roslyn,Linnehan,Tabatha,Reisman,Jayden
Reisman,Darien,Hobaugh,Queen,Reisman,Lorenzo
Hobaugh,Shelbi,Reisman,Patricia,Hobaugh,Sawyer
Reisman,Alejandro,Hobaugh,Queen,Reisman,Lorenzo
Hobaugh,Jennie,Reisman,Patricia,Hobaugh,Sawyer
Reisman,Charles,Linnehan,Bryana,Reisman,Camron
Hobaugh,Kaydee,Reisman,Patricia,Hobaugh,Sawyer
Reisman,Deon,Linnehan,Bryana,Reisman,Camron
Hobaugh,Milena,Reisman,Patricia,Hobaugh,Sawyer
Reisman,Scott,Linnehan,Bryana,Reisman,Camron
Hobaugh,Kaela,Reisman,Patricia,Hobaugh,Sawyer
Reisman,Keaton,Linnehan,Bryana,Reisman,Camron
Hobaugh,Aja,Reisman,Patricia,Hobaugh,Sawyer
Reisman,Levi,Linnehan,Bryana,Reisman,Camron
Hobaugh,Reina,Reisman,Patricia,Hobaugh,Sawyer
Reisman,Rafael,Linnehan,Bryana,Reisman,Camron
Hobaugh,Keyshla,Reisman,Patricia,Hobaugh,Sawyer
Reisman,Marvin,Linnehan,Emely,Reisman,Ervin
Hobaugh,Madison,Reisman,Patricia,Hobaugh,Sawyer
Reisman,Deshaun,Linnehan,Emely,Reisman,Ervin
Hobaugh,Alesia,Reisman,Patricia,Hobaugh,Sawyer
Reisman,Keagan,Linnehan,Emely,Reisman,Ervin
Hobaugh,Abbigail,Reisman,Patricia,Hobaugh,Sawyer
Reisman,Trevin,Linnehan,Emely,Reisman,Ervin
Hobaugh,Chynna,Reisman,Jaida,Hobaugh,Tylar
Reisman,Olivier,Linnehan,Tabatha,Reisman,Jayden
Hobaugh,Karissa,Reisman,Sheila,Hobaugh,Romeo
Reisman,Zakery,Linnehan,Tabatha,Reisman,Jayden
Hobaugh,Zoee,Reisman,Sheila,Hobaugh,Romeo
Reisman,Marc,Linnehan,Tabatha,Reisman,Jayden
Hobaugh,Tamra,Reisman,Sheila,Hobaugh,Romeo
Reisman,Davis,Linnehan,Tabatha,Reisman,Jayden
Hobaugh,Jamee,Reisman,Sheila,Hobaugh,Romeo
Reisman,Marielle,Linnehan,Tabatha,Reisman,Jayden
Hobaugh,Candy,Reisman,Sheila,Hobaugh,Romeo
Reisman,Orion,Linnehan,Tabatha,Reisman,Jayden
Hobaugh,Maura,Reisman,Kelsee,Hobaugh,Clay
Reisman,Efrain,Linnehan,Tabatha,Reisman,Jayden
Hobaugh,Bertha,Reisman,Kelsee,Hobaugh,Clay
Hobaugh,Nickalus,Reisman,Patricia,Hobaugh,Sawyer
Hobaugh,Estefani,Reisman,Kelsee,Hobaugh,Clay
Hobaugh,Samual,Reisman,Patricia,Hobaugh,Sawyer
Hobaugh,Chastity,Reisman,Kelsee,Hobaugh,Clay
Hobaugh,Manuel,Reisman,Patricia,Hobaugh,Sawyer
Hobaugh,Lakendra,Reisman,Kelsee,Hobaugh,Clay
Hobaugh,Valentin,Reisman,Patricia,Hobaugh,Sawyer
Hobaugh,Jayla,Reisman,Kelsee,Hobaugh,Clay
Hobaugh,Junior,Reisman,Patricia,Hobaugh,Sawyer
Hobaugh,Regina,Reisman,Kelsee,Hobaugh,Clay
Hobaugh,Deondre,Reisman,Patricia,Hobaugh,Sawyer
Hobaugh,Ali,Reisman,Kelsee,Hobaugh,Clay
Hobaugh,Jonathon,Reisman,Patricia,Hobaugh,Sawyer
Hobaugh,Sabrina,Reisman,Kelsee,Hobaugh,Clay
Hobaugh,Yash,Reisman,Patricia,Hobaugh,Sawyer
Hobaugh,Kansas,Reisman,Judy,Hobaugh,Wade
Hobaugh,Griffin,Reisman,Patricia,Hobaugh,Sawyer
Hobaugh,Symphony,Reisman,Judy,Hobaugh,Wade
Hobaugh,Ronald,Reisman,Jaida,Hobaugh,Tylar
Hobaugh,Jean,Reisman,Judy,Hobaugh,Wade
Hobaugh,Darrin,Reisman,Jaida,Hobaugh,Tylar
Hobaugh,Kaytlyn,Reisman,Judy,Hobaugh,Wade
Hobaugh,Pedro,Reisman,Jaida,Hobaugh,Tylar
Hobaugh,Larissa,Reisman,Judy,Hobaugh,Wade
Hobaugh,Jerryd,Reisman,Sheila,Hobaugh,Romeo
Hobaugh,Cheyenne,Linnehan,Kaitlyn,Hobaugh,Kurt
Hobaugh,Shea,Reisman,Sheila,Hobaugh,Romeo
Hobaugh,Rachelle,Linnehan,Kaitlyn,Hobaugh,Kurt
Hobaugh,Riley,Reisman,Sheila,Hobaugh,Romeo
Hobaugh,Katelyn,Linnehan,Kaitlyn,Hobaugh,Kurt
Hobaugh,Isaias,Reisman,Sheila,Hobaugh,Romeo
Hobaugh,Benita,Linnehan,Kaitlyn,Hobaugh,Kurt
Hobaugh,Rashaun,Reisman,Sheila,Hobaugh,Romeo
Hobaugh,Madelyne,Linnehan,Courtney,Hobaugh,Quayshawn
Hobaugh,Jacoby,Reisman,Kelsee,Hobaugh,Clay
Hobaugh,Latasha,Linnehan,Courtney,Hobaugh,Quayshawn
Hobaugh,Bryce,Reisman,Kelsee,Hobaugh,Clay
Hobaugh,Breeanna,Linnehan,Keishla,Hobaugh,Talon
Hobaugh,Darrius,Reisman,Kelsee,Hobaugh,Clay
Hobaugh,Kelci,Linnehan,Keishla,Hobaugh,Talon
Hobaugh,Perry,Reisman,Kelsee,Hobaugh,Clay
Hobaugh,Emerald,Linnehan,Keishla,Hobaugh,Talon
Hobaugh,Sebastian,Reisman,Maddison,Hobaugh,Mitchell
Hobaugh,Josephine,Linnehan,Keishla,Hobaugh,Talon
Hobaugh,Jaylon,Reisman,Maddison,Hobaugh,Mitchell
Hobaugh,Jaimie,Linnehan,Keishla,Hobaugh,Talon
Hobaugh,Kerrick,Reisman,Maddison,Hobaugh,Mitchell
Hobaugh,Tayla,Linnehan,Keishla,Hobaugh,Talon
Hobaugh,Tallon,Reisman,Maddison,Hobaugh,Mitchell
Hobaugh,Katy,Linnehan,Keishla,Hobaugh,Talon
Hobaugh,Romello,Reisman,Judy,Hobaugh,Wade
Hobaugh,Berenice,Linnehan,Keishla,Hobaugh,Talon
Hobaugh,Ty,Reisman,Judy,Hobaugh,Wade
Hobaugh,Ciarra,Garfield,Sheridan,Hobaugh,Anthoni
Hobaugh,Keifer,Reisman,Judy,Hobaugh,Wade
Hobaugh,Aisha,Garfield,Sheridan,Hobaugh,Anthoni
Hobaugh,Josie,Reisman,Judy,Hobaugh,Wade
Hobaugh,Elida,Garfield,Sheridan,Hobaugh,Anthoni
Hobaugh,Daylon,Reisman,Judy,Hobaugh,Wade
Hobaugh,Janelle,Garfield,Sheridan,Hobaugh,Anthoni
Hobaugh,Efren,Reisman,Judy,Hobaugh,Wade
Hobaugh,Laquisha,Garfield,Sheridan,Hobaugh,Anthoni
Hobaugh,Shelby,Reisman,Judy,Hobaugh,Wade
Hobaugh,Sean,Garfield,Sheridan,Hobaugh,Anthoni
Hobaugh,Justyn,Reisman,Judy,Hobaugh,Wade
Linnehan,Miriam,Garfield,Genna,Linnehan,Alvin
Hobaugh,Vicente,Reisman,Judy,Hobaugh,Wade
Linnehan,Brooke,Garfield,Genna,Linnehan,Alvin
Hobaugh,Jimmy,Linnehan,Kaitlyn,Hobaugh,Kurt
Linnehan,Kelley,Garfield,Genna,Linnehan,Alvin
Hobaugh,Efrain,Linnehan,Kaitlyn,Hobaugh,Kurt
Linnehan,Chase,Garfield,Genna,Linnehan,Alvin
Hobaugh,Osvaldo,Linnehan,Kaitlyn,Hobaugh,Kurt
Linnehan,Maryssa,Garfield,Genna,Linnehan,Alvin
Hobaugh,Ryen,Linnehan,Kaitlyn,Hobaugh,Kurt
Linnehan,Anneliese,Garfield,Genna,Linnehan,Alvin
Hobaugh,Hudson,Linnehan,Courtney,Hobaugh,Quayshawn
Linnehan,Sarahmarie,Garfield,Genna,Linnehan,Alvin
Hobaugh,Damian,Linnehan,Courtney,Hobaugh,Quayshawn
Linnehan,Aireona,Garfield,Joan,Linnehan,Destin
Hobaugh,Shane,Linnehan,Keishla,Hobaugh,Talon
Linnehan,Chelsie,Garfield,Joan,Linnehan,Destin
Hobaugh,Forrest,Linnehan,Keishla,Hobaugh,Talon
Linnehan,Nina,Garfield,Joan,Linnehan,Destin
Hobaugh,Hunter,Linnehan,Keishla,Hobaugh,Talon
Linnehan,Mayra,Garfield,Joan,Linnehan,Destin
Hobaugh,Antavius,Linnehan,Keishla,Hobaugh,Talon
Linnehan,Cherokee,Garfield,Kelsee,Linnehan,Fabian
Hobaugh,Toby,Linnehan,Keishla,Hobaugh,Talon
Linnehan,Alexa,Garfield,Kelsee,Linnehan,Fabian
Hobaugh,Neftaly,Linnehan,Keishla,Hobaugh,Talon
Linnehan,Ashli,Garfield,Kelsee,Linnehan,Fabian
Hobaugh,Alvin,Linnehan,Keishla,Hobaugh,Talon
Linnehan,Joanne,Garfield,Fabiola,Linnehan,Kelvin
Hobaugh,Hiram,Garfield,Sheridan,Hobaugh,Anthoni
Linnehan,Lisette,Garfield,Fabiola,Linnehan,Kelvin
Hobaugh,Andreas,Garfield,Sheridan,Hobaugh,Anthoni
Linnehan,Jaymi,Garfield,Fabiola,Linnehan,Kelvin
Hobaugh,Moses,Garfield,Sheridan,Hobaugh,Anthoni
Linnehan,Katelin,Garfield,Kara,Linnehan,Yvan
Hobaugh,Tyran,Garfield,Sheridan,Hobaugh,Anthoni
Linnehan,Cameron,Garfield,Kara,Linnehan,Yvan
Hobaugh,Dustin,Garfield,Sheridan,Hobaugh,Anthoni
Linnehan,Fatima,Garfield,Kara,Linnehan,Yvan
Hobaugh,Stevan,Garfield,Sheridan,Hobaugh,Anthoni
Linnehan,Clair,Garfield,Kara,Linnehan,Yvan
Hobaugh,Dana,Garfield,Sheridan,Hobaugh,Anthoni
Linnehan,Chasity,Garfield,Kara,Linnehan,Yvan
Hobaugh,Sergio,Garfield,Sheridan,Hobaugh,Anthoni
Linnehan,Katherine,Garfield,Kara,Linnehan,Yvan
Linnehan,Latrell,Garfield,Genna,Linnehan,Alvin
Linnehan,Anna,Garfield,Kara,Linnehan,Yvan
Linnehan,Reese,Garfield,Genna,Linnehan,Alvin
Linnehan,Kelcee,Garfield,Kara,Linnehan,Yvan
Linnehan,Treshaun,Garfield,Genna,Linnehan,Alvin
Garfield,Colby,Beering,Jocelyne,Garfield,Markell
Linnehan,Zakery,Garfield,Genna,Linnehan,Alvin
Garfield,Mindi,Beering,Jocelyne,Garfield,Markell
Linnehan,Philip,Garfield,Genna,Linnehan,Alvin
Garfield,Kelly,Beering,Jocelyne,Garfield,Markell
Linnehan,Nathan,Garfield,Genna,Linnehan,Alvin
Garfield,Yuki,Beering,Jocelyne,Garfield,Markell
Linnehan,Eli,Garfield,Genna,Linnehan,Alvin
Garfield,Joleen,Beering,Jocelyne,Garfield,Markell
Linnehan,Steve,Garfield,Genna,Linnehan,Alvin
Garfield,Yessica,Beering,Jocelyne,Garfield,Markell
Linnehan,Dean,Garfield,Genna,Linnehan,Alvin
Garfield,Allegra,Beering,Jocelyne,Garfield,Markell
Linnehan,Brady,Garfield,Genna,Linnehan,Alvin
Garfield,Daija,Beering,Jocelyne,Garfield,Markell
Linnehan,Kylan,Garfield,Genna,Linnehan,Alvin
Garfield,Cassidy,Beering,Jocelyne,Garfield,Markell
Linnehan,Deontae,Garfield,Genna,Linnehan,Alvin
Garfield,Christian,Beering,Kierstin,Garfield,Seamus
Linnehan,Bo,Garfield,Genna,Linnehan,Alvin
Garfield,Keisha,Beering,Kierstin,Garfield,Seamus
Linnehan,Rasheed,Garfield,Joan,Linnehan,Destin
Garfield,Clare,Beering,Caitlan,Garfield,Stephan
Linnehan,Calvin,Garfield,Joan,Linnehan,Destin
Garfield,Alaina,Beering,Caitlan,Garfield,Stephan
Linnehan,Jayson,Garfield,Joan,Linnehan,Destin
Garfield,Kaytlin,Beering,Caitlan,Garfield,Stephan
Linnehan,Gunner,Garfield,Joan,Linnehan,Destin
Garfield,Tanisha,Beering,Caitlan,Garfield,Stephan
Linnehan,Tyran,Garfield,Fabiola,Linnehan,Kelvin
Garfield,Yvette,Beering,Norma,Garfield,Bernardo
Linnehan,Santana,Garfield,Fabiola,Linnehan,Kelvin
Garfield,Siarra,Beering,Norma,Garfield,Bernardo
Linnehan,Anfernee,Garfield,Fabiola,Linnehan,Kelvin
Garfield,Hallie,Beering,Norma,Garfield,Bernardo
Linnehan,Jairo,Garfield,Fabiola,Linnehan,Kelvin
Garfield,Ashlee,Beering,Norma,Garfield,Bernardo
Linnehan,Darien,Garfield,Kara,Linnehan,Yvan
Garfield,Kristine,Beering,Norma,Garfield,Bernardo
Linnehan,Marcus,Garfield,Kara,Linnehan,Yvan
Garfield,Shane,Beering,Norma,Garfield,Bernardo
Linnehan,Russell,Garfield,Kara,Linnehan,Yvan
Garfield,Ashleigh,Beering,Norma,Garfield,Bernardo
Linnehan,Demetrius,Garfield,Kara,Linnehan,Yvan
Garfield,Raven,Beering,Dorian,Garfield,Sam
Garfield,Jacob,Beering,Jocelyne,Garfield,Markell
Garfield,Michel,Beering,Dorian,Garfield,Sam
Garfield,Jaleel,Beering,Jocelyne,Garfield,Markell
Garfield,Measia,Beering,Dorian,Garfield,Sam
Garfield,River,Beering,Jocelyne,Garfield,Markell
Garfield,Roxana,Beering,Dorian,Garfield,Sam
Garfield,Lane,Beering,Jocelyne,Garfield,Markell
Garfield,Maisie,Beering,Dorian,Garfield,Sam
Garfield,Larry,Beering,Jocelyne,Garfield,Markell
Garfield,Emerald,Beering,Dorian,Garfield,Sam
Garfield,Javon,Beering,Jocelyne,Garfield,Markell
Garfield,Hanna,Beering,Dorian,Garfield,Sam
Garfield,Alexander,Beering,Kierstin,Garfield,Seamus
Garfield,Caitlin,Beering,Dorian,Garfield,Sam
Garfield,Aidan,Beering,Caitlan,Garfield,Stephan
Garfield,Mykayla,Beering,Dorian,Garfield,Sam
Garfield,Dallin,Beering,Caitlan,Garfield,Stephan
Garfield,Marisela,Beering,Christie,Garfield,Todd
Garfield,Tyree,Beering,Caitlan,Garfield,Stephan
Garfield,Tyeisha,Beering,Christie,Garfield,Todd
Garfield,Nicholaus,Beering,Caitlan,Garfield,Stephan
Garfield,Juanita,Beering,Christie,Garfield,Todd
Garfield,Jerry,Beering,Caitlan,Garfield,Stephan
Garfield,Iman,Beering,Christie,Garfield,Todd
Garfield,Yash,Beering,Norma,Garfield,Bernardo
Garfield,Tynia,Beering,Christie,Garfield,Todd
Garfield,Malik,Beering,Norma,Garfield,Bernardo
Garfield,Micah,Beering,Christie,Garfield,Todd
Garfield,Joseph,Beering,Norma,Garfield,Bernardo
Garfield,Kaitlynn,Beering,Christie,Garfield,Todd
Garfield,Dan,Beering,Norma,Garfield,Bernardo
Garfield,Lexus,Beering,Christie,Garfield,Todd
Garfield,Landen,Beering,Norma,Garfield,Bernardo
Garfield,Skye,Beering,Destiney,Garfield,Jonathon
Garfield,Ahmed,Beering,Norma,Garfield,Bernardo
Garfield,Sarina,Beering,Destiney,Garfield,Jonathon
Garfield,Talon,Beering,Norma,Garfield,Bernardo
Garfield,Carla,Beering,Destiney,Garfield,Jonathon
Garfield,Erik,Beering,Norma,Garfield,Bernardo
Garfield,Lynn,Beering,Destiney,Garfield,Jonathon
Garfield,Rowan,Beering,Norma,Garfield,Bernardo
Garfield,Katia,Beering,Destiney,Garfield,Jonathon
Garfield,Ever,Beering,Dorian,Garfield,Sam
Garfield,Kailee,Meade,Dajah,Garfield,Oliver
Garfield,Bailey,Beering,Dorian,Garfield,Sam
Garfield,Moesha,Meade,Dajah,Garfield,Oliver
Garfield,Oren,Beering,Dorian,Garfield,Sam
Garfield,Ashtyn,Meade,Dajah,Garfield,Oliver
Garfield,Alfred,Beering,Dorian,Garfield,Sam
Garfield,Courtney,Meade,Dajah,Garfield,Oliver
Garfield,Dwayne,Beering,Christie,Garfield,Todd
Garfield,Nichole,Meade,Dajah,Garfield,Oliver
Garfield,Maximilian,Beering,Christie,Garfield,Todd
Garfield,Tess,Meade,Dajah,Garfield,Oliver
Garfield,Santana,Beering,Christie,Garfield,Todd
Garfield,Keri,Meade,Dajah,Garfield,Oliver
Garfield,Philip,Beering,Christie,Garfield,Todd
Garfield,Haven,Meade,Dajah,Garfield,Oliver
Garfield,Jason,Beering,Christie,Garfield,Todd
Beering,Andrea,Meade,Susana,Beering,Stevan
Garfield,Michael,Beering,Christie,Garfield,Todd
Beering,Anitra,Meade,Susana,Beering,Stevan
Garfield,Jay,Beering,Destiney,Garfield,Jonathon
Beering,Marlene,Meade,Susana,Beering,Stevan
Garfield,Chase,Beering,Destiney,Garfield,Jonathon
Beering,Dallas,Meade,Susana,Beering,Stevan
Garfield,Dale,Beering,Destiney,Garfield,Jonathon
Beering,Shekinah,Meade,Rikki,Beering,Tracy
Garfield,Jamar,Beering,Destiney,Garfield,Jonathon
Beering,Sierra,Meade,Rikki,Beering,Tracy
Garfield,Martin,Beering,Destiney,Garfield,Jonathon
Beering,Elaina,Meade,Rikki,Beering,Tracy
Garfield,Reese,Beering,Destiney,Garfield,Jonathon
Beering,Keri,Meade,Rikki,Beering,Tracy
Garfield,Trevor,Beering,Destiney,Garfield,Jonathon
Beering,Ashtin,Meade,Rikki,Beering,Tracy
Garfield,Aleksandr,Beering,Destiney,Garfield,Jonathon
Beering,Caitriona,Meade,Rikki,Beering,Tracy
Garfield,Marquis,Beering,Destiney,Garfield,Jonathon
Beering,Essence,Meade,Rikki,Beering,Tracy
Garfield,Cyrus,Beering,Destiney,Garfield,Jonathon
Beering,Melinda,Meade,Rikki,Beering,Tracy
Garfield,Menachem,Beering,Destiney,Garfield,Jonathon
Beering,Nyasia,Meade,Kaylea,Beering,Jaime
Garfield,Ruben,Meade,Dajah,Garfield,Oliver
Beering,Allyssa,Meade,Kaylea,Beering,Jaime
Garfield,Desmond,Meade,Dajah,Garfield,Oliver
Beering,Christina,Meade,Kaylea,Beering,Jaime
Garfield,Ethan,Meade,Dajah,Garfield,Oliver
Beering,Kylie,Meade,Kaylea,Beering,Jaime
Garfield,Trent,Meade,Dajah,Garfield,Oliver
Beering,Valencia,Meade,Kaylea,Beering,Jaime
Beering,Hiram,Meade,Susana,Beering,Stevan
Beering,Brenda,Meade,Drew,Beering,Jaylon
Beering,Dyllon,Meade,Susana,Beering,Stevan
Beering,Chrystal,Meade,Drew,Beering,Jaylon
Beering,Levi,Meade,Susana,Beering,Stevan
Beering,Zoi,Meade,Drew,Beering,Jaylon
Beering,Javonte,Meade,Rikki,Beering,Tracy
Beering,Estefania,Meade,Drew,Beering,Jaylon
Beering,Zane,Meade,Rikki,Beering,Tracy
Beering,Danae,Meade,Moesha,Beering,Seamus
Beering,Kelton,Meade,Rikki,Beering,Tracy
Beering,Mona,Meade,Moesha,Beering,Seamus
Beering,Bennett,Meade,Rikki,Beering,Tracy
Beering,Chantal,Meade,Moesha,Beering,Seamus
Beering,Lane,Meade,Kaylea,Beering,Jaime
Beering,Kayland,Meade,Moesha,Beering,Seamus
Beering,Rasheed,Meade,Kaylea,Beering,Jaime
Beering,Kristian,Meade,Moesha,Beering,Seamus
Beering,Cristobal,Meade,Kaylea,Beering,Jaime
Beering,Cassandra,Meade,Moesha,Beering,Seamus
Beering,Shlomo,Meade,Drew,Beering,Jaylon
Beering,Alesha,Meade,Moesha,Beering,Seamus
Beering,Antoine,Meade,Drew,Beering,Jaylon
Beering,Makaila,Meade,Moesha,Beering,Seamus
Beering,Jai,Meade,Drew,Beering,Jaylon
Beering,Helen,Meade,Moesha,Beering,Seamus
Beering,Geoffrey,Meade,Drew,Beering,Jaylon
Beering,Elena,Clark,Juliette,Beering,Terry
Beering,Ezequiel,Meade,Drew,Beering,Jaylon
Beering,Austin,Clark,Juliette,Beering,Terry
Beering,Maximilian,Meade,Drew,Beering,Jaylon
Meade,Carlye,Clark,Daphne,Meade,Sebastian
Beering,Emiliano,Meade,Drew,Beering,Jaylon
Meade,Lisette,Clark,Daphne,Meade,Sebastian
Beering,Esau,Meade,Drew,Beering,Jaylon
Meade,Linsey,Clark,Daphne,Meade,Sebastian
Beering,Joel,Meade,Drew,Beering,Jaylon
Meade,Sonya,Clark,Daphne,Meade,Sebastian
Beering,Fred,Meade,Drew,Beering,Jaylon
Meade,Evelin,Clark,Daphne,Meade,Sebastian
Beering,Wyatt,Meade,Drew,Beering,Jaylon
Meade,Itati,Clark,Daphne,Meade,Sebastian
Beering,Jean,Meade,Moesha,Beering,Seamus
Meade,Talia,Clark,Daphne,Meade,Sebastian
Beering,Javion,Meade,Moesha,Beering,Seamus
Meade,Juliette,Clark,Daphne,Meade,Sebastian
Beering,Benny,Meade,Moesha,Beering,Seamus
Meade,Analisa,Clark,Daphne,Meade,Sebastian
Beering,Jonathon,Meade,Moesha,Beering,Seamus
Meade,Noemi,Clark,Daphne,Meade,Sebastian
Beering,Corbin,Meade,Moesha,Beering,Seamus
Meade,Deyaneira,Clark,Mykelle,Meade,Marcell
Beering,Deontae,Meade,Moesha,Beering,Seamus
Meade,Valentina,Clark,Mykelle,Meade,Marcell
Beering,Kenny,Meade,Moesha,Beering,Seamus
Meade,Chase,Clark,Mykelle,Meade,Marcell
Beering,Gary,Meade,Moesha,Beering,Seamus
Meade,Shania,Clark,Mykelle,Meade,Marcell
Beering,Chris,Meade,Moesha,Beering,Seamus
Meade,Kaila,Clark,Mykelle,Meade,Marcell
Beering,Jacky,Clark,Juliette,Beering,Terry
Meade,Marysol,Clark,Mattie,Meade,Brogan
Meade,Shelby,Clark,Daphne,Meade,Sebastian
Meade,Ashli,Reightler,Patrice,Meade,Ezekiel
Meade,Alden,Clark,Daphne,Meade,Sebastian
Meade,Shaye,Reightler,Patrice,Meade,Ezekiel
Meade,Bailey,Clark,Daphne,Meade,Sebastian
Meade,Austin,Reightler,Patrice,Meade,Ezekiel
Meade,Frank,Clark,Daphne,Meade,Sebastian
Meade,Abigail,Reightler,Patrice,Meade,Ezekiel
Meade,Edwin,Clark,Daphne,Meade,Sebastian
Meade,Baily,Reightler,Casey,Meade,Deonta
Meade,Erin,Clark,Daphne,Meade,Sebastian
Meade,Alyson,Reightler,Casey,Meade,Deonta
Meade,Royce,Clark,Daphne,Meade,Sebastian
Meade,Noel,Reightler,Casey,Meade,Deonta
Meade,Emilio,Clark,Mykelle,Meade,Marcell
Reightler,Danika,Rominger,Nadine,Reightler,Moshe
Meade,Marcos,Clark,Mykelle,Meade,Marcell
Reightler,Carina,Rominger,Nadine,Reightler,Moshe
Meade,Rodrigo,Clark,Mykelle,Meade,Marcell
Reightler,Jabria,Rominger,Nadine,Reightler,Moshe
Meade,Logan,Clark,Mykelle,Meade,Marcell
Reightler,Presley,Rominger,Nadine,Reightler,Moshe
Meade,Marcello,Clark,Mykelle,Meade,Marcell
Reightler,Tawny,Rominger,Nadine,Reightler,Moshe
Meade,Aron,Clark,Mykelle,Meade,Marcell
Reightler,Jacquelin,Rominger,Nadine,Reightler,Moshe
Meade,Oliver,Clark,Mykelle,Meade,Marcell
Reightler,Shakia,Rominger,Nadine,Reightler,Moshe
Meade,Lashawn,Clark,Mykelle,Meade,Marcell
Reightler,Shawna,Rominger,Nadine,Reightler,Moshe
Meade,Miles,Clark,Mattie,Meade,Brogan
Reightler,Brigid,Rominger,Nadine,Reightler,Moshe
Meade,Fredrick,Clark,Mattie,Meade,Brogan
Reightler,Keila,Rominger,Nadine,Reightler,Moshe
Meade,Brennon,Clark,Mattie,Meade,Brogan
Reightler,Carolyn,Rominger,Joceline,Reightler,Neil
Meade,Maurice,Clark,Mattie,Meade,Brogan
Reightler,Wendy,Rominger,Joceline,Reightler,Neil
Meade,Danny,Clark,Mattie,Meade,Brogan
Reightler,Lora,Rominger,Joceline,Reightler,Neil
Meade,Adan,Clark,Mattie,Meade,Brogan
Reightler,Stevie,Rominger,Joceline,Reightler,Neil
Meade,Eduardo,Reightler,Patrice,Meade,Ezekiel
Reightler,Ariel,Rominger,Joceline,Reightler,Neil
Meade,Westley,Reightler,Patrice,Meade,Ezekiel
Reightler,Claire,Rominger,Joceline,Reightler,Neil
Meade,Quincy,Reightler,Patrice,Meade,Ezekiel
Reightler,Shuntara,Rominger,Joceline,Reightler,Neil
Meade,Ever,Reightler,Patrice,Meade,Ezekiel
Reightler,Jana,Rominger,Joceline,Reightler,Neil
Meade,Rashad,Reightler,Casey,Meade,Deonta
Reightler,Kallee,Rominger,Joceline,Reightler,Neil
Meade,Maximilian,Reightler,Casey,Meade,Deonta
Reightler,Malika,Rominger,Breeanna,Reightler,Isiah
Meade,Maleek,Reightler,Casey,Meade,Deonta
Reightler,Mikhaila,Rominger,Breeanna,Reightler,Isiah
Meade,Ronny,Reightler,Casey,Meade,Deonta
Reightler,Allegra,Rominger,Breeanna,Reightler,Isiah
Meade,Irvin,Reightler,Casey,Meade,Deonta
Reightler,Christine,Rominger,Breeanna,Reightler,Isiah
Meade,Dane,Reightler,Casey,Meade,Deonta
Reightler,Josephine,Rominger,Breeanna,Reightler,Isiah
Meade,Van,Reightler,Casey,Meade,Deonta
Reightler,Silvia,Rominger,Breeanna,Reightler,Isiah
Reightler,Leland,Rominger,Nadine,Reightler,Moshe
Reightler,Aria,Rominger,Breeanna,Reightler,Isiah
Reightler,Grayson,Rominger,Nadine,Reightler,Moshe
Reightler,Desaree,Rominger,Tamia,Reightler,Francis
Reightler,Angelo,Rominger,Nadine,Reightler,Moshe
Reightler,Shyanne,Rominger,Tamia,Reightler,Francis
Reightler,Kapil,Rominger,Nadine,Reightler,Moshe
Reightler,Helen,Rominger,Tamia,Reightler,Francis
Reightler,Geoffrey,Rominger,Nadine,Reightler,Moshe
Reightler,Rachael,Rominger,Tamia,Reightler,Francis
Reightler,Dimitri,Rominger,Nadine,Reightler,Moshe
Reightler,Carlie,Rominger,Tamia,Reightler,Francis
Reightler,Ross,Rominger,Nadine,Reightler,Moshe
Reightler,Casie,Rominger,Tamia,Reightler,Francis
Reightler,Marcos,Rominger,Nadine,Reightler,Moshe
Reightler,Desiree,Rominger,Tamia,Reightler,Francis
Reightler,Joseph,Rominger,Joceline,Reightler,Neil
Reightler,Dylan,Rominger,Abagail,Reightler,Josiah
Reightler,Evan,Rominger,Joceline,Reightler,Neil
Reightler,Yessenia,Rominger,Abagail,Reightler,Josiah
Reightler,Ayub,Rominger,Joceline,Reightler,Neil
Reightler,Keri,Rominger,Abagail,Reightler,Josiah
Reightler,Kalon,Rominger,Joceline,Reightler,Neil
Reightler,Onesha,Rominger,Itzel,Reightler,Lamont
Reightler,Buford,Rominger,Joceline,Reightler,Neil
Reightler,Esperanza,Rominger,Itzel,Reightler,Lamont
Reightler,Charles,Rominger,Joceline,Reightler,Neil
Reightler,Xochitl,Rominger,Itzel,Reightler,Lamont
Reightler,Britton,Rominger,Joceline,Reightler,Neil
Reightler,Danae,Rominger,Itzel,Reightler,Lamont
Reightler,Jules,Rominger,Joceline,Reightler,Neil
Reightler,Robin,Rominger,Itzel,Reightler,Lamont
Reightler,Israel,Rominger,Joceline,Reightler,Neil
Reightler,Megan,Rominger,Itzel,Reightler,Lamont
Reightler,Tyren,Rominger,Breeanna,Reightler,Isiah
Reightler,Paige,Rominger,Itzel,Reightler,Lamont
Reightler,Samson,Rominger,Breeanna,Reightler,Isiah
Reightler,Kaitlyn,Rominger,Itzel,Reightler,Lamont
Reightler,Darrell,Rominger,Breeanna,Reightler,Isiah
Reightler,Bonnie,Rominger,Itzel,Reightler,Lamont
Reightler,Clay,Rominger,Breeanna,Reightler,Isiah
Reightler,Salina,Rominger,Itzel,Reightler,Lamont
Reightler,Johnny,Rominger,Breeanna,Reightler,Isiah
Rominger,Miah,Reightler,Breann,Rominger,Vinh
Reightler,Gustavo,Rominger,Breeanna,Reightler,Isiah
Rominger,Janeth,Reightler,Breann,Rominger,Vinh
Reightler,Keaton,Rominger,Breeanna,Reightler,Isiah
Rominger,Lesly,Reightler,Breann,Rominger,Vinh
Reightler,Lee,Rominger,Breeanna,Reightler,Isiah
Rominger,Jessa,Reightler,Breann,Rominger,Vinh
Reightler,Garret,Rominger,Breeanna,Reightler,Isiah
Rominger,Alyssa,Reightler,Breann,Rominger,Vinh
Reightler,Dantae,Rominger,Breeanna,Reightler,Isiah
Rominger,Samantha,Reightler,Breann,Rominger,Vinh
Reightler,Devonta,Rominger,Breeanna,Reightler,Isiah
Rominger,Brittany,Reightler,Breann,Rominger,Vinh
Reightler,Aspen,Rominger,Tamia,Reightler,Francis
Rominger,Sheyla,Reightler,Breann,Rominger,Vinh
Reightler,Clinton,Rominger,Tamia,Reightler,Francis
Rominger,Madeline,Reightler,Breann,Rominger,Vinh
Reightler,Sebastien,Rominger,Tamia,Reightler,Francis
Rominger,Alana,Reightler,Darcy,Rominger,Pierce
Reightler,Asher,Rominger,Tamia,Reightler,Francis
Rominger,Brielle,Reightler,Darcy,Rominger,Pierce
Reightler,Damon,Rominger,Tamia,Reightler,Francis
Rominger,Breona,Reightler,Ida,Rominger,Pedro
Reightler,Shemar,Rominger,Tamia,Reightler,Francis
Rominger,Alexandra,Reightler,Ida,Rominger,Pedro
Reightler,Nolan,Rominger,Tamia,Reightler,Francis
Rominger,Shaylee,Reightler,Ida,Rominger,Pedro
Reightler,Oneil,Rominger,Abagail,Reightler,Josiah
Rominger,Marcia,Reightler,Ida,Rominger,Pedro
Reightler,Kendall,Rominger,Abagail,Reightler,Josiah
Rominger,Shekinah,Reightler,Ida,Rominger,Pedro
Reightler,Garin,Rominger,Abagail,Reightler,Josiah
Rominger,Haiden,Reightler,Ida,Rominger,Pedro
Reightler,Mateo,Rominger,Abagail,Reightler,Josiah
Rominger,Mindi,Reightler,Ida,Rominger,Pedro
Reightler,Montana,Rominger,Itzel,Reightler,Lamont
Rominger,Rylee,Reightler,Joyce,Rominger,Nicolas
Reightler,Mckay,Rominger,Itzel,Reightler,Lamont
Rominger,Madalyn,Reightler,Joyce,Rominger,Nicolas
Reightler,Alec,Rominger,Itzel,Reightler,Lamont
Rominger,Maddison,Reightler,Joyce,Rominger,Nicolas
Reightler,Ignacio,Rominger,Itzel,Reightler,Lamont
Rominger,Sheri,Reightler,Joyce,Rominger,Nicolas
Reightler,Michel,Rominger,Itzel,Reightler,Lamont
Rominger,Yasmeen,Reightler,Joyce,Rominger,Nicolas
Reightler,Jerome,Rominger,Itzel,Reightler,Lamont
Rominger,Jocelyne,Reightler,Joyce,Rominger,Nicolas
Reightler,Oscar,Rominger,Itzel,Reightler,Lamont
Rominger,Taryn,Reightler,Joyce,Rominger,Nicolas
Reightler,Marquise,Rominger,Itzel,Reightler,Lamont
Rominger,Chantal,Reightler,Joyce,Rominger,Nicolas
Reightler,Mariano,Rominger,Itzel,Reightler,Lamont
Rominger,Xochitl,Reightler,Janna,Rominger,Marlon
Rominger,Christian,Reightler,Breann,Rominger,Vinh
Rominger,Shayla,Reightler,Janna,Rominger,Marlon
Rominger,Silas,Reightler,Breann,Rominger,Vinh
Rominger,Bria,Reightler,Janna,Rominger,Marlon
Rominger,Keegan,Reightler,Breann,Rominger,Vinh
Rominger,Sherridan,Reightler,Janna,Rominger,Marlon
Rominger,Norman,Reightler,Breann,Rominger,Vinh
Rominger,Alena,Reightler,Janna,Rominger,Marlon
Rominger,Chris,Reightler,Breann,Rominger,Vinh
Rominger,Jazmon,Reightler,Janna,Rominger,Marlon
Rominger,Stephan,Reightler,Breann,Rominger,Vinh
Rominger,Vianey,Reightler,Kaela,Rominger,Zaire
Rominger,Sidney,Reightler,Breann,Rominger,Vinh
Rominger,Carmelita,Reightler,Kaela,Rominger,Zaire
Rominger,Joe,Reightler,Breann,Rominger,Vinh
Rominger,Christina,Reightler,Kaela,Rominger,Zaire
Rominger,Hashim,Reightler,Darcy,Rominger,Pierce
Rominger,Marisela,Reightler,Kaela,Rominger,Zaire
Rominger,Tyran,Reightler,Darcy,Rominger,Pierce
Rominger,Kianna,Reightler,Kaela,Rominger,Zaire
Rominger,Duncan,Reightler,Darcy,Rominger,Pierce
Rominger,Candice,Reightler,Kaela,Rominger,Zaire
Rominger,Darren,Reightler,Darcy,Rominger,Pierce
Rominger,Esperanza,Reightler,Kaela,Rominger,Zaire
Rominger,Abel,Reightler,Ida,Rominger,Pedro
Rominger,Rayven,Reightler,Kaela,Rominger,Zaire
Rominger,Jade,Reightler,Ida,Rominger,Pedro
Rominger,Reyanna,Reightler,Kaela,Rominger,Zaire
Rominger,Zane,Reightler,Ida,Rominger,Pedro
Rominger,Passion,Reightler,Kaela,Rominger,Zaire
Rominger,Frederick,Reightler,Ida,Rominger,Pedro
Rominger,Monique,Reightler,Carli,Rominger,Kendrick
Rominger,Desmond,Reightler,Joyce,Rominger,Nicolas
Rominger,Chantel,Reightler,Carli,Rominger,Kendrick
Rominger,Ameer,Reightler,Joyce,Rominger,Nicolas
Rominger,Keri,Reightler,Carli,Rominger,Kendrick
Rominger,Benny,Reightler,Joyce,Rominger,Nicolas
Rominger,Promise,Reightler,Carli,Rominger,Kendrick
Rominger,Terrence,Reightler,Joyce,Rominger,Nicolas
Rominger,Jana,Leestma,Andrea,Rominger,Ross
Rominger,Gage,Reightler,Joyce,Rominger,Nicolas
Rominger,Gerardo,Leestma,Andrea,Rominger,Ross
Rominger,Destin,Reightler,Joyce,Rominger,Nicolas
Rominger,Anneliese,Leestma,Andrea,Rominger,Ross
Rominger,Raymond,Reightler,Joyce,Rominger,Nicolas
Rominger,Zoe,Leestma,Andrea,Rominger,Ross
Rominger,Jason,Reightler,Janna,Rominger,Marlon
Rominger,Nia,Leestma,Andrea,Rominger,Ross
Rominger,Ariel,Reightler,Janna,Rominger,Marlon
Rominger,Sally,Leestma,Andrea,Rominger,Ross
Rominger,Nathan,Reightler,Janna,Rominger,Marlon
Rominger,Jensen,Leestma,Andrea,Rominger,Ross
Rominger,Idris,Reightler,Janna,Rominger,Marlon
Rominger,Aaliyah,Leestma,Andrea,Rominger,Ross
Rominger,Sergio,Reightler,Janna,Rominger,Marlon
Rominger,Stevie,Leestma,Andrea,Rominger,Ross
Rominger,Angel,Reightler,Janna,Rominger,Marlon
Rominger,Marjorie,Leestma,Andrea,Rominger,Ross
Rominger,Brennon,Reightler,Kaela,Rominger,Zaire
Rominger,Keyondra,Leestma,Andrea,Rominger,Ross
Rominger,Raul,Reightler,Kaela,Rominger,Zaire
Scott,Idaly,Rominger,Cassandra,Scott,Markus
Rominger,Seamus,Reightler,Kaela,Rominger,Zaire
Scott,Geraldine,Rominger,Cassandra,Scott,Markus
Rominger,Ibrahim,Reightler,Kaela,Rominger,Zaire
Scott,Carla,Rominger,Cassandra,Scott,Markus
Rominger,Glenn,Reightler,Carli,Rominger,Kendrick
Scott,Simone,Rominger,Cassandra,Scott,Markus
Rominger,Ricky,Reightler,Carli,Rominger,Kendrick
Scott,Jill,Rominger,Cassandra,Scott,Markus
Rominger,Tarik,Reightler,Carli,Rominger,Kendrick
Scott,Marlene,Rominger,Cassandra,Scott,Markus
Rominger,Gary,Reightler,Carli,Rominger,Kendrick
Scott,Deondra,Rominger,Cassandra,Scott,Markus
Rominger,John,Leestma,Andrea,Rominger,Ross
Scott,Cecilia,Rominger,Cassandra,Scott,Markus
Rominger,Jaylon,Leestma,Andrea,Rominger,Ross
Scott,Jaylynn,Rominger,Markia,Scott,Drake
Rominger,Billy,Leestma,Andrea,Rominger,Ross
Scott,Tamra,Rominger,Markia,Scott,Drake
Rominger,Jajuan,Leestma,Andrea,Rominger,Ross
Scott,Luz,Rominger,Markia,Scott,Drake
Rominger,Brendon,Leestma,Andrea,Rominger,Ross
Scott,Trisha,Rominger,Markia,Scott,Drake
Rominger,Deangelo,Leestma,Andrea,Rominger,Ross
Scott,Sharae,Rominger,Markia,Scott,Drake
Rominger,Shayne,Leestma,Andrea,Rominger,Ross
Scott,Karley,Rominger,Markia,Scott,Drake
