Pffaff,Howard,Arthur,Pamela,Pffaff,Chad
Newman,Malia,Shriver,Giovanna,Newman,Rodney
Shaw,Aidan,Young,Felicia,Shaw,Dantae
Nagel,Elida,Chiao,Sarina,Nagel,Heriberto
Grabe,Marques,Zophar,Dandrea,Grabe,Kenneth
Godwin,Liana,Henricks,Karishma,Godwin,Kelson
Haise,Romello,Wilson,Kristine,Haise,Mitchell
Shepherd,Luisa,Rominger,Merissa,Shepherd,Jarod
Bagian,Nestor,Cunningham,Taryn,Bagian,Jerryd
Gorie,Yasmine,Resnik,Marian,Gorie,Jovan
Weitz,Stephan,Currie,Shanna,Weitz,Brett
Hawley,Justice,Pflugel,Reyanna,Hawley,Marques
Hilliard,Edgar,Greene,Ashtyn,Hilliard,Edward
Coleman,Shaylee,Gruber,Shawn,Coleman,Jermaine
Archambault,Colin,Chamitoff,Carolyn,Archambault,Drew
Jett,Makenzie,Melnick,Dulce,Jett,Marquise
Creamer,Vernon,Taylor,Allyson,Creamer,Quentin
Lee,Marisa,Altman,Annmarie,Lee,Jajuan
Searfoss,Sheldon,O'Connor,Jacklyn,Searfoss,Avery
Gemar,Shanna,Jemison,Eliana,Gemar,Mauro
Caldwell,Nathan,Shaw,Maegan,Caldwell,Nour
Hudson,Rianna,Lockhart,Karley,Hudson,Bryan
Irwin,Ryan,Madison,Ceaira,Irwin,Devonta
Shepherd,Dayana,Springer,Toni,Shepherd,Demonte
Pffaff,Jay,Newman,Malia,Pffaff,Howard
Coolidge,Harlie,Ivins,Esther,Coolidge,Lane
Pffaff,Lawrence,Newman,Malia,Pffaff,Howard
Brandenstein,Lesley,Mullane,Breanna,Brandenstein,Slaten
Shaw,Shlomo,Nagel,Elida,Shaw,Aidan
Nowak,Brenna,Harbaugh,Lexus,Nowak,Marielle
Shaw,Britt,Nagel,Elida,Shaw,Aidan
Gordon,Brittney,Scott,Keisha,Gordon,Desmond
Shaw,Andy,Nagel,Elida,Shaw,Aidan
Parazynski,Nikki,Cunningham,Ashley,Parazynski,Luciano
Shaw,Devante,Nagel,Elida,Shaw,Aidan
Polk,Marlene,Truly,Brenda,Polk,Felix
Shaw,Wesley,Nagel,Elida,Shaw,Aidan
Pffaff,Katia,Newman,Malia,Pffaff,Howard
Shaw,Ali,Nagel,Elida,Shaw,Aidan
Pffaff,Dixie,Newman,Malia,Pffaff,Howard
Shaw,Adam,Nagel,Elida,Shaw,Aidan
Shaw,Angle,Nagel,Elida,Shaw,Aidan
Shaw,Lorenzo,Nagel,Elida,Shaw,Aidan
Shaw,Sheri,Nagel,Elida,Shaw,Aidan
Grabe,Mohamed,Godwin,Liana,Grabe,Marques
Shaw,Britni,Nagel,Elida,Shaw,Aidan
Grabe,Mohamad,Godwin,Liana,Grabe,Marques
Shaw,Alannah,Nagel,Elida,Shaw,Aidan
Grabe,Hunter,Godwin,Liana,Grabe,Marques
Shaw,Stacie,Nagel,Elida,Shaw,Aidan
Grabe,Garrett,Godwin,Liana,Grabe,Marques
Shaw,Sylvia,Nagel,Elida,Shaw,Aidan
Grabe,Devonta,Godwin,Liana,Grabe,Marques
Shaw,Lillie,Nagel,Elida,Shaw,Aidan
Grabe,Javen,Godwin,Liana,Grabe,Marques
Shaw,Hallie,Nagel,Elida,Shaw,Aidan
Grabe,Ricardo,Godwin,Liana,Grabe,Marques
Shaw,Essence,Nagel,Elida,Shaw,Aidan
Grabe,Hashim,Godwin,Liana,Grabe,Marques
Shaw,Kaelyn,Nagel,Elida,Shaw,Aidan
Grabe,Shamar,Godwin,Liana,Grabe,Marques
Shaw,Miranda,Nagel,Elida,Shaw,Aidan
Grabe,Sam,Godwin,Liana,Grabe,Marques
Grabe,Maryssa,Godwin,Liana,Grabe,Marques
Haise,Francis,Shepherd,Luisa,Haise,Romello
Grabe,Salina,Godwin,Liana,Grabe,Marques
Haise,Delonta,Shepherd,Luisa,Haise,Romello
Grabe,Tess,Godwin,Liana,Grabe,Marques
Haise,Kayvon,Shepherd,Luisa,Haise,Romello
Grabe,Hallie,Godwin,Liana,Grabe,Marques
Bagian,Russell,Gorie,Yasmine,Bagian,Nestor
Haise,Banesa,Shepherd,Luisa,Haise,Romello
Bagian,Emmitt,Gorie,Yasmine,Bagian,Nestor
Haise,Macy,Shepherd,Luisa,Haise,Romello
Bagian,Randall,Gorie,Yasmine,Bagian,Nestor
Haise,Leann,Shepherd,Luisa,Haise,Romello
Bagian,Julian,Gorie,Yasmine,Bagian,Nestor
Haise,Anja,Shepherd,Luisa,Haise,Romello
Bagian,Efrain,Gorie,Yasmine,Bagian,Nestor
Haise,Yolanda,Shepherd,Luisa,Haise,Romello
Bagian,Eugene,Gorie,Yasmine,Bagian,Nestor
Haise,Janessa,Shepherd,Luisa,Haise,Romello
Bagian,Tallon,Gorie,Yasmine,Bagian,Nestor
Haise,Janae,Shepherd,Luisa,Haise,Romello
Bagian,Sedrick,Gorie,Yasmine,Bagian,Nestor
Bagian,Lisa,Gorie,Yasmine,Bagian,Nestor
Bagian,Gary,Gorie,Yasmine,Bagian,Nestor
Bagian,Luz,Gorie,Yasmine,Bagian,Nestor
Bagian,Daryl,Gorie,Yasmine,Bagian,Nestor
Bagian,Vivien,Gorie,Yasmine,Bagian,Nestor
Bagian,Rhett,Gorie,Yasmine,Bagian,Nestor
Bagian,Mikyla,Gorie,Yasmine,Bagian,Nestor
Weitz,Darrius,Hawley,Justice,Weitz,Stephan
Bagian,Amberly,Gorie,Yasmine,Bagian,Nestor
Weitz,Emmitt,Hawley,Justice,Weitz,Stephan
Bagian,Keila,Gorie,Yasmine,Bagian,Nestor
Weitz,Keenan,Hawley,Justice,Weitz,Stephan
Bagian,Ivelisse,Gorie,Yasmine,Bagian,Nestor
Weitz,Anthony,Hawley,Justice,Weitz,Stephan
Bagian,Kirsten,Gorie,Yasmine,Bagian,Nestor
Weitz,Tyreek,Hawley,Justice,Weitz,Stephan
Bagian,Katheryn,Gorie,Yasmine,Bagian,Nestor
Weitz,Xzavier,Hawley,Justice,Weitz,Stephan
Weitz,Jonae,Hawley,Justice,Weitz,Stephan
Weitz,Christophe,Hawley,Justice,Weitz,Stephan
Weitz,Lexi,Hawley,Justice,Weitz,Stephan
Hilliard,Kasey,Coleman,Shaylee,Hilliard,Edgar
Weitz,Chandler,Hawley,Justice,Weitz,Stephan
Hilliard,Erik,Coleman,Shaylee,Hilliard,Edgar
Weitz,Viviana,Hawley,Justice,Weitz,Stephan
Hilliard,Coby,Coleman,Shaylee,Hilliard,Edgar
Weitz,Dalila,Hawley,Justice,Weitz,Stephan
Hilliard,Riley,Coleman,Shaylee,Hilliard,Edgar
Weitz,Shenelly,Hawley,Justice,Weitz,Stephan
Hilliard,Dillon,Coleman,Shaylee,Hilliard,Edgar
Hilliard,Tatianna,Coleman,Shaylee,Hilliard,Edgar
Hilliard,Alonso,Coleman,Shaylee,Hilliard,Edgar
Hilliard,Kirsten,Coleman,Shaylee,Hilliard,Edgar
Hilliard,Darrin,Coleman,Shaylee,Hilliard,Edgar
Hilliard,Giuliana,Coleman,Shaylee,Hilliard,Edgar
Hilliard,Demonte,Coleman,Shaylee,Hilliard,Edgar
Hilliard,Cassidy,Coleman,Shaylee,Hilliard,Edgar
Hilliard,Kristofer,Coleman,Shaylee,Hilliard,Edgar
Hilliard,Kenyatta,Coleman,Shaylee,Hilliard,Edgar
Hilliard,Bronson,Coleman,Shaylee,Hilliard,Edgar
Hilliard,Wendy,Coleman,Shaylee,Hilliard,Edgar
Archambault,Franklin,Jett,Makenzie,Archambault,Colin
Hilliard,Mary,Coleman,Shaylee,Hilliard,Edgar
Archambault,Gary,Jett,Makenzie,Archambault,Colin
Archambault,Britney,Jett,Makenzie,Archambault,Colin
Archambault,Samson,Jett,Makenzie,Archambault,Colin
Archambault,Samara,Jett,Makenzie,Archambault,Colin
Creamer,Mckay,Lee,Marisa,Creamer,Vernon
Archambault,Nicolle,Jett,Makenzie,Archambault,Colin
Searfoss,Henry,Gemar,Shanna,Searfoss,Sheldon
Archambault,Idaly,Jett,Makenzie,Archambault,Colin
Searfoss,Gerardo,Gemar,Shanna,Searfoss,Sheldon
Archambault,Alannah,Jett,Makenzie,Archambault,Colin
Searfoss,Wyatt,Gemar,Shanna,Searfoss,Sheldon
Archambault,Adriana,Jett,Makenzie,Archambault,Colin
Searfoss,Dontae,Gemar,Shanna,Searfoss,Sheldon
Archambault,Anthony,Jett,Makenzie,Archambault,Colin
Caldwell,Bretton,Hudson,Rianna,Caldwell,Nathan
Archambault,Holland,Jett,Makenzie,Archambault,Colin
Caldwell,Elliot,Hudson,Rianna,Caldwell,Nathan
Creamer,Johanna,Lee,Marisa,Creamer,Vernon
Caldwell,Joshua,Hudson,Rianna,Caldwell,Nathan
Creamer,Noah,Lee,Marisa,Creamer,Vernon
Caldwell,Sheldon,Hudson,Rianna,Caldwell,Nathan
Creamer,Sophia,Lee,Marisa,Creamer,Vernon
Caldwell,Donte,Hudson,Rianna,Caldwell,Nathan
Creamer,Barbara,Lee,Marisa,Creamer,Vernon
Caldwell,Colby,Hudson,Rianna,Caldwell,Nathan
Creamer,Malina,Lee,Marisa,Creamer,Vernon
Caldwell,Deshaun,Hudson,Rianna,Caldwell,Nathan
Creamer,Alena,Lee,Marisa,Creamer,Vernon
Caldwell,Braeden,Hudson,Rianna,Caldwell,Nathan
Searfoss,Sheyla,Gemar,Shanna,Searfoss,Sheldon
Caldwell,Anton,Hudson,Rianna,Caldwell,Nathan
Searfoss,Tatianna,Gemar,Shanna,Searfoss,Sheldon
Caldwell,Conner,Hudson,Rianna,Caldwell,Nathan
Searfoss,Haven,Gemar,Shanna,Searfoss,Sheldon
Irwin,Clinton,Shepherd,Dayana,Irwin,Ryan
Searfoss,Ashanti,Gemar,Shanna,Searfoss,Sheldon
Irwin,Cristobal,Shepherd,Dayana,Irwin,Ryan
Caldwell,Jaycee,Hudson,Rianna,Caldwell,Nathan
Irwin,Kendall,Shepherd,Dayana,Irwin,Ryan
Caldwell,Gwendolyn,Hudson,Rianna,Caldwell,Nathan
Irwin,Brenden,Shepherd,Dayana,Irwin,Ryan
Caldwell,Leann,Hudson,Rianna,Caldwell,Nathan
Irwin,Stevan,Shepherd,Dayana,Irwin,Ryan
Caldwell,Angle,Hudson,Rianna,Caldwell,Nathan
Irwin,Titus,Shepherd,Dayana,Irwin,Ryan
Caldwell,Camisha,Hudson,Rianna,Caldwell,Nathan
Irwin,Riley,Shepherd,Dayana,Irwin,Ryan
Caldwell,Shiann,Hudson,Rianna,Caldwell,Nathan
Irwin,Jajuan,Shepherd,Dayana,Irwin,Ryan
Caldwell,Marina,Hudson,Rianna,Caldwell,Nathan
Irwin,Lucas,Shepherd,Dayana,Irwin,Ryan
Caldwell,Mikayla,Hudson,Rianna,Caldwell,Nathan
Irwin,Domenic,Shepherd,Dayana,Irwin,Ryan
Caldwell,Malika,Hudson,Rianna,Caldwell,Nathan
Pffaff,Dusty,Coolidge,Harlie,Pffaff,Jay
Irwin,Porsha,Shepherd,Dayana,Irwin,Ryan
Pffaff,Samual,Coolidge,Harlie,Pffaff,Jay
Irwin,Selina,Shepherd,Dayana,Irwin,Ryan
Pffaff,Adalberto,Coolidge,Harlie,Pffaff,Jay
Irwin,Danika,Shepherd,Dayana,Irwin,Ryan
Pffaff,Walker,Coolidge,Harlie,Pffaff,Jay
Irwin,Measia,Shepherd,Dayana,Irwin,Ryan
Pffaff,Jalil,Coolidge,Harlie,Pffaff,Jay
Irwin,Katie,Shepherd,Dayana,Irwin,Ryan
Pffaff,Zackery,Coolidge,Harlie,Pffaff,Jay
Irwin,Devyn,Shepherd,Dayana,Irwin,Ryan
Pffaff,Jacky,Coolidge,Harlie,Pffaff,Jay
Irwin,Ciera,Shepherd,Dayana,Irwin,Ryan
Pffaff,Rowan,Brandenstein,Lesley,Pffaff,Lawrence
Irwin,India,Shepherd,Dayana,Irwin,Ryan
Pffaff,Jerome,Brandenstein,Lesley,Pffaff,Lawrence
Pffaff,Avery,Coolidge,Harlie,Pffaff,Jay
Pffaff,Leonardo,Brandenstein,Lesley,Pffaff,Lawrence
Pffaff,Annmarie,Coolidge,Harlie,Pffaff,Jay
Pffaff,Rory,Brandenstein,Lesley,Pffaff,Lawrence
Pffaff,Isis,Coolidge,Harlie,Pffaff,Jay
Pffaff,Tyquan,Brandenstein,Lesley,Pffaff,Lawrence
Pffaff,Julia,Coolidge,Harlie,Pffaff,Jay
Pffaff,Rashaun,Brandenstein,Lesley,Pffaff,Lawrence
Pffaff,Caylin,Coolidge,Harlie,Pffaff,Jay
Pffaff,Luke,Brandenstein,Lesley,Pffaff,Lawrence
Pffaff,Callan,Coolidge,Harlie,Pffaff,Jay
Shaw,Ashton,Nowak,Brenna,Shaw,Shlomo
Pffaff,Moesha,Coolidge,Harlie,Pffaff,Jay
Shaw,Tayler,Nowak,Brenna,Shaw,Shlomo
Pffaff,Xian,Coolidge,Harlie,Pffaff,Jay
Shaw,Jonathan,Nowak,Brenna,Shaw,Shlomo
Pffaff,Tyeisha,Coolidge,Harlie,Pffaff,Jay
Shaw,Christophe,Nowak,Brenna,Shaw,Shlomo
Pffaff,Kylee,Brandenstein,Lesley,Pffaff,Lawrence
Shaw,Lamonte,Nowak,Brenna,Shaw,Shlomo
Pffaff,Keila,Brandenstein,Lesley,Pffaff,Lawrence
Shaw,Paul,Nowak,Brenna,Shaw,Shlomo
Pffaff,Keri,Brandenstein,Lesley,Pffaff,Lawrence
Shaw,Tyrone,Nowak,Brenna,Shaw,Shlomo
Pffaff,Holli,Brandenstein,Lesley,Pffaff,Lawrence
Shaw,Michel,Nowak,Brenna,Shaw,Shlomo
Pffaff,Priscilla,Brandenstein,Lesley,Pffaff,Lawrence
Shaw,Brennan,Nowak,Brenna,Shaw,Shlomo
Pffaff,Anthony,Brandenstein,Lesley,Pffaff,Lawrence
Shaw,Titus,Nowak,Brenna,Shaw,Shlomo
Shaw,Lara,Nowak,Brenna,Shaw,Shlomo
Shaw,Alejandro,Nowak,Brenna,Shaw,Shlomo
Shaw,Kathryn,Nowak,Brenna,Shaw,Shlomo
Shaw,Jashua,Nowak,Brenna,Shaw,Shlomo
Shaw,Lynda,Nowak,Brenna,Shaw,Shlomo
Shaw,Mohammad,Nowak,Brenna,Shaw,Shlomo
Shaw,Maisie,Nowak,Brenna,Shaw,Shlomo
Shaw,Eddie,Nowak,Brenna,Shaw,Shlomo
Shaw,Jamie,Nowak,Brenna,Shaw,Shlomo
Shaw,Oscar,Gordon,Brittney,Shaw,Britt
Shaw,Blaine,Nowak,Brenna,Shaw,Shlomo
Shaw,Idris,Gordon,Brittney,Shaw,Britt
Shaw,Desiree,Gordon,Brittney,Shaw,Britt
Shaw,Arturo,Gordon,Brittney,Shaw,Britt
Shaw,Symphony,Gordon,Brittney,Shaw,Britt
Shaw,Zackery,Parazynski,Nikki,Shaw,Andy
Shaw,Shaniah,Gordon,Brittney,Shaw,Britt
Shaw,Sedrick,Parazynski,Nikki,Shaw,Andy
Shaw,Vivien,Gordon,Brittney,Shaw,Britt
Shaw,Ralph,Parazynski,Nikki,Shaw,Andy
Shaw,Shanyce,Gordon,Brittney,Shaw,Britt
Shaw,Jerryd,Polk,Marlene,Shaw,Devante
Shaw,Mikyla,Parazynski,Nikki,Shaw,Andy
Shaw,Reuben,Polk,Marlene,Shaw,Devante
Shaw,Nathaly,Parazynski,Nikki,Shaw,Andy
Shaw,Armani,Polk,Marlene,Shaw,Devante
Shaw,Patience,Parazynski,Nikki,Shaw,Andy
Shaw,Brannon,Polk,Marlene,Shaw,Devante
Shaw,Eryn,Parazynski,Nikki,Shaw,Andy
Shaw,Bernardo,Polk,Marlene,Shaw,Devante
Shaw,Zoi,Parazynski,Nikki,Shaw,Andy
Shaw,Moses,Polk,Marlene,Shaw,Devante
Shaw,Terri,Parazynski,Nikki,Shaw,Andy
Shaw,Domonic,Polk,Marlene,Shaw,Devante
Shaw,Shyanne,Polk,Marlene,Shaw,Devante
Shaw,Delonta,Polk,Marlene,Shaw,Devante
Shaw,Caitlynn,Polk,Marlene,Shaw,Devante
Shaw,Damian,Polk,Marlene,Shaw,Devante
Shaw,Lyric,Polk,Marlene,Shaw,Devante
Shaw,Bryson,Polk,Marlene,Shaw,Devante
Shaw,Idaly,Polk,Marlene,Shaw,Devante
Shaw,Gilbert,Pffaff,Katia,Shaw,Wesley
Shaw,Lourdes,Pffaff,Katia,Shaw,Wesley
Shaw,Mitchell,Pffaff,Katia,Shaw,Wesley
Shaw,Jazmyn,Pffaff,Katia,Shaw,Wesley
Shaw,Gustavo,Pffaff,Katia,Shaw,Wesley
Shaw,Aja,Pffaff,Katia,Shaw,Wesley
Shaw,Jeremey,Pffaff,Katia,Shaw,Wesley
Shaw,Jodie,Pffaff,Dixie,Shaw,Ali
Shaw,Quinton,Pffaff,Dixie,Shaw,Ali
Shaw,Devon,Pffaff,Dixie,Shaw,Ali
Shaw,Jed,Pffaff,Dixie,Shaw,Ali
Shaw,Heidi,Pffaff,Dixie,Shaw,Ali
Shaw,Ray,Pffaff,Dixie,Shaw,Ali
Shaw,Mykelle,Pffaff,Dixie,Shaw,Ali
Shaw,Casey,Pffaff,Dixie,Shaw,Ali
Shaw,Sadia,Pffaff,Dixie,Shaw,Ali
Shaw,Rahim,Pffaff,Dixie,Shaw,Ali
Shaw,Tianna,Pffaff,Dixie,Shaw,Ali
Shaw,Deontae,Pffaff,Dixie,Shaw,Ali
Shaw,Tory,Pffaff,Dixie,Shaw,Ali
Shaw,Corey,Pffaff,Dixie,Shaw,Ali
Shaw,Destany,Pffaff,Dixie,Shaw,Ali
Shaw,Gordon,Pffaff,Dixie,Shaw,Ali
Shaw,Harley,Pffaff,Dixie,Shaw,Ali
Shaw,Wylie,Grabe,Maryssa,Shaw,Adam
Shaw,Avery,Grabe,Maryssa,Shaw,Adam
Shaw,Harrison,Grabe,Maryssa,Shaw,Adam
Shaw,Ida,Grabe,Maryssa,Shaw,Adam
Shaw,Keenan,Grabe,Maryssa,Shaw,Adam
Shaw,Janna,Grabe,Maryssa,Shaw,Adam
Shaw,Tad,Grabe,Maryssa,Shaw,Adam
Shaw,Angelika,Grabe,Maryssa,Shaw,Adam
Shaw,Emmitt,Grabe,Maryssa,Shaw,Adam
Shaw,Claire,Grabe,Maryssa,Shaw,Adam
Shaw,Talon,Grabe,Salina,Shaw,Lorenzo
Shaw,Christy,Grabe,Maryssa,Shaw,Adam
Shaw,Malcolm,Grabe,Salina,Shaw,Lorenzo
Shaw,Leanna,Grabe,Maryssa,Shaw,Adam
Shaw,Deanthony,Grabe,Salina,Shaw,Lorenzo
Shaw,Suzanna,Grabe,Maryssa,Shaw,Adam
Shaw,Dane,Grabe,Salina,Shaw,Lorenzo
Shaw,Tamisha,Grabe,Salina,Shaw,Lorenzo
Shaw,Britton,Grabe,Salina,Shaw,Lorenzo
Shaw,Elsa,Grabe,Salina,Shaw,Lorenzo
Shaw,Jamel,Grabe,Salina,Shaw,Lorenzo
Shaw,Melissa,Grabe,Salina,Shaw,Lorenzo
Grabe,Jarvis,Shaw,Angle,Grabe,Mohamed
Grabe,Hattie,Shaw,Angle,Grabe,Mohamed
Grabe,Jon,Shaw,Angle,Grabe,Mohamed
Grabe,Carissa,Shaw,Angle,Grabe,Mohamed
Grabe,Dan,Shaw,Angle,Grabe,Mohamed
Grabe,Natasha,Shaw,Angle,Grabe,Mohamed
Grabe,Dominic,Shaw,Angle,Grabe,Mohamed
Grabe,Avery,Shaw,Angle,Grabe,Mohamed
Grabe,Marcus,Shaw,Angle,Grabe,Mohamed
Grabe,Luisa,Shaw,Angle,Grabe,Mohamed
Grabe,Lucas,Shaw,Angle,Grabe,Mohamed
Grabe,Berenice,Shaw,Angle,Grabe,Mohamed
Grabe,Nicholas,Shaw,Angle,Grabe,Mohamed
Grabe,Kaytlin,Shaw,Angle,Grabe,Mohamed
Grabe,Gunnar,Shaw,Angle,Grabe,Mohamed
Grabe,Josie,Shaw,Angle,Grabe,Mohamed
Grabe,Ravon,Shaw,Sheri,Grabe,Mohamad
Grabe,Tianna,Shaw,Angle,Grabe,Mohamed
Grabe,Roberto,Shaw,Sheri,Grabe,Mohamad
Grabe,Halee,Shaw,Angle,Grabe,Mohamed
Grabe,Shmuel,Shaw,Sheri,Grabe,Mohamad
Grabe,Nathaly,Shaw,Sheri,Grabe,Mohamad
Grabe,Ariel,Shaw,Sheri,Grabe,Mohamad
Grabe,Dianne,Shaw,Sheri,Grabe,Mohamad
Grabe,Britt,Shaw,Britni,Grabe,Hunter
Grabe,Katherine,Shaw,Sheri,Grabe,Mohamad
Grabe,Greyson,Shaw,Britni,Grabe,Hunter
Grabe,Reyanna,Shaw,Sheri,Grabe,Mohamad
Grabe,Clayton,Shaw,Britni,Grabe,Hunter
Grabe,Carra,Shaw,Sheri,Grabe,Mohamad
Grabe,Manuel,Shaw,Britni,Grabe,Hunter
Grabe,Chaya,Shaw,Sheri,Grabe,Mohamad
Grabe,Tristin,Shaw,Britni,Grabe,Hunter
Grabe,Krystal,Shaw,Sheri,Grabe,Mohamad
Grabe,Isidro,Shaw,Britni,Grabe,Hunter
Grabe,Hailee,Shaw,Sheri,Grabe,Mohamad
Grabe,Adonis,Shaw,Britni,Grabe,Hunter
Grabe,Alma,Shaw,Britni,Grabe,Hunter
Grabe,Giovanni,Shaw,Britni,Grabe,Hunter
Grabe,Yahaira,Shaw,Britni,Grabe,Hunter
Grabe,Joel,Shaw,Britni,Grabe,Hunter
Grabe,Jazmin,Shaw,Britni,Grabe,Hunter
Grabe,Jonathon,Shaw,Britni,Grabe,Hunter
Grabe,Kara,Shaw,Britni,Grabe,Hunter
Grabe,Brent,Shaw,Alannah,Grabe,Garrett
Grabe,Carmen,Shaw,Britni,Grabe,Hunter
Grabe,Emiliano,Shaw,Alannah,Grabe,Garrett
Grabe,Rachael,Shaw,Britni,Grabe,Hunter
Grabe,Nestor,Shaw,Alannah,Grabe,Garrett
Grabe,Jaquana,Shaw,Britni,Grabe,Hunter
Grabe,Zackery,Shaw,Alannah,Grabe,Garrett
Grabe,Kassandra,Shaw,Britni,Grabe,Hunter
Grabe,Larry,Shaw,Alannah,Grabe,Garrett
Grabe,Khaliah,Shaw,Britni,Grabe,Hunter
Grabe,Noah,Shaw,Alannah,Grabe,Garrett
Grabe,Mara,Shaw,Britni,Grabe,Hunter
Grabe,Lukas,Shaw,Stacie,Grabe,Devonta
Grabe,Madilyn,Shaw,Alannah,Grabe,Garrett
Grabe,Nickolas,Shaw,Stacie,Grabe,Devonta
Grabe,Regina,Shaw,Alannah,Grabe,Garrett
Grabe,Christophe,Shaw,Stacie,Grabe,Devonta
Grabe,Astrid,Shaw,Alannah,Grabe,Garrett
Grabe,Jesus,Shaw,Stacie,Grabe,Devonta
Grabe,Jesslyn,Shaw,Alannah,Grabe,Garrett
Grabe,Braydon,Shaw,Stacie,Grabe,Devonta
Grabe,Erin,Shaw,Alannah,Grabe,Garrett
Grabe,Jasper,Shaw,Stacie,Grabe,Devonta
Grabe,Shaniah,Shaw,Alannah,Grabe,Garrett
Grabe,Rodney,Shaw,Sylvia,Grabe,Javen
Grabe,Chantel,Shaw,Stacie,Grabe,Devonta
Grabe,Armani,Shaw,Sylvia,Grabe,Javen
Grabe,Analisa,Shaw,Stacie,Grabe,Devonta
Grabe,Victor,Shaw,Sylvia,Grabe,Javen
Grabe,Alison,Shaw,Stacie,Grabe,Devonta
Grabe,Cooper,Shaw,Sylvia,Grabe,Javen
Grabe,Farrah,Shaw,Stacie,Grabe,Devonta
Grabe,San,Shaw,Sylvia,Grabe,Javen
Grabe,Vanessa,Shaw,Stacie,Grabe,Devonta
Grabe,Benjamin,Shaw,Sylvia,Grabe,Javen
Grabe,Maison,Shaw,Sylvia,Grabe,Javen
Grabe,Dion,Shaw,Sylvia,Grabe,Javen
Grabe,Shane,Shaw,Sylvia,Grabe,Javen
Grabe,Carson,Shaw,Sylvia,Grabe,Javen
Grabe,Kailey,Shaw,Sylvia,Grabe,Javen
Grabe,Julio,Shaw,Sylvia,Grabe,Javen
Grabe,Kali,Shaw,Sylvia,Grabe,Javen
Grabe,Hayden,Shaw,Lillie,Grabe,Ricardo
Grabe,Janell,Shaw,Sylvia,Grabe,Javen
Grabe,Rory,Shaw,Lillie,Grabe,Ricardo
Grabe,Courteney,Shaw,Sylvia,Grabe,Javen
Grabe,Dean,Shaw,Lillie,Grabe,Ricardo
Grabe,Tamia,Shaw,Sylvia,Grabe,Javen
Grabe,Conrad,Shaw,Lillie,Grabe,Ricardo
Grabe,Maia,Shaw,Sylvia,Grabe,Javen
Grabe,Jermaine,Shaw,Lillie,Grabe,Ricardo
Grabe,Sarafina,Shaw,Sylvia,Grabe,Javen
Grabe,Anthoni,Shaw,Hallie,Grabe,Hashim
Grabe,Gabriele,Shaw,Sylvia,Grabe,Javen
Grabe,Ameer,Shaw,Hallie,Grabe,Hashim
Grabe,Juliette,Shaw,Hallie,Grabe,Hashim
Grabe,Dakota,Shaw,Hallie,Grabe,Hashim
Grabe,Jordyn,Shaw,Hallie,Grabe,Hashim
Grabe,Darrion,Shaw,Hallie,Grabe,Hashim
Grabe,Aria,Shaw,Hallie,Grabe,Hashim
Grabe,Terance,Shaw,Hallie,Grabe,Hashim
Grabe,Tayla,Shaw,Hallie,Grabe,Hashim
Grabe,Roy,Shaw,Hallie,Grabe,Hashim
Grabe,Deborah,Shaw,Hallie,Grabe,Hashim
Grabe,Jarred,Shaw,Essence,Grabe,Shamar
Grabe,Marelyn,Shaw,Hallie,Grabe,Hashim
Grabe,Edgar,Shaw,Essence,Grabe,Shamar
Grabe,Jessa,Shaw,Hallie,Grabe,Hashim
Grabe,Pablo,Shaw,Essence,Grabe,Shamar
Grabe,Faith,Shaw,Hallie,Grabe,Hashim
Grabe,Randall,Shaw,Essence,Grabe,Shamar
Grabe,Nichole,Shaw,Hallie,Grabe,Hashim
Grabe,Jeffery,Shaw,Essence,Grabe,Shamar
Grabe,Kira,Shaw,Hallie,Grabe,Hashim
Grabe,Brad,Shaw,Essence,Grabe,Shamar
Grabe,Georgia,Shaw,Hallie,Grabe,Hashim
Grabe,Ladarius,Shaw,Essence,Grabe,Shamar
Grabe,Aileen,Shaw,Hallie,Grabe,Hashim
Grabe,Andres,Shaw,Essence,Grabe,Shamar
Grabe,Niyah,Shaw,Hallie,Grabe,Hashim
Grabe,Jaron,Shaw,Essence,Grabe,Shamar
Grabe,Gabriella,Shaw,Hallie,Grabe,Hashim
Grabe,Elijah,Shaw,Essence,Grabe,Shamar
Grabe,Antonia,Shaw,Essence,Grabe,Shamar
Grabe,Chad,Shaw,Essence,Grabe,Shamar
Grabe,Ceaira,Shaw,Essence,Grabe,Shamar
Grabe,Nigel,Shaw,Kaelyn,Grabe,Sam
Grabe,Larissa,Shaw,Essence,Grabe,Shamar
Grabe,Cedric,Shaw,Kaelyn,Grabe,Sam
Grabe,Daisy,Shaw,Essence,Grabe,Shamar
Grabe,Deonta,Shaw,Kaelyn,Grabe,Sam
Grabe,Terri,Shaw,Essence,Grabe,Shamar
Grabe,Sedrick,Shaw,Kaelyn,Grabe,Sam
Grabe,Valerie,Shaw,Kaelyn,Grabe,Sam
Grabe,Santana,Shaw,Kaelyn,Grabe,Sam
Grabe,Jena,Shaw,Kaelyn,Grabe,Sam
Grabe,Roland,Shaw,Kaelyn,Grabe,Sam
Grabe,Tamisha,Shaw,Kaelyn,Grabe,Sam
Grabe,Johan,Shaw,Kaelyn,Grabe,Sam
Grabe,Rosalinda,Shaw,Kaelyn,Grabe,Sam
Grabe,Davon,Shaw,Kaelyn,Grabe,Sam
Grabe,Siearra,Shaw,Kaelyn,Grabe,Sam
Haise,Misael,Shaw,Miranda,Haise,Francis
Grabe,Haleigh,Shaw,Kaelyn,Grabe,Sam
Haise,Claudio,Shaw,Miranda,Haise,Francis
Grabe,Savannah,Shaw,Kaelyn,Grabe,Sam
Haise,Louis,Shaw,Miranda,Haise,Francis
Grabe,Keila,Shaw,Kaelyn,Grabe,Sam
Haise,Keagan,Shaw,Miranda,Haise,Francis
Grabe,Mikyla,Shaw,Kaelyn,Grabe,Sam
Haise,Daquan,Shaw,Miranda,Haise,Francis
Grabe,Nereida,Shaw,Kaelyn,Grabe,Sam
Haise,Dallin,Shaw,Miranda,Haise,Francis
Grabe,Kenzie,Shaw,Kaelyn,Grabe,Sam
Haise,Emmett,Grabe,Tess,Haise,Delonta
Grabe,Celeste,Shaw,Kaelyn,Grabe,Sam
Haise,Jason,Grabe,Tess,Haise,Delonta
Haise,Kailey,Shaw,Miranda,Haise,Francis
Haise,Tyren,Grabe,Tess,Haise,Delonta
Haise,Latoya,Shaw,Miranda,Haise,Francis
Haise,Vincent,Grabe,Hallie,Haise,Kayvon
Haise,Corina,Shaw,Miranda,Haise,Francis
Haise,Johnathan,Grabe,Hallie,Haise,Kayvon
Haise,Hunter,Shaw,Miranda,Haise,Francis
Haise,Gilbert,Grabe,Hallie,Haise,Kayvon
Haise,Marie,Grabe,Tess,Haise,Delonta
Bagian,Theodore,Haise,Banesa,Bagian,Russell
Haise,Jodie,Grabe,Tess,Haise,Delonta
Bagian,Quintin,Haise,Banesa,Bagian,Russell
Haise,Erica,Grabe,Hallie,Haise,Kayvon
Bagian,Damon,Haise,Banesa,Bagian,Russell
Haise,Jami,Grabe,Hallie,Haise,Kayvon
Bagian,Ezra,Haise,Banesa,Bagian,Russell
Haise,Jaclyn,Grabe,Hallie,Haise,Kayvon
Bagian,Garret,Haise,Banesa,Bagian,Russell
Haise,Marianna,Grabe,Hallie,Haise,Kayvon
Bagian,Maleek,Haise,Macy,Bagian,Emmitt
Haise,Analisa,Grabe,Hallie,Haise,Kayvon
Bagian,Frankie,Haise,Macy,Bagian,Emmitt
Bagian,Dajah,Haise,Banesa,Bagian,Russell
Bagian,Chad,Haise,Macy,Bagian,Emmitt
Bagian,Aileen,Haise,Banesa,Bagian,Russell
Bagian,Jacques,Haise,Macy,Bagian,Emmitt
Bagian,Raegan,Haise,Banesa,Bagian,Russell
Bagian,Antavius,Haise,Macy,Bagian,Emmitt
Bagian,Summer,Haise,Macy,Bagian,Emmitt
Bagian,Sunny,Haise,Macy,Bagian,Emmitt
Bagian,Frida,Haise,Macy,Bagian,Emmitt
Bagian,Jeffrey,Haise,Leann,Bagian,Randall
Bagian,Sabreen,Haise,Macy,Bagian,Emmitt
Bagian,Sebastien,Haise,Leann,Bagian,Randall
Bagian,Adriane,Haise,Macy,Bagian,Emmitt
Bagian,Davon,Haise,Leann,Bagian,Randall
Bagian,Esperanza,Haise,Macy,Bagian,Emmitt
Bagian,Colin,Haise,Leann,Bagian,Randall
Bagian,Zulema,Haise,Macy,Bagian,Emmitt
Bagian,Austin,Haise,Leann,Bagian,Randall
Bagian,Emmily,Haise,Macy,Bagian,Emmitt
Bagian,Clay,Haise,Leann,Bagian,Randall
Bagian,Zabrina,Haise,Macy,Bagian,Emmitt
Bagian,Gavin,Haise,Leann,Bagian,Randall
Bagian,Elana,Haise,Macy,Bagian,Emmitt
Bagian,Maximilian,Haise,Leann,Bagian,Randall
Bagian,Desteny,Haise,Macy,Bagian,Emmitt
Bagian,Josejuan,Haise,Anja,Bagian,Julian
Bagian,Carolyn,Haise,Macy,Bagian,Emmitt
Bagian,Malachi,Haise,Anja,Bagian,Julian
Bagian,Makayla,Haise,Macy,Bagian,Emmitt
Bagian,Trevin,Haise,Anja,Bagian,Julian
Bagian,Rebeca,Haise,Macy,Bagian,Emmitt
Bagian,Ryan,Haise,Anja,Bagian,Julian
Bagian,Isis,Haise,Macy,Bagian,Emmitt
Bagian,Moses,Haise,Yolanda,Bagian,Efrain
Bagian,Carmelita,Haise,Leann,Bagian,Randall
Bagian,Julius,Haise,Yolanda,Bagian,Efrain
Bagian,Maegen,Haise,Leann,Bagian,Randall
Bagian,Chaim,Haise,Janessa,Bagian,Eugene
Bagian,Genevieve,Haise,Leann,Bagian,Randall
Bagian,Dylan,Haise,Janessa,Bagian,Eugene
Bagian,Desaree,Haise,Leann,Bagian,Randall
Bagian,Franklin,Haise,Janessa,Bagian,Eugene
Bagian,Magdalena,Haise,Leann,Bagian,Randall
Bagian,Tyran,Haise,Janessa,Bagian,Eugene
Bagian,Nancy,Haise,Leann,Bagian,Randall
Bagian,Valentin,Haise,Janessa,Bagian,Eugene
Bagian,Carli,Haise,Leann,Bagian,Randall
Bagian,Everett,Haise,Janessa,Bagian,Eugene
Bagian,Chastity,Haise,Leann,Bagian,Randall
Bagian,Liam,Haise,Janessa,Bagian,Eugene
Bagian,Asya,Haise,Anja,Bagian,Julian
Bagian,Delonta,Haise,Janessa,Bagian,Eugene
Bagian,Tamra,Haise,Anja,Bagian,Julian
Bagian,Freeman,Haise,Janae,Bagian,Tallon
Bagian,Nikki,Haise,Anja,Bagian,Julian
Bagian,Brandon,Haise,Janae,Bagian,Tallon
Bagian,Shana,Haise,Yolanda,Bagian,Efrain
Bagian,Sidney,Haise,Janae,Bagian,Tallon
Bagian,Libby,Haise,Janessa,Bagian,Eugene
Bagian,Kody,Haise,Janae,Bagian,Tallon
Bagian,Jane,Haise,Janessa,Bagian,Eugene
Bagian,Anton,Haise,Janae,Bagian,Tallon
Bagian,Marisol,Haise,Janessa,Bagian,Eugene
Bagian,Bernard,Haise,Janae,Bagian,Tallon
Bagian,Kaina,Haise,Janessa,Bagian,Eugene
Bagian,Alexander,Haise,Janae,Bagian,Tallon
Bagian,Becca,Haise,Janessa,Bagian,Eugene
Bagian,Sergio,Haise,Janae,Bagian,Tallon
Bagian,Liza,Haise,Janessa,Bagian,Eugene
Bagian,Devonta,Haise,Janae,Bagian,Tallon
Bagian,Esmeralda,Haise,Janessa,Bagian,Eugene
Bagian,Dalton,Haise,Janae,Bagian,Tallon
Bagian,Tracy,Haise,Janessa,Bagian,Eugene
Bagian,Devontae,Haise,Janae,Bagian,Tallon
Bagian,Asia,Haise,Janessa,Bagian,Eugene
Bagian,Abel,Haise,Janae,Bagian,Tallon
Bagian,Ramona,Haise,Janessa,Bagian,Eugene
Bagian,Douglas,Weitz,Jonae,Bagian,Sedrick
Bagian,Gretchen,Haise,Janessa,Bagian,Eugene
Bagian,Bryson,Weitz,Lexi,Bagian,Gary
Bagian,Sarafina,Haise,Janae,Bagian,Tallon
Bagian,Deonte,Weitz,Lexi,Bagian,Gary
Bagian,Jaylynn,Haise,Janae,Bagian,Tallon
Bagian,Marielle,Weitz,Lexi,Bagian,Gary
Bagian,Kirstie,Haise,Janae,Bagian,Tallon
Bagian,Jawaun,Weitz,Lexi,Bagian,Gary
Bagian,Lillie,Haise,Janae,Bagian,Tallon
Bagian,Davin,Weitz,Lexi,Bagian,Gary
Bagian,Taryn,Haise,Janae,Bagian,Tallon
Bagian,Harrison,Weitz,Lexi,Bagian,Gary
Bagian,Cristina,Weitz,Jonae,Bagian,Sedrick
Bagian,Denver,Weitz,Chandler,Bagian,Daryl
Bagian,Destany,Weitz,Jonae,Bagian,Sedrick
Bagian,Efren,Weitz,Chandler,Bagian,Daryl
Bagian,Samara,Weitz,Lexi,Bagian,Gary
Bagian,Mohammad,Weitz,Viviana,Bagian,Rhett
Bagian,Lilly,Weitz,Lexi,Bagian,Gary
Bagian,Bo,Weitz,Viviana,Bagian,Rhett
Bagian,Jazmin,Weitz,Lexi,Bagian,Gary
Bagian,Dean,Weitz,Viviana,Bagian,Rhett
Bagian,Bree,Weitz,Lexi,Bagian,Gary
Bagian,Alec,Weitz,Viviana,Bagian,Rhett
Bagian,Jennah,Weitz,Chandler,Bagian,Daryl
Bagian,Hayes,Weitz,Viviana,Bagian,Rhett
Bagian,Kerri,Weitz,Chandler,Bagian,Daryl
Bagian,Willis,Weitz,Viviana,Bagian,Rhett
Bagian,Cheyenne,Weitz,Viviana,Bagian,Rhett
Bagian,Matthew,Weitz,Viviana,Bagian,Rhett
Bagian,Irma,Weitz,Viviana,Bagian,Rhett
Bagian,Easton,Weitz,Viviana,Bagian,Rhett
Bagian,Xian,Weitz,Viviana,Bagian,Rhett
Bagian,Kasey,Weitz,Viviana,Bagian,Rhett
Bagian,Tiara,Weitz,Viviana,Bagian,Rhett
Bagian,August,Weitz,Viviana,Bagian,Rhett
Bagian,Rowan,Weitz,Viviana,Bagian,Rhett
Bagian,Benito,Weitz,Viviana,Bagian,Rhett
Weitz,Lydia,Bagian,Lisa,Weitz,Darrius
Bagian,Arian,Weitz,Viviana,Bagian,Rhett
Weitz,Alissa,Bagian,Lisa,Weitz,Darrius
Weitz,Camden,Bagian,Lisa,Weitz,Darrius
Weitz,Alysha,Bagian,Lisa,Weitz,Darrius
Weitz,Marcell,Bagian,Lisa,Weitz,Darrius
Weitz,Nia,Bagian,Lisa,Weitz,Darrius
Weitz,Trevor,Bagian,Lisa,Weitz,Darrius
Weitz,India,Bagian,Lisa,Weitz,Darrius
Weitz,Geoffrey,Bagian,Lisa,Weitz,Darrius
Weitz,Terri,Bagian,Lisa,Weitz,Darrius
Weitz,Dakotah,Bagian,Lisa,Weitz,Darrius
Weitz,Janeth,Bagian,Lisa,Weitz,Darrius
Weitz,Mauro,Bagian,Lisa,Weitz,Darrius
Weitz,Marilyn,Bagian,Lisa,Weitz,Darrius
Weitz,Bradlee,Bagian,Lisa,Weitz,Darrius
Weitz,Nadia,Bagian,Lisa,Weitz,Darrius
Weitz,Dorian,Bagian,Lisa,Weitz,Darrius
Weitz,Gloria,Bagian,Luz,Weitz,Emmitt
Weitz,Kameron,Bagian,Lisa,Weitz,Darrius
Weitz,Paola,Bagian,Luz,Weitz,Emmitt
Weitz,Jeff,Bagian,Luz,Weitz,Emmitt
Weitz,Maire,Bagian,Vivien,Weitz,Keenan
Weitz,Andrew,Bagian,Luz,Weitz,Emmitt
Weitz,Sonia,Bagian,Vivien,Weitz,Keenan
Weitz,Quinton,Bagian,Luz,Weitz,Emmitt
Weitz,Nallely,Bagian,Vivien,Weitz,Keenan
Weitz,Giovanni,Bagian,Luz,Weitz,Emmitt
Weitz,Marelyn,Bagian,Vivien,Weitz,Keenan
Weitz,Cruz,Bagian,Luz,Weitz,Emmitt
Weitz,Kaylyn,Bagian,Vivien,Weitz,Keenan
Weitz,Benito,Bagian,Vivien,Weitz,Keenan
Weitz,Aubree,Bagian,Mikyla,Weitz,Anthony
Weitz,Ethan,Bagian,Vivien,Weitz,Keenan
Weitz,Elana,Bagian,Amberly,Weitz,Tyreek
Weitz,Sahil,Bagian,Vivien,Weitz,Keenan
Weitz,Kaylin,Bagian,Amberly,Weitz,Tyreek
Weitz,Peter,Bagian,Vivien,Weitz,Keenan
Weitz,Paulina,Bagian,Amberly,Weitz,Tyreek
Weitz,Kaden,Bagian,Mikyla,Weitz,Anthony
Weitz,Mahogany,Bagian,Amberly,Weitz,Tyreek
Weitz,Guadalupe,Bagian,Mikyla,Weitz,Anthony
Weitz,Kathryn,Bagian,Keila,Weitz,Xzavier
Weitz,Adonis,Bagian,Mikyla,Weitz,Anthony
Weitz,Norma,Bagian,Keila,Weitz,Xzavier
Weitz,Dwayne,Bagian,Mikyla,Weitz,Anthony
Weitz,Tory,Bagian,Keila,Weitz,Xzavier
Weitz,Antoine,Bagian,Mikyla,Weitz,Anthony
Weitz,Pamela,Bagian,Keila,Weitz,Xzavier
Weitz,Estevan,Bagian,Amberly,Weitz,Tyreek
Weitz,Breona,Bagian,Keila,Weitz,Xzavier
Weitz,Rafael,Bagian,Amberly,Weitz,Tyreek
Weitz,Brynn,Bagian,Keila,Weitz,Xzavier
Weitz,Ulysses,Bagian,Keila,Weitz,Xzavier
Weitz,Evelin,Bagian,Keila,Weitz,Xzavier
Weitz,Jarred,Bagian,Keila,Weitz,Xzavier
Weitz,Emilia,Bagian,Keila,Weitz,Xzavier
Weitz,Tyren,Bagian,Keila,Weitz,Xzavier
Weitz,Skye,Bagian,Ivelisse,Weitz,Christophe
Weitz,Royce,Bagian,Keila,Weitz,Xzavier
Weitz,Shaye,Bagian,Ivelisse,Weitz,Christophe
Weitz,Gordon,Bagian,Keila,Weitz,Xzavier
Weitz,Kamri,Bagian,Ivelisse,Weitz,Christophe
Weitz,Jeffrey,Bagian,Keila,Weitz,Xzavier
Hilliard,Elizabeth,Bagian,Kirsten,Hilliard,Kasey
Weitz,Trevon,Bagian,Ivelisse,Weitz,Christophe
Hilliard,Ariana,Bagian,Kirsten,Hilliard,Kasey
Weitz,Alec,Bagian,Ivelisse,Weitz,Christophe
Hilliard,Lila,Bagian,Kirsten,Hilliard,Kasey
Hilliard,Killian,Bagian,Kirsten,Hilliard,Kasey
Hilliard,Monika,Bagian,Kirsten,Hilliard,Kasey
Hilliard,Kyle,Bagian,Kirsten,Hilliard,Kasey
Hilliard,Juliana,Bagian,Katheryn,Hilliard,Erik
Hilliard,Johnathon,Bagian,Kirsten,Hilliard,Kasey
Hilliard,Sunny,Bagian,Katheryn,Hilliard,Erik
Hilliard,Campbell,Bagian,Kirsten,Hilliard,Kasey
Hilliard,Alexis,Bagian,Katheryn,Hilliard,Erik
Hilliard,Javen,Bagian,Katheryn,Hilliard,Erik
Hilliard,Geneva,Bagian,Katheryn,Hilliard,Erik
Hilliard,Ismael,Bagian,Katheryn,Hilliard,Erik
Hilliard,Lilly,Bagian,Katheryn,Hilliard,Erik
Hilliard,Brayden,Bagian,Katheryn,Hilliard,Erik
Hilliard,Deborah,Bagian,Katheryn,Hilliard,Erik
Hilliard,Cody,Bagian,Katheryn,Hilliard,Erik
Hilliard,Abbey,Bagian,Katheryn,Hilliard,Erik
Hilliard,Ernest,Bagian,Katheryn,Hilliard,Erik
Hilliard,Klarisa,Weitz,Dalila,Hilliard,Coby
Hilliard,Casey,Bagian,Katheryn,Hilliard,Erik
Hilliard,Geraldine,Weitz,Dalila,Hilliard,Coby
Hilliard,Cooper,Bagian,Katheryn,Hilliard,Erik
Hilliard,Sherridan,Weitz,Shenelly,Hilliard,Riley
Hilliard,Nestor,Bagian,Katheryn,Hilliard,Erik
Hilliard,Jaycee,Weitz,Shenelly,Hilliard,Riley
Hilliard,Tayler,Bagian,Katheryn,Hilliard,Erik
Hilliard,Gabriela,Weitz,Shenelly,Hilliard,Riley
Hilliard,Sawyer,Bagian,Katheryn,Hilliard,Erik
Hilliard,Aleasha,Weitz,Shenelly,Hilliard,Riley
Hilliard,Travon,Weitz,Dalila,Hilliard,Coby
Hilliard,Cailin,Weitz,Shenelly,Hilliard,Riley
Hilliard,Harley,Weitz,Dalila,Hilliard,Coby
Hilliard,Jazmon,Weitz,Shenelly,Hilliard,Riley
Hilliard,Dimitri,Weitz,Dalila,Hilliard,Coby
Hilliard,Nicole,Weitz,Shenelly,Hilliard,Riley
Hilliard,Tristen,Weitz,Dalila,Hilliard,Coby
Hilliard,Michele,Weitz,Shenelly,Hilliard,Riley
Hilliard,Ramon,Weitz,Dalila,Hilliard,Coby
Hilliard,Brittany,Archambault,Britney,Hilliard,Dillon
Hilliard,Wilfredo,Weitz,Dalila,Hilliard,Coby
Hilliard,Marisol,Archambault,Britney,Hilliard,Dillon
Hilliard,Jairus,Weitz,Dalila,Hilliard,Coby
Hilliard,Kassidy,Archambault,Britney,Hilliard,Dillon
Hilliard,Tyrone,Weitz,Dalila,Hilliard,Coby
Hilliard,Miranda,Archambault,Britney,Hilliard,Dillon
Hilliard,Stefan,Weitz,Shenelly,Hilliard,Riley
Hilliard,Cheyanna,Archambault,Samara,Hilliard,Alonso
Hilliard,Edgardo,Weitz,Shenelly,Hilliard,Riley
Hilliard,Vivien,Archambault,Samara,Hilliard,Alonso
Hilliard,Kyler,Weitz,Shenelly,Hilliard,Riley
Hilliard,Mikayla,Archambault,Samara,Hilliard,Alonso
Hilliard,Zachariah,Weitz,Shenelly,Hilliard,Riley
Hilliard,Arielle,Archambault,Samara,Hilliard,Alonso
Hilliard,Alejandro,Weitz,Shenelly,Hilliard,Riley
Hilliard,Jayme,Archambault,Samara,Hilliard,Alonso
Hilliard,Adalberto,Weitz,Shenelly,Hilliard,Riley
Hilliard,Amanda,Archambault,Nicolle,Hilliard,Darrin
Hilliard,Maleek,Weitz,Shenelly,Hilliard,Riley
Hilliard,Darcie,Archambault,Nicolle,Hilliard,Darrin
Hilliard,Montana,Archambault,Britney,Hilliard,Dillon
Hilliard,Gloria,Archambault,Nicolle,Hilliard,Darrin
Hilliard,Tysen,Archambault,Britney,Hilliard,Dillon
Hilliard,Leandra,Archambault,Nicolle,Hilliard,Darrin
Hilliard,Marcos,Archambault,Britney,Hilliard,Dillon
Hilliard,Nathalia,Archambault,Nicolle,Hilliard,Darrin
Hilliard,Forrest,Archambault,Britney,Hilliard,Dillon
Hilliard,Leigh,Archambault,Nicolle,Hilliard,Darrin
Hilliard,Colbey,Archambault,Samara,Hilliard,Alonso
Hilliard,Allyson,Archambault,Nicolle,Hilliard,Darrin
Hilliard,Royce,Archambault,Samara,Hilliard,Alonso
Hilliard,Jori,Archambault,Nicolle,Hilliard,Darrin
Hilliard,Sheldon,Archambault,Nicolle,Hilliard,Darrin
Hilliard,Sheri,Archambault,Nicolle,Hilliard,Darrin
Hilliard,Roberto,Archambault,Nicolle,Hilliard,Darrin
Hilliard,Kayla,Archambault,Nicolle,Hilliard,Darrin
Hilliard,Peter,Archambault,Nicolle,Hilliard,Darrin
Hilliard,Valentina,Archambault,Idaly,Hilliard,Demonte
Hilliard,Andre,Archambault,Nicolle,Hilliard,Darrin
Hilliard,Holly,Archambault,Idaly,Hilliard,Demonte
Hilliard,Zakery,Archambault,Idaly,Hilliard,Demonte
Hilliard,Nina,Archambault,Idaly,Hilliard,Demonte
Hilliard,Landon,Archambault,Idaly,Hilliard,Demonte
Hilliard,Tonya,Archambault,Idaly,Hilliard,Demonte
Hilliard,Dangelo,Archambault,Idaly,Hilliard,Demonte
Hilliard,Shiloh,Archambault,Idaly,Hilliard,Demonte
Hilliard,Earl,Archambault,Idaly,Hilliard,Demonte
Hilliard,Sariah,Archambault,Alannah,Hilliard,Kristofer
Hilliard,Austyn,Archambault,Idaly,Hilliard,Demonte
Hilliard,Coralys,Archambault,Alannah,Hilliard,Kristofer
Hilliard,Camron,Archambault,Idaly,Hilliard,Demonte
Hilliard,Kyana,Archambault,Alannah,Hilliard,Kristofer
Hilliard,Grant,Archambault,Idaly,Hilliard,Demonte
Hilliard,Cheyenne,Archambault,Alannah,Hilliard,Kristofer
Hilliard,Alvin,Archambault,Idaly,Hilliard,Demonte
Hilliard,Maricela,Archambault,Alannah,Hilliard,Kristofer
Hilliard,Deshawn,Archambault,Idaly,Hilliard,Demonte
Hilliard,Lourdes,Archambault,Alannah,Hilliard,Kristofer
Hilliard,Anders,Archambault,Idaly,Hilliard,Demonte
Hilliard,Gerardo,Archambault,Alannah,Hilliard,Kristofer
Hilliard,Johnathan,Archambault,Idaly,Hilliard,Demonte
Hilliard,Stacy,Archambault,Adriana,Hilliard,Bronson
Hilliard,Taylor,Archambault,Alannah,Hilliard,Kristofer
Hilliard,Eileen,Archambault,Adriana,Hilliard,Bronson
Hilliard,Timothy,Archambault,Alannah,Hilliard,Kristofer
Archambault,Celena,Hilliard,Tatianna,Archambault,Franklin
Hilliard,William,Archambault,Alannah,Hilliard,Kristofer
Archambault,Imani,Hilliard,Tatianna,Archambault,Franklin
Hilliard,Britton,Archambault,Adriana,Hilliard,Bronson
Archambault,Bernadette,Hilliard,Tatianna,Archambault,Franklin
Hilliard,James,Archambault,Adriana,Hilliard,Bronson
Archambault,Lillian,Hilliard,Tatianna,Archambault,Franklin
Hilliard,Joshua,Archambault,Adriana,Hilliard,Bronson
Archambault,Destini,Hilliard,Kirsten,Archambault,Gary
Archambault,Mitchell,Hilliard,Tatianna,Archambault,Franklin
Archambault,Chynna,Hilliard,Kirsten,Archambault,Gary
Archambault,Maximilian,Hilliard,Tatianna,Archambault,Franklin
Archambault,Suzanne,Hilliard,Kirsten,Archambault,Gary
Archambault,Migel,Hilliard,Tatianna,Archambault,Franklin
Archambault,Kamri,Hilliard,Kirsten,Archambault,Gary
Archambault,Spencer,Hilliard,Tatianna,Archambault,Franklin
Archambault,Tianna,Hilliard,Giuliana,Archambault,Samson
Archambault,Kalon,Hilliard,Kirsten,Archambault,Gary
Archambault,Genesis,Hilliard,Giuliana,Archambault,Samson
Archambault,Jaylon,Hilliard,Kirsten,Archambault,Gary
Archambault,Camisha,Hilliard,Giuliana,Archambault,Samson
Archambault,Alfredo,Hilliard,Kirsten,Archambault,Gary
Archambault,Sadia,Hilliard,Giuliana,Archambault,Samson
Archambault,Tyquan,Hilliard,Giuliana,Archambault,Samson
Archambault,Lexy,Hilliard,Giuliana,Archambault,Samson
Archambault,Sydney,Hilliard,Giuliana,Archambault,Samson
Archambault,Kaitlin,Hilliard,Giuliana,Archambault,Samson
Archambault,Allan,Hilliard,Giuliana,Archambault,Samson
Archambault,Ayla,Hilliard,Giuliana,Archambault,Samson
Archambault,Tyrell,Hilliard,Giuliana,Archambault,Samson
Archambault,Carolina,Hilliard,Giuliana,Archambault,Samson
Archambault,Mohammed,Hilliard,Giuliana,Archambault,Samson
Archambault,Justice,Hilliard,Giuliana,Archambault,Samson
Archambault,Dillon,Hilliard,Giuliana,Archambault,Samson
Creamer,Selina,Hilliard,Cassidy,Creamer,Mckay
Archambault,Antonio,Hilliard,Giuliana,Archambault,Samson
Creamer,Suzanne,Hilliard,Cassidy,Creamer,Mckay
Archambault,Andre,Hilliard,Giuliana,Archambault,Samson
Creamer,Annalisa,Hilliard,Cassidy,Creamer,Mckay
Creamer,Sunny,Hilliard,Cassidy,Creamer,Mckay
Creamer,Alannah,Hilliard,Cassidy,Creamer,Mckay
Creamer,Tarik,Hilliard,Cassidy,Creamer,Mckay
Creamer,Haven,Hilliard,Cassidy,Creamer,Mckay
Creamer,Emmanuel,Hilliard,Cassidy,Creamer,Mckay
Searfoss,Dorian,Hilliard,Kenyatta,Searfoss,Henry
Searfoss,Griffin,Hilliard,Kenyatta,Searfoss,Henry
Searfoss,Barbara,Hilliard,Kenyatta,Searfoss,Henry
Searfoss,Donald,Hilliard,Kenyatta,Searfoss,Henry
Searfoss,Delilah,Hilliard,Kenyatta,Searfoss,Henry
Searfoss,Keifer,Hilliard,Kenyatta,Searfoss,Henry
Searfoss,Ixchel,Hilliard,Kenyatta,Searfoss,Henry
Searfoss,Landin,Hilliard,Kenyatta,Searfoss,Henry
Searfoss,Alina,Hilliard,Kenyatta,Searfoss,Henry
Searfoss,Forest,Hilliard,Kenyatta,Searfoss,Henry
Searfoss,Kasandra,Hilliard,Wendy,Searfoss,Gerardo
Searfoss,Tyree,Hilliard,Wendy,Searfoss,Gerardo
Searfoss,Aleasha,Hilliard,Wendy,Searfoss,Gerardo
Searfoss,Saxon,Hilliard,Wendy,Searfoss,Gerardo
Searfoss,Kady,Hilliard,Wendy,Searfoss,Gerardo
Searfoss,Johnathan,Hilliard,Wendy,Searfoss,Gerardo
Searfoss,Savana,Hilliard,Wendy,Searfoss,Gerardo
Searfoss,Yash,Hilliard,Wendy,Searfoss,Gerardo
Searfoss,Jordyn,Hilliard,Wendy,Searfoss,Gerardo
Searfoss,Reid,Hilliard,Wendy,Searfoss,Gerardo
Searfoss,Haleigh,Hilliard,Wendy,Searfoss,Gerardo
Searfoss,Devonte,Hilliard,Wendy,Searfoss,Gerardo
Searfoss,Guadalupe,Hilliard,Wendy,Searfoss,Gerardo
Searfoss,Connor,Hilliard,Wendy,Searfoss,Gerardo
Searfoss,Tierra,Hilliard,Wendy,Searfoss,Gerardo
Searfoss,Cole,Hilliard,Mary,Searfoss,Wyatt
Searfoss,Anastasia,Hilliard,Wendy,Searfoss,Gerardo
Searfoss,Xzavier,Hilliard,Mary,Searfoss,Wyatt
Searfoss,Magdalena,Hilliard,Mary,Searfoss,Wyatt
Searfoss,Jair,Hilliard,Mary,Searfoss,Wyatt
Searfoss,Raven,Hilliard,Mary,Searfoss,Wyatt
Searfoss,Kyle,Archambault,Anthony,Searfoss,Dontae
Searfoss,Whitney,Hilliard,Mary,Searfoss,Wyatt
Searfoss,Lionel,Archambault,Anthony,Searfoss,Dontae
Searfoss,Tammy,Archambault,Anthony,Searfoss,Dontae
Searfoss,Ashton,Archambault,Anthony,Searfoss,Dontae
Searfoss,Carina,Archambault,Anthony,Searfoss,Dontae
Searfoss,Javion,Archambault,Anthony,Searfoss,Dontae
Searfoss,Carmelita,Archambault,Anthony,Searfoss,Dontae
Searfoss,Grayson,Archambault,Anthony,Searfoss,Dontae
Searfoss,Rhiannon,Archambault,Anthony,Searfoss,Dontae
Searfoss,Melvin,Archambault,Anthony,Searfoss,Dontae
Searfoss,Shakia,Archambault,Anthony,Searfoss,Dontae
Caldwell,Richie,Archambault,Holland,Caldwell,Bretton
Caldwell,Aaliyah,Archambault,Holland,Caldwell,Bretton
Caldwell,Francesco,Archambault,Holland,Caldwell,Bretton
Caldwell,Ashlyn,Archambault,Holland,Caldwell,Bretton
Caldwell,Rand,Archambault,Holland,Caldwell,Bretton
Caldwell,Elsa,Archambault,Holland,Caldwell,Bretton
Caldwell,Eduardo,Archambault,Holland,Caldwell,Bretton
Caldwell,Vanessa,Archambault,Holland,Caldwell,Bretton
Caldwell,Bruce,Creamer,Johanna,Caldwell,Elliot
Caldwell,Julia,Creamer,Johanna,Caldwell,Elliot
Caldwell,Ashton,Creamer,Johanna,Caldwell,Elliot
Caldwell,Ladaysha,Creamer,Johanna,Caldwell,Elliot
Caldwell,Jonathan,Creamer,Johanna,Caldwell,Elliot
Caldwell,Francisca,Creamer,Johanna,Caldwell,Elliot
Caldwell,Osvaldo,Creamer,Johanna,Caldwell,Elliot
Caldwell,Callan,Creamer,Johanna,Caldwell,Elliot
Caldwell,San,Creamer,Noah,Caldwell,Joshua
Caldwell,Cheyanna,Creamer,Johanna,Caldwell,Elliot
Caldwell,Nicolas,Creamer,Noah,Caldwell,Joshua
Caldwell,Jabria,Creamer,Johanna,Caldwell,Elliot
Caldwell,Justice,Creamer,Noah,Caldwell,Joshua
Caldwell,Tiffanie,Creamer,Johanna,Caldwell,Elliot
Caldwell,Harold,Creamer,Noah,Caldwell,Joshua
Caldwell,Anahi,Creamer,Noah,Caldwell,Joshua
Caldwell,Fabian,Creamer,Noah,Caldwell,Joshua
Caldwell,Ashanti,Creamer,Noah,Caldwell,Joshua
Caldwell,Brendan,Creamer,Noah,Caldwell,Joshua
Caldwell,Brynn,Creamer,Noah,Caldwell,Joshua
Caldwell,Taylor,Creamer,Noah,Caldwell,Joshua
Caldwell,Krystle,Creamer,Noah,Caldwell,Joshua
Caldwell,Jeb,Creamer,Noah,Caldwell,Joshua
Caldwell,Merissa,Creamer,Noah,Caldwell,Joshua
Caldwell,Jace,Creamer,Noah,Caldwell,Joshua
Caldwell,Jennie,Creamer,Sophia,Caldwell,Sheldon
Caldwell,Lorenzo,Creamer,Sophia,Caldwell,Sheldon
Caldwell,Mariana,Creamer,Sophia,Caldwell,Sheldon
Caldwell,Cody,Creamer,Sophia,Caldwell,Sheldon
Caldwell,Mileena,Creamer,Sophia,Caldwell,Sheldon
Caldwell,Dallas,Creamer,Sophia,Caldwell,Sheldon
Caldwell,Kelli,Creamer,Sophia,Caldwell,Sheldon
Caldwell,Quintyn,Creamer,Sophia,Caldwell,Sheldon
Caldwell,Mikhaila,Creamer,Barbara,Caldwell,Donte
Caldwell,Demonte,Creamer,Sophia,Caldwell,Sheldon
Caldwell,Tia,Creamer,Malina,Caldwell,Colby
Caldwell,Dexter,Creamer,Sophia,Caldwell,Sheldon
Caldwell,Britney,Creamer,Malina,Caldwell,Colby
Caldwell,Stephen,Creamer,Sophia,Caldwell,Sheldon
Caldwell,Lydia,Creamer,Malina,Caldwell,Colby
Caldwell,Lawrence,Creamer,Sophia,Caldwell,Sheldon
Caldwell,Lily,Creamer,Malina,Caldwell,Colby
Caldwell,Khalid,Creamer,Sophia,Caldwell,Sheldon
Caldwell,Destiny,Creamer,Malina,Caldwell,Colby
Caldwell,Jeffery,Creamer,Sophia,Caldwell,Sheldon
Caldwell,Alexandria,Creamer,Malina,Caldwell,Colby
Caldwell,Deric,Creamer,Sophia,Caldwell,Sheldon
Caldwell,Diamond,Creamer,Malina,Caldwell,Colby
Caldwell,Devontae,Creamer,Sophia,Caldwell,Sheldon
Caldwell,Maribel,Creamer,Malina,Caldwell,Colby
Caldwell,Stephanie,Creamer,Sophia,Caldwell,Sheldon
Caldwell,Ashleigh,Creamer,Malina,Caldwell,Colby
Caldwell,Lance,Creamer,Barbara,Caldwell,Donte
Caldwell,Tawny,Creamer,Alena,Caldwell,Deshaun
Caldwell,David,Creamer,Barbara,Caldwell,Donte
Caldwell,Christine,Creamer,Alena,Caldwell,Deshaun
Caldwell,Isaac,Creamer,Malina,Caldwell,Colby
Caldwell,Janna,Creamer,Alena,Caldwell,Deshaun
