Fossum,Delonta,Coolidge,Yasmine,Fossum,Maximilian
Nelson,Lynda,Aldrin,Alysha,Nelson,Izaiah
Hieb,Sydney,Irwin,Nadia,Hieb,Sawyer
Caldeiro,Alessandra,Fossum,Jessie,Caldeiro,Conrad
Currie,Slaten,Gibson,Natalia,Currie,Nolan
Beering,Ryann,Harding,Kaya,Beering,Landin
Taylor,Enoch,Altman,Shiloh,Taylor,Gerardo
Kelly,Esmeralda,Engle,Cayla,Kelly,Ronnie
See,Shane,Hieb,Brianne,See,Ever
McCulley,Anaya,Henricks,Kristie,McCulley,Gannon
Ford,Nick,Loria,Lucia,Ford,Amir
Reisman,Ebony,Gibson,Adele,Reisman,Dashane
Moore,Sheldon,Ashby,Annie,Moore,Shelby
Cockrell,Veronica,Massimino,Kaci,Cockrell,Draven
Bloomfield,Arnold,Bloomfield,Keosha,Bloomfield,Stevan
Monroe,Halie,Cutter,Ana,Monroe,Britt
Sullivan,Diondre,Searfoss,Paris,Sullivan,Wesley
Hawley,Alannah,Massimino,Jazmin,Hawley,Jarod
Linnehan,Francesco,Loria,Dominique,Linnehan,Rafael
Wisoff,Marycather,Deardorff,Blake,Wisoff,Felix
Fossum,Dyllon,Nelson,Lynda,Fossum,Delonta
Grinch,Klarisa,Thornton,Elexus,Grinch,Nadav
Fossum,Marquis,Nelson,Lynda,Fossum,Delonta
Gordon,Jaimie,Chiao,Delanie,Gordon,Gustavo
Fossum,Keenan,Nelson,Lynda,Fossum,Delonta
Cleveland,Maisie,Gorie,Shiane,Cleveland,Isaac
Fossum,Colbey,Nelson,Lynda,Fossum,Delonta
Gernhardt,Ciara,Zamka,Shaniah,Gernhardt,Terron
Fossum,Jameson,Nelson,Lynda,Fossum,Delonta
Herrington,Celina,McArthur,Mikyla,Herrington,Russell
Fossum,Demarco,Nelson,Lynda,Fossum,Delonta
Cooper,Shiane,Henize,Kandice,Cooper,Jasper
Fossum,Kyle,Nelson,Lynda,Fossum,Delonta
Altman,Esperanza,Grunsfeld,Anthony,Altman,Armani
Fossum,Osvaldo,Nelson,Lynda,Fossum,Delonta
Oefelein,Destiny,Ochoa,Lexi,Oefelein,Gannon
Fossum,Vernon,Nelson,Lynda,Fossum,Delonta
Weber,Mandy,Polansky,Mackenzie,Weber,Luke
Fossum,Idris,Nelson,Lynda,Fossum,Delonta
Hudson,Tawny,Carey,Jada,Hudson,Jeremey
Fossum,Collin,Nelson,Lynda,Fossum,Delonta
Fossum,Destiny,Nelson,Lynda,Fossum,Delonta
Fossum,Tyquan,Nelson,Lynda,Fossum,Delonta
Fossum,Monika,Nelson,Lynda,Fossum,Delonta
Fossum,Julian,Nelson,Lynda,Fossum,Delonta
Fossum,Dajah,Nelson,Lynda,Fossum,Delonta
Fossum,Dontae,Nelson,Lynda,Fossum,Delonta
Fossum,Destiney,Nelson,Lynda,Fossum,Delonta
Fossum,Earl,Nelson,Lynda,Fossum,Delonta
Fossum,Kayley,Nelson,Lynda,Fossum,Delonta
Hieb,Nathan,Caldeiro,Alessandra,Hieb,Sydney
Hieb,Maranda,Caldeiro,Alessandra,Hieb,Sydney
Hieb,Paul,Caldeiro,Alessandra,Hieb,Sydney
Hieb,Devon,Caldeiro,Alessandra,Hieb,Sydney
Hieb,Hakeem,Caldeiro,Alessandra,Hieb,Sydney
Hieb,Michelle,Caldeiro,Alessandra,Hieb,Sydney
Currie,Taquan,Beering,Ryann,Currie,Slaten
Hieb,Johnna,Caldeiro,Alessandra,Hieb,Sydney
Currie,Maxwell,Beering,Ryann,Currie,Slaten
Currie,Kaylah,Beering,Ryann,Currie,Slaten
Currie,Harrison,Beering,Ryann,Currie,Slaten
Currie,Kirstin,Beering,Ryann,Currie,Slaten
Currie,Orion,Beering,Ryann,Currie,Slaten
Currie,Asha,Beering,Ryann,Currie,Slaten
Taylor,Chaim,Kelly,Esmeralda,Taylor,Enoch
Currie,Heidi,Beering,Ryann,Currie,Slaten
See,Javier,McCulley,Anaya,See,Shane
Currie,Nancy,Beering,Ryann,Currie,Slaten
See,Reynaldo,McCulley,Anaya,See,Shane
Currie,Marlena,Beering,Ryann,Currie,Slaten
See,Cameron,McCulley,Anaya,See,Shane
Currie,Adele,Beering,Ryann,Currie,Slaten
Ford,Tucker,Reisman,Ebony,Ford,Nick
Taylor,Mona,Kelly,Esmeralda,Taylor,Enoch
Ford,Shea,Reisman,Ebony,Ford,Nick
Taylor,Hope,Kelly,Esmeralda,Taylor,Enoch
Ford,Hassan,Reisman,Ebony,Ford,Nick
See,Chelsie,McCulley,Anaya,See,Shane
Ford,Jarvis,Reisman,Ebony,Ford,Nick
See,Christa,McCulley,Anaya,See,Shane
Ford,Cecil,Reisman,Ebony,Ford,Nick
See,Savana,McCulley,Anaya,See,Shane
Ford,Jairus,Reisman,Ebony,Ford,Nick
See,Jade,McCulley,Anaya,See,Shane
Moore,Jaime,Cockrell,Veronica,Moore,Sheldon
See,Elyse,McCulley,Anaya,See,Shane
Moore,Francesco,Cockrell,Veronica,Moore,Sheldon
See,Yessenia,McCulley,Anaya,See,Shane
Moore,Hiram,Cockrell,Veronica,Moore,Sheldon
See,Bobbie,McCulley,Anaya,See,Shane
Moore,Javon,Cockrell,Veronica,Moore,Sheldon
Ford,Bryn,Reisman,Ebony,Ford,Nick
Moore,Franklin,Cockrell,Veronica,Moore,Sheldon
Ford,Viviana,Reisman,Ebony,Ford,Nick
Moore,Adalberto,Cockrell,Veronica,Moore,Sheldon
Moore,Presley,Cockrell,Veronica,Moore,Sheldon
Moore,Dylan,Cockrell,Veronica,Moore,Sheldon
Moore,Taryn,Cockrell,Veronica,Moore,Sheldon
Moore,Estevan,Cockrell,Veronica,Moore,Sheldon
Moore,Jill,Cockrell,Veronica,Moore,Sheldon
Moore,Caden,Cockrell,Veronica,Moore,Sheldon
Moore,Lena,Cockrell,Veronica,Moore,Sheldon
Moore,Richie,Cockrell,Veronica,Moore,Sheldon
Moore,Naomi,Cockrell,Veronica,Moore,Sheldon
Bloomfield,August,Monroe,Halie,Bloomfield,Arnold
Moore,Anabel,Cockrell,Veronica,Moore,Sheldon
Bloomfield,Cristian,Monroe,Halie,Bloomfield,Arnold
Moore,Tyra,Cockrell,Veronica,Moore,Sheldon
Bloomfield,Deric,Monroe,Halie,Bloomfield,Arnold
Moore,Mykayla,Cockrell,Veronica,Moore,Sheldon
Bloomfield,Jairo,Monroe,Halie,Bloomfield,Arnold
Moore,Mollie,Cockrell,Veronica,Moore,Sheldon
Bloomfield,Miles,Monroe,Halie,Bloomfield,Arnold
Moore,Makenzi,Cockrell,Veronica,Moore,Sheldon
Bloomfield,Larry,Monroe,Halie,Bloomfield,Arnold
Bloomfield,Paola,Monroe,Halie,Bloomfield,Arnold
Sullivan,Liam,Hawley,Alannah,Sullivan,Diondre
Bloomfield,Mckayla,Monroe,Halie,Bloomfield,Arnold
Sullivan,Lukas,Hawley,Alannah,Sullivan,Diondre
Bloomfield,Brandi,Monroe,Halie,Bloomfield,Arnold
Sullivan,Kendall,Hawley,Alannah,Sullivan,Diondre
Bloomfield,Shiloh,Monroe,Halie,Bloomfield,Arnold
Sullivan,Anfernee,Hawley,Alannah,Sullivan,Diondre
Sullivan,Camila,Hawley,Alannah,Sullivan,Diondre
Sullivan,Joshua,Hawley,Alannah,Sullivan,Diondre
Sullivan,Chana,Hawley,Alannah,Sullivan,Diondre
Linnehan,Austyn,Wisoff,Marycather,Linnehan,Francesco
Sullivan,Tierney,Hawley,Alannah,Sullivan,Diondre
Linnehan,Mateo,Wisoff,Marycather,Linnehan,Francesco
Sullivan,Klee,Hawley,Alannah,Sullivan,Diondre
Linnehan,Javier,Wisoff,Marycather,Linnehan,Francesco
Sullivan,Vianey,Hawley,Alannah,Sullivan,Diondre
Linnehan,Jalen,Wisoff,Marycather,Linnehan,Francesco
Sullivan,Maria,Hawley,Alannah,Sullivan,Diondre
Linnehan,Christen,Wisoff,Marycather,Linnehan,Francesco
Sullivan,Geraldine,Hawley,Alannah,Sullivan,Diondre
Linnehan,Javen,Wisoff,Marycather,Linnehan,Francesco
Linnehan,Katrina,Wisoff,Marycather,Linnehan,Francesco
Linnehan,Trentin,Wisoff,Marycather,Linnehan,Francesco
Linnehan,Breanna,Wisoff,Marycather,Linnehan,Francesco
Linnehan,Fredy,Wisoff,Marycather,Linnehan,Francesco
Linnehan,Yasmin,Wisoff,Marycather,Linnehan,Francesco
Linnehan,Enrique,Wisoff,Marycather,Linnehan,Francesco
Linnehan,Peyton,Wisoff,Marycather,Linnehan,Francesco
Linnehan,Wilmer,Wisoff,Marycather,Linnehan,Francesco
Linnehan,Ciarra,Wisoff,Marycather,Linnehan,Francesco
Linnehan,Wanya,Wisoff,Marycather,Linnehan,Francesco
Linnehan,Alannah,Wisoff,Marycather,Linnehan,Francesco
Fossum,Lars,Grinch,Klarisa,Fossum,Dyllon
Fossum,Kallee,Gordon,Jaimie,Fossum,Marquis
Fossum,Cesar,Grinch,Klarisa,Fossum,Dyllon
Fossum,Marisol,Gordon,Jaimie,Fossum,Marquis
Fossum,Trevon,Grinch,Klarisa,Fossum,Dyllon
Fossum,Ebony,Gordon,Jaimie,Fossum,Marquis
Fossum,Jamari,Grinch,Klarisa,Fossum,Dyllon
Fossum,Shelbi,Gordon,Jaimie,Fossum,Marquis
Fossum,Wanya,Grinch,Klarisa,Fossum,Dyllon
Fossum,Shaye,Gordon,Jaimie,Fossum,Marquis
Fossum,Demonte,Gordon,Jaimie,Fossum,Marquis
Fossum,Bree,Gordon,Jaimie,Fossum,Marquis
Fossum,Willie,Gordon,Jaimie,Fossum,Marquis
Fossum,Roxanne,Cleveland,Maisie,Fossum,Keenan
Fossum,Joshua,Gordon,Jaimie,Fossum,Marquis
Fossum,Ida,Cleveland,Maisie,Fossum,Keenan
Fossum,Tad,Gordon,Jaimie,Fossum,Marquis
Fossum,Clair,Cleveland,Maisie,Fossum,Keenan
Fossum,Landen,Cleveland,Maisie,Fossum,Keenan
Fossum,Janessa,Cleveland,Maisie,Fossum,Keenan
Fossum,Josiah,Cleveland,Maisie,Fossum,Keenan
Fossum,Shelly,Cleveland,Maisie,Fossum,Keenan
Fossum,Cade,Cleveland,Maisie,Fossum,Keenan
Fossum,Vivian,Cleveland,Maisie,Fossum,Keenan
Fossum,Ashton,Cleveland,Maisie,Fossum,Keenan
Fossum,Lesley,Cleveland,Maisie,Fossum,Keenan
Fossum,Brock,Cleveland,Maisie,Fossum,Keenan
Fossum,Kalee,Cleveland,Maisie,Fossum,Keenan
Fossum,Deonte,Cleveland,Maisie,Fossum,Keenan
Fossum,Jessa,Gernhardt,Ciara,Fossum,Colbey
Fossum,Carson,Cleveland,Maisie,Fossum,Keenan
Fossum,Sarina,Gernhardt,Ciara,Fossum,Colbey
Fossum,Kegan,Cleveland,Maisie,Fossum,Keenan
Fossum,Marcela,Gernhardt,Ciara,Fossum,Colbey
Fossum,Sheldon,Cleveland,Maisie,Fossum,Keenan
Fossum,Elisabeth,Gernhardt,Ciara,Fossum,Colbey
Fossum,Davis,Cleveland,Maisie,Fossum,Keenan
Fossum,Bertha,Herrington,Celina,Fossum,Jameson
Fossum,Blake,Gernhardt,Ciara,Fossum,Colbey
Fossum,Sapphire,Herrington,Celina,Fossum,Jameson
Fossum,Trenton,Gernhardt,Ciara,Fossum,Colbey
Fossum,Kaci,Herrington,Celina,Fossum,Jameson
Fossum,Tylar,Gernhardt,Ciara,Fossum,Colbey
Fossum,Shania,Herrington,Celina,Fossum,Jameson
Fossum,Gage,Gernhardt,Ciara,Fossum,Colbey
Fossum,Micayla,Herrington,Celina,Fossum,Jameson
Fossum,Neal,Gernhardt,Ciara,Fossum,Colbey
Fossum,Astrid,Herrington,Celina,Fossum,Jameson
Fossum,Rashaun,Gernhardt,Ciara,Fossum,Colbey
Fossum,Mireya,Herrington,Celina,Fossum,Jameson
Fossum,Tommy,Gernhardt,Ciara,Fossum,Colbey
Fossum,Sheridan,Herrington,Celina,Fossum,Jameson
Fossum,Frederick,Gernhardt,Ciara,Fossum,Colbey
Fossum,Meaghan,Herrington,Celina,Fossum,Jameson
Fossum,Marshall,Gernhardt,Ciara,Fossum,Colbey
Fossum,Riley,Cooper,Shiane,Fossum,Demarco
Fossum,Denver,Gernhardt,Ciara,Fossum,Colbey
Fossum,Makena,Cooper,Shiane,Fossum,Demarco
Fossum,Zakery,Gernhardt,Ciara,Fossum,Colbey
Fossum,Kristy,Cooper,Shiane,Fossum,Demarco
Fossum,Buford,Gernhardt,Ciara,Fossum,Colbey
Fossum,Jessica,Cooper,Shiane,Fossum,Demarco
Fossum,Jarred,Gernhardt,Ciara,Fossum,Colbey
Fossum,Carmen,Cooper,Shiane,Fossum,Demarco
Fossum,Michal,Herrington,Celina,Fossum,Jameson
Fossum,Jennie,Cooper,Shiane,Fossum,Demarco
Fossum,Mike,Herrington,Celina,Fossum,Jameson
Fossum,Isabelle,Cooper,Shiane,Fossum,Demarco
Fossum,Jajuan,Herrington,Celina,Fossum,Jameson
Fossum,Micaela,Altman,Esperanza,Fossum,Kyle
Fossum,Stephon,Herrington,Celina,Fossum,Jameson
Fossum,Brigid,Altman,Esperanza,Fossum,Kyle
Fossum,Kirk,Herrington,Celina,Fossum,Jameson
Fossum,Misty,Altman,Esperanza,Fossum,Kyle
Fossum,Cristopher,Herrington,Celina,Fossum,Jameson
Fossum,Skye,Altman,Esperanza,Fossum,Kyle
Fossum,Ben,Herrington,Celina,Fossum,Jameson
Fossum,Mattea,Altman,Esperanza,Fossum,Kyle
Fossum,Derick,Herrington,Celina,Fossum,Jameson
Fossum,Kelsy,Altman,Esperanza,Fossum,Kyle
Fossum,Reginald,Herrington,Celina,Fossum,Jameson
Fossum,Brigitte,Altman,Esperanza,Fossum,Kyle
Fossum,Aiden,Herrington,Celina,Fossum,Jameson
Fossum,Haley,Oefelein,Destiny,Fossum,Osvaldo
Fossum,Michel,Cooper,Shiane,Fossum,Demarco
Fossum,Jenae,Oefelein,Destiny,Fossum,Osvaldo
Fossum,Levi,Cooper,Shiane,Fossum,Demarco
Fossum,Kathryn,Oefelein,Destiny,Fossum,Osvaldo
Fossum,Adan,Cooper,Shiane,Fossum,Demarco
Fossum,Tamra,Weber,Mandy,Fossum,Vernon
Fossum,Peyton,Altman,Esperanza,Fossum,Kyle
Fossum,Jordan,Weber,Mandy,Fossum,Vernon
Fossum,Jake,Altman,Esperanza,Fossum,Kyle
Fossum,Anna,Weber,Mandy,Fossum,Vernon
Fossum,Francisco,Altman,Esperanza,Fossum,Kyle
Fossum,Bria,Weber,Mandy,Fossum,Vernon
Fossum,Alan,Altman,Esperanza,Fossum,Kyle
Fossum,Jesslyn,Weber,Mandy,Fossum,Vernon
Fossum,Hakeem,Altman,Esperanza,Fossum,Kyle
Fossum,Alayna,Weber,Mandy,Fossum,Vernon
Fossum,Kelton,Altman,Esperanza,Fossum,Kyle
Fossum,Maureen,Hudson,Tawny,Fossum,Idris
Fossum,Mark,Oefelein,Destiny,Fossum,Osvaldo
Fossum,Leandra,Hudson,Tawny,Fossum,Idris
Fossum,Giovanni,Oefelein,Destiny,Fossum,Osvaldo
Fossum,Emilie,Hudson,Tawny,Fossum,Idris
Fossum,Cristian,Oefelein,Destiny,Fossum,Osvaldo
Fossum,Nadine,Hudson,Tawny,Fossum,Idris
Fossum,Elvin,Weber,Mandy,Fossum,Vernon
Fossum,Kyla,Hudson,Tawny,Fossum,Idris
Fossum,Alexander,Weber,Mandy,Fossum,Vernon
Fossum,Marcia,Hudson,Tawny,Fossum,Idris
Fossum,Bryan,Hudson,Tawny,Fossum,Idris
Fossum,Lila,Hudson,Tawny,Fossum,Idris
Fossum,Scott,Hudson,Tawny,Fossum,Idris
Fossum,Justina,Hudson,Tawny,Fossum,Idris
Fossum,Tyler,Hudson,Tawny,Fossum,Idris
Fossum,Dayana,Hudson,Tawny,Fossum,Idris
Fossum,Derek,Hudson,Tawny,Fossum,Idris
Fossum,Lea,Hudson,Tawny,Fossum,Idris
Fossum,Sterling,Hieb,Maranda,Fossum,Collin
Fossum,Julissa,Hieb,Maranda,Fossum,Collin
Fossum,Wyatt,Hieb,Maranda,Fossum,Collin
Fossum,Kaylie,Hieb,Maranda,Fossum,Collin
Fossum,Pedro,Hieb,Maranda,Fossum,Collin
Fossum,Marlena,Hieb,Maranda,Fossum,Collin
Fossum,Alvin,Hieb,Maranda,Fossum,Collin
Fossum,Rocio,Hieb,Maranda,Fossum,Collin
Fossum,Alonso,Hieb,Maranda,Fossum,Collin
Fossum,Natalee,Hieb,Maranda,Fossum,Collin
Fossum,Hassan,Hieb,Maranda,Fossum,Collin
Fossum,Lucy,Hieb,Maranda,Fossum,Collin
Fossum,Marcus,Hieb,Maranda,Fossum,Collin
Fossum,Jada,Hieb,Maranda,Fossum,Collin
Fossum,Royce,Hieb,Maranda,Fossum,Collin
Fossum,Tory,Hieb,Maranda,Fossum,Collin
Fossum,Yvan,Hieb,Devon,Fossum,Tyquan
Fossum,Arlene,Hieb,Maranda,Fossum,Collin
Fossum,Brennen,Hieb,Michelle,Fossum,Julian
Fossum,Heaven,Hieb,Maranda,Fossum,Collin
Fossum,Patric,Hieb,Michelle,Fossum,Julian
Fossum,Malinda,Hieb,Devon,Fossum,Tyquan
Fossum,Jeramie,Hieb,Michelle,Fossum,Julian
Fossum,Jazmon,Hieb,Devon,Fossum,Tyquan
Fossum,Davon,Hieb,Michelle,Fossum,Julian
Fossum,Dixie,Hieb,Michelle,Fossum,Julian
Fossum,Raul,Hieb,Michelle,Fossum,Julian
Fossum,Allegra,Hieb,Michelle,Fossum,Julian
Fossum,Andy,Hieb,Johnna,Fossum,Dontae
Fossum,Jaclyn,Hieb,Michelle,Fossum,Julian
Fossum,Ramiro,Hieb,Johnna,Fossum,Dontae
Fossum,Makenzie,Hieb,Michelle,Fossum,Julian
Fossum,Cole,Hieb,Johnna,Fossum,Dontae
Fossum,Carina,Hieb,Michelle,Fossum,Julian
Fossum,Yuri,Hieb,Johnna,Fossum,Dontae
Fossum,Blaine,Hieb,Michelle,Fossum,Julian
Fossum,Gordon,Hieb,Johnna,Fossum,Dontae
Fossum,Mykayla,Hieb,Michelle,Fossum,Julian
Fossum,Diego,Hieb,Johnna,Fossum,Dontae
Fossum,Bayleigh,Hieb,Michelle,Fossum,Julian
Fossum,Billy,Hieb,Johnna,Fossum,Dontae
Fossum,Emilia,Hieb,Johnna,Fossum,Dontae
Fossum,Jairo,Hieb,Johnna,Fossum,Dontae
Fossum,Keosha,Hieb,Johnna,Fossum,Dontae
Fossum,Frank,Hieb,Johnna,Fossum,Dontae
Fossum,Rita,Hieb,Johnna,Fossum,Dontae
Fossum,Valentin,Hieb,Johnna,Fossum,Dontae
Fossum,Briana,Hieb,Johnna,Fossum,Dontae
Fossum,Treshaun,Hieb,Johnna,Fossum,Dontae
Fossum,Kyra,Hieb,Johnna,Fossum,Dontae
Fossum,Niko,Currie,Kaylah,Fossum,Earl
Fossum,Makala,Hieb,Johnna,Fossum,Dontae
Hieb,Trevin,Fossum,Destiny,Hieb,Nathan
Fossum,Chastity,Hieb,Johnna,Fossum,Dontae
Hieb,Enrique,Fossum,Destiny,Hieb,Nathan
Fossum,Hana,Currie,Kaylah,Fossum,Earl
Hieb,Elias,Fossum,Monika,Hieb,Paul
Fossum,Carlye,Currie,Kaylah,Fossum,Earl
Hieb,Savion,Fossum,Monika,Hieb,Paul
Fossum,Sophie,Currie,Kaylah,Fossum,Earl
Hieb,Rasheed,Fossum,Monika,Hieb,Paul
Fossum,Jewel,Currie,Kaylah,Fossum,Earl
Hieb,Ramiro,Fossum,Monika,Hieb,Paul
Fossum,Arielle,Currie,Kaylah,Fossum,Earl
Hieb,Nigel,Fossum,Monika,Hieb,Paul
Hieb,Kiera,Fossum,Destiny,Hieb,Nathan
Hieb,Connor,Fossum,Monika,Hieb,Paul
Hieb,Sonya,Fossum,Destiny,Hieb,Nathan
Hieb,Adonis,Fossum,Monika,Hieb,Paul
Hieb,Deanne,Fossum,Destiny,Hieb,Nathan
Hieb,Anders,Fossum,Monika,Hieb,Paul
Hieb,Maire,Fossum,Destiny,Hieb,Nathan
Hieb,Tyren,Fossum,Monika,Hieb,Paul
Hieb,Mackenna,Fossum,Monika,Hieb,Paul
Hieb,Josie,Fossum,Monika,Hieb,Paul
Hieb,Ayanna,Fossum,Monika,Hieb,Paul
Hieb,Mohamad,Fossum,Dajah,Hieb,Hakeem
Hieb,Tory,Fossum,Monika,Hieb,Paul
Hieb,Wayne,Fossum,Dajah,Hieb,Hakeem
Hieb,Maia,Fossum,Monika,Hieb,Paul
Hieb,Terron,Fossum,Dajah,Hieb,Hakeem
Hieb,Elizabeth,Fossum,Monika,Hieb,Paul
Currie,Dustin,Fossum,Destiney,Currie,Taquan
Hieb,Dajah,Fossum,Monika,Hieb,Paul
Currie,Tristan,Fossum,Destiney,Currie,Taquan
Hieb,Alani,Fossum,Monika,Hieb,Paul
Currie,Douglas,Fossum,Destiney,Currie,Taquan
Hieb,Connie,Fossum,Monika,Hieb,Paul
Currie,Walker,Fossum,Destiney,Currie,Taquan
Hieb,Maxine,Fossum,Monika,Hieb,Paul
Currie,Cecil,Fossum,Destiney,Currie,Taquan
Hieb,Alycia,Fossum,Dajah,Hieb,Hakeem
Currie,Ibrahim,Fossum,Destiney,Currie,Taquan
Hieb,Queen,Fossum,Dajah,Hieb,Hakeem
Currie,Russell,Fossum,Kayley,Currie,Maxwell
Hieb,Kacey,Fossum,Dajah,Hieb,Hakeem
Currie,Kenny,Taylor,Mona,Currie,Harrison
Hieb,Julia,Fossum,Dajah,Hieb,Hakeem
Currie,Milton,Taylor,Mona,Currie,Harrison
Hieb,Myra,Fossum,Dajah,Hieb,Hakeem
Currie,Mohamed,Taylor,Mona,Currie,Harrison
Currie,Veronica,Fossum,Destiney,Currie,Taquan
Currie,Keifer,Taylor,Mona,Currie,Harrison
Currie,Priscilla,Fossum,Destiney,Currie,Taquan
Currie,Dane,Taylor,Mona,Currie,Harrison
Currie,Lillie,Fossum,Destiney,Currie,Taquan
Currie,Jaleel,Taylor,Mona,Currie,Harrison
Currie,Michal,Fossum,Destiney,Currie,Taquan
Currie,Deante,Taylor,Mona,Currie,Harrison
Currie,Jaymie,Fossum,Destiney,Currie,Taquan
Currie,Felix,Taylor,Hope,Currie,Orion
Currie,Corina,Fossum,Destiney,Currie,Taquan
Currie,Marcanthon,Taylor,Hope,Currie,Orion
Currie,Nakia,Fossum,Destiney,Currie,Taquan
Taylor,Ishmael,Currie,Kirstin,Taylor,Chaim
Currie,Kelli,Fossum,Destiney,Currie,Taquan
Taylor,Daxton,Currie,Kirstin,Taylor,Chaim
Currie,Maya,Fossum,Destiney,Currie,Taquan
Taylor,Calib,Currie,Kirstin,Taylor,Chaim
Currie,Kierstin,Fossum,Destiney,Currie,Taquan
See,Caleb,Currie,Asha,See,Javier
Currie,Tyeisha,Fossum,Destiney,Currie,Taquan
See,Bryce,Currie,Asha,See,Javier
Currie,Marisol,Fossum,Kayley,Currie,Maxwell
See,Javen,Currie,Asha,See,Javier
Currie,Teagan,Fossum,Kayley,Currie,Maxwell
See,Melvin,Currie,Asha,See,Javier
Currie,Kira,Taylor,Mona,Currie,Harrison
See,Elias,Currie,Asha,See,Javier
Currie,Malina,Taylor,Mona,Currie,Harrison
See,Denver,Currie,Heidi,See,Reynaldo
Currie,Milena,Taylor,Mona,Currie,Harrison
See,Caden,Currie,Heidi,See,Reynaldo
Currie,Aleah,Taylor,Mona,Currie,Harrison
See,Quinton,Currie,Heidi,See,Reynaldo
Currie,Savanah,Taylor,Mona,Currie,Harrison
See,Marcos,Currie,Heidi,See,Reynaldo
Currie,Deisy,Taylor,Mona,Currie,Harrison
See,Javonte,Currie,Heidi,See,Reynaldo
Currie,Aliyah,Taylor,Mona,Currie,Harrison
See,Curtis,Currie,Heidi,See,Reynaldo
Currie,Esperanza,Taylor,Mona,Currie,Harrison
See,Marquise,Currie,Nancy,See,Cameron
Currie,Suzette,Taylor,Mona,Currie,Harrison
See,Eric,Currie,Nancy,See,Cameron
Currie,Yvette,Taylor,Hope,Currie,Orion
Ford,Glenn,Currie,Marlena,Ford,Tucker
Currie,Lexi,Taylor,Hope,Currie,Orion
Ford,Alonzo,Currie,Marlena,Ford,Tucker
Currie,Anjelica,Taylor,Hope,Currie,Orion
Ford,Chris,Currie,Adele,Ford,Shea
Currie,Jazmine,Taylor,Hope,Currie,Orion
Ford,Alan,Currie,Adele,Ford,Shea
Currie,Isamar,Taylor,Hope,Currie,Orion
Ford,Heriberto,Currie,Adele,Ford,Shea
Taylor,Xena,Currie,Kirstin,Taylor,Chaim
Ford,Josie,Currie,Adele,Ford,Shea
Taylor,Georgia,Currie,Kirstin,Taylor,Chaim
Ford,Rahim,See,Chelsie,Ford,Hassan
See,Tehya,Currie,Asha,See,Javier
Ford,Michael,See,Chelsie,Ford,Hassan
See,Adrian,Currie,Asha,See,Javier
Ford,Steve,See,Chelsie,Ford,Hassan
See,Janet,Currie,Asha,See,Javier
Ford,Kameron,See,Chelsie,Ford,Hassan
See,Kaylin,Currie,Asha,See,Javier
Ford,Elmer,See,Chelsie,Ford,Hassan
See,Lindsey,Currie,Asha,See,Javier
Ford,Zaire,See,Chelsie,Ford,Hassan
See,Stephanie,Currie,Asha,See,Javier
Ford,Donte,See,Chelsie,Ford,Hassan
See,Kirsten,Currie,Asha,See,Javier
Ford,Kelvin,See,Chelsie,Ford,Hassan
See,Kiersten,Currie,Asha,See,Javier
Ford,Conner,See,Chelsie,Ford,Hassan
See,Jocelyn,Currie,Heidi,See,Reynaldo
Ford,Camron,See,Chelsie,Ford,Hassan
See,Margarita,Currie,Heidi,See,Reynaldo
Ford,Earl,See,Chelsie,Ford,Hassan
See,Chloie,Currie,Heidi,See,Reynaldo
Ford,Frederick,See,Christa,Ford,Jarvis
See,Caitlynn,Currie,Heidi,See,Reynaldo
Ford,Guadalupe,See,Christa,Ford,Jarvis
See,Ashtyn,Currie,Heidi,See,Reynaldo
Ford,Ian,See,Christa,Ford,Jarvis
See,Emma,Currie,Heidi,See,Reynaldo
Ford,Trevin,See,Christa,Ford,Jarvis
See,Karly,Currie,Heidi,See,Reynaldo
Ford,Khalil,See,Christa,Ford,Jarvis
See,Jocelyne,Currie,Nancy,See,Cameron
Ford,Dillon,See,Christa,Ford,Jarvis
See,Dajanae,Currie,Nancy,See,Cameron
Ford,Alonso,See,Christa,Ford,Jarvis
See,Camila,Currie,Nancy,See,Cameron
Ford,Tad,See,Christa,Ford,Jarvis
See,Jamie,Currie,Nancy,See,Cameron
Ford,Erik,See,Savana,Ford,Cecil
See,Kali,Currie,Nancy,See,Cameron
Ford,Dean,See,Savana,Ford,Cecil
Ford,Iesha,Currie,Marlena,Ford,Tucker
Ford,Nour,See,Savana,Ford,Cecil
Ford,Destiana,Currie,Marlena,Ford,Tucker
Ford,Alden,See,Jade,Ford,Jairus
Ford,Kianna,Currie,Marlena,Ford,Tucker
Ford,Nathanael,See,Jade,Ford,Jairus
Ford,Kayley,Currie,Adele,Ford,Shea
Ford,Ezekiel,See,Jade,Ford,Jairus
Ford,Julianna,Currie,Adele,Ford,Shea
Ford,Vernon,See,Jade,Ford,Jairus
Ford,Shanna,Currie,Adele,Ford,Shea
Ford,Marcus,See,Jade,Ford,Jairus
Ford,Danica,See,Chelsie,Ford,Hassan
Moore,Kenny,See,Elyse,Moore,Jaime
Ford,Kaylee,See,Chelsie,Ford,Hassan
Moore,Garrison,See,Elyse,Moore,Jaime
Ford,Viridiana,See,Chelsie,Ford,Hassan
Moore,Arjun,See,Yessenia,Moore,Francesco
Ford,Minnie,See,Chelsie,Ford,Hassan
Moore,Kendrick,See,Yessenia,Moore,Francesco
Ford,Nina,See,Chelsie,Ford,Hassan
Moore,Darrin,See,Yessenia,Moore,Francesco
Ford,Asha,See,Chelsie,Ford,Hassan
Moore,Andres,See,Yessenia,Moore,Francesco
Ford,Nadine,See,Chelsie,Ford,Hassan
Moore,Zaquan,See,Bobbie,Moore,Hiram
Ford,Annabel,See,Chelsie,Ford,Hassan
Moore,Ronny,See,Bobbie,Moore,Hiram
Ford,Savanah,See,Christa,Ford,Jarvis
Moore,Frederic,See,Bobbie,Moore,Hiram
Ford,Selena,See,Christa,Ford,Jarvis
Moore,Agustin,See,Bobbie,Moore,Hiram
Ford,Gilda,See,Christa,Ford,Jarvis
Moore,Keon,See,Bobbie,Moore,Hiram
Ford,Darcie,See,Christa,Ford,Jarvis
Moore,Cade,See,Bobbie,Moore,Hiram
Ford,Dina,See,Christa,Ford,Jarvis
Moore,Charly,See,Bobbie,Moore,Hiram
Ford,Jamie,See,Christa,Ford,Jarvis
Moore,Desmond,Ford,Bryn,Moore,Javon
Ford,Gladys,See,Christa,Ford,Jarvis
Moore,Triston,Ford,Bryn,Moore,Javon
Ford,Myranda,See,Christa,Ford,Jarvis
Moore,Clint,Ford,Bryn,Moore,Javon
Ford,Maura,See,Savana,Ford,Cecil
Moore,Claudio,Ford,Bryn,Moore,Javon
Ford,Lauren,See,Jade,Ford,Jairus
Moore,Colton,Ford,Bryn,Moore,Javon
Ford,Alaina,See,Jade,Ford,Jairus
Moore,Theodore,Ford,Bryn,Moore,Javon
Ford,Catherine,See,Jade,Ford,Jairus
Moore,Nico,Ford,Viviana,Moore,Franklin
Ford,Georgina,See,Jade,Ford,Jairus
Moore,Daryl,Bloomfield,Paola,Moore,Adalberto
Ford,Lily,See,Jade,Ford,Jairus
Moore,Khalil,Bloomfield,Mckayla,Moore,Dylan
Moore,Renee,See,Elyse,Moore,Jaime
Moore,Jovonte,Bloomfield,Mckayla,Moore,Dylan
Moore,Shekinah,See,Yessenia,Moore,Francesco
Moore,Clayton,Bloomfield,Mckayla,Moore,Dylan
Moore,Ravin,See,Yessenia,Moore,Francesco
Moore,Kareem,Bloomfield,Mckayla,Moore,Dylan
Moore,Micaela,See,Yessenia,Moore,Francesco
Moore,Byron,Bloomfield,Mckayla,Moore,Dylan
Moore,Colette,See,Yessenia,Moore,Francesco
Moore,Kahlil,Bloomfield,Mckayla,Moore,Dylan
Moore,Karina,See,Yessenia,Moore,Francesco
Moore,Mathew,Bloomfield,Mckayla,Moore,Dylan
Moore,Marelyn,See,Yessenia,Moore,Francesco
Moore,Brendon,Bloomfield,Mckayla,Moore,Dylan
Moore,Jasmine,See,Yessenia,Moore,Francesco
Moore,Rand,Bloomfield,Mckayla,Moore,Dylan
Moore,Natalya,See,Bobbie,Moore,Hiram
Moore,Tylor,Bloomfield,Mckayla,Moore,Dylan
Moore,Maeghan,See,Bobbie,Moore,Hiram
Moore,Julio,Bloomfield,Mckayla,Moore,Dylan
Moore,Ayesha,See,Bobbie,Moore,Hiram
Moore,Simon,Bloomfield,Brandi,Moore,Estevan
Moore,Shanique,See,Bobbie,Moore,Hiram
Moore,Babyboy,Bloomfield,Brandi,Moore,Estevan
Moore,Darrian,See,Bobbie,Moore,Hiram
Moore,Raequan,Bloomfield,Brandi,Moore,Estevan
Moore,Colleen,See,Bobbie,Moore,Hiram
Moore,Jamel,Bloomfield,Brandi,Moore,Estevan
Moore,Catherine,See,Bobbie,Moore,Hiram
Moore,Cole,Bloomfield,Brandi,Moore,Estevan
Moore,Melody,See,Bobbie,Moore,Hiram
Moore,Niko,Bloomfield,Brandi,Moore,Estevan
Moore,Sarai,See,Bobbie,Moore,Hiram
Moore,Josiah,Bloomfield,Brandi,Moore,Estevan
Moore,Katerina,See,Bobbie,Moore,Hiram
Moore,Cecil,Bloomfield,Brandi,Moore,Estevan
Moore,Makala,Ford,Bryn,Moore,Javon
Moore,Alan,Bloomfield,Brandi,Moore,Estevan
Moore,Katherine,Ford,Bryn,Moore,Javon
Moore,Brannon,Bloomfield,Brandi,Moore,Estevan
Moore,Minnie,Ford,Bryn,Moore,Javon
Moore,Bronson,Bloomfield,Brandi,Moore,Estevan
Moore,Juliana,Ford,Bryn,Moore,Javon
Moore,Quentin,Bloomfield,Brandi,Moore,Estevan
Moore,Dixie,Ford,Viviana,Moore,Franklin
Moore,Branden,Bloomfield,Brandi,Moore,Estevan
Moore,Caitlin,Ford,Viviana,Moore,Franklin
Moore,Jaylin,Bloomfield,Shiloh,Moore,Caden
Moore,Mandi,Ford,Viviana,Moore,Franklin
Moore,Camron,Bloomfield,Shiloh,Moore,Caden
Moore,Maureen,Ford,Viviana,Moore,Franklin
Moore,Dennis,Bloomfield,Shiloh,Moore,Caden
Moore,Cheyanne,Bloomfield,Paola,Moore,Adalberto
Moore,Pierce,Bloomfield,Shiloh,Moore,Caden
Moore,Jacquelin,Bloomfield,Paola,Moore,Adalberto
Moore,Benjamin,Bloomfield,Shiloh,Moore,Caden
Moore,Natalie,Bloomfield,Mckayla,Moore,Dylan
Moore,Dean,Bloomfield,Shiloh,Moore,Caden
Moore,Xena,Bloomfield,Mckayla,Moore,Dylan
Moore,Gage,Sullivan,Camila,Moore,Richie
Moore,Nell,Bloomfield,Mckayla,Moore,Dylan
Moore,Mateo,Sullivan,Camila,Moore,Richie
Moore,Sommer,Bloomfield,Mckayla,Moore,Dylan
Moore,Talon,Sullivan,Camila,Moore,Richie
Moore,Ruth,Bloomfield,Mckayla,Moore,Dylan
Moore,Gustavo,Sullivan,Camila,Moore,Richie
Moore,Kenia,Bloomfield,Mckayla,Moore,Dylan
Moore,Wesley,Sullivan,Camila,Moore,Richie
Moore,Kirstie,Bloomfield,Brandi,Moore,Estevan
Moore,Eberardo,Sullivan,Camila,Moore,Richie
Moore,Xochitl,Bloomfield,Brandi,Moore,Estevan
Moore,Sam,Sullivan,Camila,Moore,Richie
Moore,Tania,Bloomfield,Brandi,Moore,Estevan
Bloomfield,Daron,Moore,Presley,Bloomfield,August
Moore,Violet,Bloomfield,Brandi,Moore,Estevan
Bloomfield,Brandon,Moore,Presley,Bloomfield,August
Moore,Kamri,Bloomfield,Shiloh,Moore,Caden
Bloomfield,Andy,Moore,Presley,Bloomfield,August
Moore,Kaydee,Bloomfield,Shiloh,Moore,Caden
Bloomfield,Levi,Moore,Presley,Bloomfield,August
Moore,Octavia,Sullivan,Camila,Moore,Richie
Bloomfield,Ameer,Moore,Presley,Bloomfield,August
Moore,Adrianna,Sullivan,Camila,Moore,Richie
Bloomfield,Quinton,Moore,Taryn,Bloomfield,Cristian
Moore,Estefani,Sullivan,Camila,Moore,Richie
Bloomfield,Hiram,Moore,Taryn,Bloomfield,Cristian
Moore,Ciarra,Sullivan,Camila,Moore,Richie
Bloomfield,Zev,Moore,Taryn,Bloomfield,Cristian
Moore,Tanna,Sullivan,Camila,Moore,Richie
Bloomfield,Jesse,Moore,Taryn,Bloomfield,Cristian
Moore,Esmeralda,Sullivan,Camila,Moore,Richie
Bloomfield,Lawrence,Moore,Taryn,Bloomfield,Cristian
Moore,Darian,Sullivan,Camila,Moore,Richie
Bloomfield,Guadalupe,Moore,Taryn,Bloomfield,Cristian
Moore,Luna,Sullivan,Camila,Moore,Richie
Bloomfield,Tony,Moore,Jill,Bloomfield,Deric
Moore,Nadia,Sullivan,Camila,Moore,Richie
Bloomfield,Elias,Moore,Jill,Bloomfield,Deric
Bloomfield,Jean,Moore,Presley,Bloomfield,August
Bloomfield,Wilmer,Moore,Jill,Bloomfield,Deric
Bloomfield,Makaila,Moore,Presley,Bloomfield,August
Bloomfield,Demarco,Moore,Lena,Bloomfield,Jairo
Bloomfield,Asha,Moore,Presley,Bloomfield,August
Bloomfield,Brent,Moore,Lena,Bloomfield,Jairo
Bloomfield,Yadira,Moore,Presley,Bloomfield,August
Bloomfield,Gene,Moore,Lena,Bloomfield,Jairo
Bloomfield,Monique,Moore,Presley,Bloomfield,August
Bloomfield,Brodie,Moore,Lena,Bloomfield,Jairo
Bloomfield,Regan,Moore,Presley,Bloomfield,August
Bloomfield,Tristan,Moore,Lena,Bloomfield,Jairo
Bloomfield,Christina,Moore,Taryn,Bloomfield,Cristian
Bloomfield,Timothy,Moore,Lena,Bloomfield,Jairo
Bloomfield,Kamri,Moore,Taryn,Bloomfield,Cristian
Bloomfield,Emmanuel,Moore,Naomi,Bloomfield,Miles
Bloomfield,Natasha,Moore,Taryn,Bloomfield,Cristian
Sullivan,Terrance,Moore,Tyra,Sullivan,Liam
Bloomfield,Dulce,Moore,Taryn,Bloomfield,Cristian
Sullivan,Daron,Moore,Tyra,Sullivan,Liam
Bloomfield,Alicia,Moore,Taryn,Bloomfield,Cristian
Sullivan,Brian,Moore,Tyra,Sullivan,Liam
Bloomfield,Makenzie,Moore,Taryn,Bloomfield,Cristian
Sullivan,Jacob,Moore,Tyra,Sullivan,Liam
Bloomfield,Stevie,Moore,Taryn,Bloomfield,Cristian
Sullivan,Julio,Moore,Tyra,Sullivan,Liam
Bloomfield,Judith,Moore,Taryn,Bloomfield,Cristian
Sullivan,Darrion,Moore,Mykayla,Sullivan,Lukas
Bloomfield,Macey,Moore,Taryn,Bloomfield,Cristian
Sullivan,Clayton,Moore,Mykayla,Sullivan,Lukas
Bloomfield,Harley,Moore,Jill,Bloomfield,Deric
Sullivan,German,Moore,Mykayla,Sullivan,Lukas
Bloomfield,Camilla,Moore,Jill,Bloomfield,Deric
Sullivan,Levi,Moore,Mykayla,Sullivan,Lukas
Bloomfield,Carissa,Moore,Jill,Bloomfield,Deric
Sullivan,Clay,Moore,Mykayla,Sullivan,Lukas
Bloomfield,Salina,Moore,Lena,Bloomfield,Jairo
Sullivan,Stephanie,Moore,Mykayla,Sullivan,Lukas
Bloomfield,Colby,Moore,Lena,Bloomfield,Jairo
Sullivan,Ramiro,Moore,Mollie,Sullivan,Kendall
Bloomfield,Spencer,Moore,Lena,Bloomfield,Jairo
Sullivan,Jace,Moore,Mollie,Sullivan,Kendall
Bloomfield,Katy,Moore,Naomi,Bloomfield,Miles
Sullivan,Zachery,Moore,Makenzi,Sullivan,Anfernee
Bloomfield,Claire,Moore,Naomi,Bloomfield,Miles
Sullivan,Rene,Moore,Makenzi,Sullivan,Anfernee
Bloomfield,Genesis,Moore,Naomi,Bloomfield,Miles
Sullivan,Triston,Moore,Makenzi,Sullivan,Anfernee
Bloomfield,Hadley,Moore,Naomi,Bloomfield,Miles
Sullivan,Irfan,Moore,Makenzi,Sullivan,Anfernee
Bloomfield,Idaly,Moore,Naomi,Bloomfield,Miles
Sullivan,Landen,Moore,Makenzi,Sullivan,Anfernee
Bloomfield,Chyanne,Moore,Naomi,Bloomfield,Miles
Sullivan,Bennett,Linnehan,Katrina,Sullivan,Joshua
Bloomfield,Rebekah,Moore,Naomi,Bloomfield,Miles
Sullivan,Wilson,Linnehan,Katrina,Sullivan,Joshua
Bloomfield,Zoe,Moore,Naomi,Bloomfield,Miles
Sullivan,Richard,Linnehan,Katrina,Sullivan,Joshua
Bloomfield,Julianna,Moore,Anabel,Bloomfield,Larry
Sullivan,Dandre,Linnehan,Katrina,Sullivan,Joshua
Bloomfield,Bridget,Moore,Anabel,Bloomfield,Larry
Linnehan,John,Sullivan,Chana,Linnehan,Austyn
Bloomfield,Jaden,Moore,Anabel,Bloomfield,Larry
Linnehan,Kareem,Sullivan,Chana,Linnehan,Austyn
Bloomfield,Carley,Moore,Anabel,Bloomfield,Larry
Linnehan,Brenton,Sullivan,Chana,Linnehan,Austyn
Bloomfield,Tiffany,Moore,Anabel,Bloomfield,Larry
Linnehan,Wyatt,Sullivan,Chana,Linnehan,Austyn
Sullivan,Roxana,Moore,Tyra,Sullivan,Liam
Linnehan,Jan,Sullivan,Chana,Linnehan,Austyn
Sullivan,Niki,Moore,Tyra,Sullivan,Liam
Linnehan,Marcello,Sullivan,Chana,Linnehan,Austyn
Sullivan,Nadine,Moore,Tyra,Sullivan,Liam
Linnehan,Derek,Sullivan,Chana,Linnehan,Austyn
Sullivan,Kelsey,Moore,Tyra,Sullivan,Liam
Linnehan,Devonte,Sullivan,Tierney,Linnehan,Mateo
Sullivan,Cailin,Moore,Mykayla,Sullivan,Lukas
Linnehan,Britton,Sullivan,Tierney,Linnehan,Mateo
Sullivan,Priscilla,Moore,Mykayla,Sullivan,Lukas
Linnehan,Ignacio,Sullivan,Tierney,Linnehan,Mateo
Sullivan,Flor,Moore,Mykayla,Sullivan,Lukas
Linnehan,Zachery,Sullivan,Klee,Linnehan,Javier
Sullivan,Daniela,Moore,Mykayla,Sullivan,Lukas
Linnehan,Justice,Sullivan,Klee,Linnehan,Javier
Sullivan,Haylie,Moore,Mykayla,Sullivan,Lukas
Linnehan,Diamond,Sullivan,Klee,Linnehan,Javier
Sullivan,Carolina,Moore,Mykayla,Sullivan,Lukas
Linnehan,Julian,Sullivan,Klee,Linnehan,Javier
Sullivan,Courtney,Moore,Mykayla,Sullivan,Lukas
Linnehan,Alonso,Sullivan,Klee,Linnehan,Javier
Sullivan,Jami,Moore,Mykayla,Sullivan,Lukas
Linnehan,Connor,Sullivan,Klee,Linnehan,Javier
Sullivan,Sherridan,Moore,Mykayla,Sullivan,Lukas
Linnehan,Latrell,Sullivan,Vianey,Linnehan,Jalen
Sullivan,Zoi,Moore,Mykayla,Sullivan,Lukas
Linnehan,Carlos,Sullivan,Vianey,Linnehan,Jalen
Sullivan,Lakeisha,Moore,Mollie,Sullivan,Kendall
Linnehan,Kahlil,Sullivan,Vianey,Linnehan,Jalen
Sullivan,Elizabeth,Moore,Mollie,Sullivan,Kendall
Linnehan,Sawyer,Sullivan,Vianey,Linnehan,Jalen
Sullivan,Banesa,Moore,Mollie,Sullivan,Kendall
Linnehan,Rey,Sullivan,Vianey,Linnehan,Jalen
Sullivan,Shamaria,Moore,Makenzi,Sullivan,Anfernee
Linnehan,Reece,Sullivan,Vianey,Linnehan,Jalen
Sullivan,Jenny,Moore,Makenzi,Sullivan,Anfernee
Linnehan,Ward,Sullivan,Maria,Linnehan,Christen
Sullivan,Brigid,Moore,Makenzi,Sullivan,Anfernee
Linnehan,Rowan,Sullivan,Maria,Linnehan,Christen
Sullivan,Ivy,Moore,Makenzi,Sullivan,Anfernee
Linnehan,Brett,Sullivan,Maria,Linnehan,Christen
Sullivan,Kassandra,Moore,Makenzi,Sullivan,Anfernee
Linnehan,Jamie,Sullivan,Maria,Linnehan,Christen
Sullivan,Arianna,Moore,Makenzi,Sullivan,Anfernee
Linnehan,Guillermo,Sullivan,Maria,Linnehan,Christen
Sullivan,Madelyne,Moore,Makenzi,Sullivan,Anfernee
Linnehan,Michal,Sullivan,Maria,Linnehan,Christen
Sullivan,Paula,Moore,Makenzi,Sullivan,Anfernee
Linnehan,Calvin,Sullivan,Maria,Linnehan,Christen
Sullivan,Tiara,Moore,Makenzi,Sullivan,Anfernee
Linnehan,Langston,Sullivan,Maria,Linnehan,Christen
Sullivan,Tatiana,Moore,Makenzi,Sullivan,Anfernee
Linnehan,Stephen,Sullivan,Geraldine,Linnehan,Javen
Sullivan,Magdalena,Moore,Makenzi,Sullivan,Anfernee
Linnehan,Casey,Sullivan,Geraldine,Linnehan,Javen
Sullivan,Erin,Moore,Makenzi,Sullivan,Anfernee
Linnehan,Adan,Sullivan,Geraldine,Linnehan,Javen
Sullivan,Marcia,Moore,Makenzi,Sullivan,Anfernee
Linnehan,Noe,Sullivan,Geraldine,Linnehan,Javen
Sullivan,Kelsi,Linnehan,Katrina,Sullivan,Joshua
Linnehan,Gerard,Sullivan,Geraldine,Linnehan,Javen
Sullivan,Audra,Linnehan,Katrina,Sullivan,Joshua
Linnehan,Lance,Fossum,Kallee,Linnehan,Trentin
Sullivan,Yvette,Linnehan,Katrina,Sullivan,Joshua
Linnehan,Trevin,Fossum,Kallee,Linnehan,Trentin
Linnehan,Alani,Sullivan,Chana,Linnehan,Austyn
Linnehan,Kendrick,Fossum,Marisol,Linnehan,Fredy
Linnehan,Daja,Sullivan,Chana,Linnehan,Austyn
Linnehan,Clinton,Fossum,Marisol,Linnehan,Fredy
Linnehan,Mollie,Sullivan,Chana,Linnehan,Austyn
Linnehan,Jesse,Fossum,Marisol,Linnehan,Fredy
Linnehan,Alondra,Sullivan,Chana,Linnehan,Austyn
Linnehan,Skyler,Fossum,Marisol,Linnehan,Fredy
Linnehan,Dasia,Sullivan,Chana,Linnehan,Austyn
Linnehan,Irvin,Fossum,Ebony,Linnehan,Enrique
Linnehan,Jayda,Sullivan,Chana,Linnehan,Austyn
Linnehan,Sunny,Fossum,Ebony,Linnehan,Enrique
Linnehan,Evangelina,Sullivan,Chana,Linnehan,Austyn
Linnehan,Ronald,Fossum,Ebony,Linnehan,Enrique
Linnehan,Megan,Sullivan,Tierney,Linnehan,Mateo
Linnehan,Zackery,Fossum,Ebony,Linnehan,Enrique
Linnehan,Imelda,Sullivan,Tierney,Linnehan,Mateo
Linnehan,Reese,Fossum,Ebony,Linnehan,Enrique
Linnehan,Makenzie,Sullivan,Klee,Linnehan,Javier
Linnehan,Abdul,Fossum,Shelbi,Linnehan,Wilmer
Linnehan,Kassidy,Sullivan,Klee,Linnehan,Javier
Linnehan,Eugene,Fossum,Shelbi,Linnehan,Wilmer
Linnehan,Kailee,Sullivan,Klee,Linnehan,Javier
Linnehan,Mathieu,Fossum,Shelbi,Linnehan,Wilmer
Linnehan,Devany,Sullivan,Klee,Linnehan,Javier
Linnehan,Donte,Fossum,Shelbi,Linnehan,Wilmer
Linnehan,Lourdes,Sullivan,Vianey,Linnehan,Jalen
Linnehan,Khalil,Fossum,Shelbi,Linnehan,Wilmer
Linnehan,Aubree,Sullivan,Vianey,Linnehan,Jalen
Linnehan,Dangelo,Fossum,Shelbi,Linnehan,Wilmer
Linnehan,Rani,Sullivan,Vianey,Linnehan,Jalen
Linnehan,Theodore,Fossum,Shaye,Linnehan,Wanya
Linnehan,Astrid,Sullivan,Vianey,Linnehan,Jalen
Linnehan,Kalon,Fossum,Shaye,Linnehan,Wanya
Linnehan,Milena,Sullivan,Vianey,Linnehan,Jalen
Linnehan,Jevon,Fossum,Shaye,Linnehan,Wanya
Linnehan,Camille,Sullivan,Vianey,Linnehan,Jalen
Linnehan,Brandon,Fossum,Shaye,Linnehan,Wanya
Linnehan,Kacie,Sullivan,Vianey,Linnehan,Jalen
Linnehan,Keion,Fossum,Shaye,Linnehan,Wanya
Linnehan,Kristian,Sullivan,Vianey,Linnehan,Jalen
Linnehan,Rex,Fossum,Shaye,Linnehan,Wanya
Linnehan,Yuki,Sullivan,Vianey,Linnehan,Jalen
Fossum,Sergio,Linnehan,Breanna,Fossum,Lars
Linnehan,London,Sullivan,Vianey,Linnehan,Jalen
Fossum,Ever,Linnehan,Breanna,Fossum,Lars
Linnehan,Maren,Sullivan,Maria,Linnehan,Christen
Fossum,Enrique,Linnehan,Breanna,Fossum,Lars
Linnehan,Kaylin,Sullivan,Maria,Linnehan,Christen
Fossum,Ernest,Linnehan,Breanna,Fossum,Lars
Linnehan,Kenyetta,Sullivan,Maria,Linnehan,Christen
Fossum,Chaim,Linnehan,Breanna,Fossum,Lars
Linnehan,Emilee,Sullivan,Maria,Linnehan,Christen
Fossum,Courtney,Linnehan,Breanna,Fossum,Lars
Linnehan,Josephine,Sullivan,Maria,Linnehan,Christen
Fossum,Tevin,Linnehan,Breanna,Fossum,Lars
Linnehan,Sheniqua,Sullivan,Maria,Linnehan,Christen
Fossum,Josie,Linnehan,Breanna,Fossum,Lars
Linnehan,Antonia,Sullivan,Maria,Linnehan,Christen
Fossum,Joel,Linnehan,Breanna,Fossum,Lars
Linnehan,Queen,Sullivan,Maria,Linnehan,Christen
Fossum,Marc,Linnehan,Breanna,Fossum,Lars
Linnehan,Sneha,Sullivan,Maria,Linnehan,Christen
Fossum,Isaias,Linnehan,Breanna,Fossum,Lars
Linnehan,Shaina,Sullivan,Geraldine,Linnehan,Javen
Fossum,Damien,Linnehan,Breanna,Fossum,Lars
Linnehan,Tamia,Sullivan,Geraldine,Linnehan,Javen
Fossum,Stefan,Linnehan,Yasmin,Fossum,Cesar
Linnehan,Tehya,Sullivan,Geraldine,Linnehan,Javen
Fossum,Clint,Linnehan,Peyton,Fossum,Trevon
Linnehan,Caylin,Sullivan,Geraldine,Linnehan,Javen
Fossum,Christophe,Linnehan,Peyton,Fossum,Trevon
Linnehan,Taylorann,Sullivan,Geraldine,Linnehan,Javen
Fossum,Joseph,Linnehan,Peyton,Fossum,Trevon
Linnehan,Liana,Sullivan,Geraldine,Linnehan,Javen
Fossum,Christen,Linnehan,Peyton,Fossum,Trevon
Linnehan,Jenna,Sullivan,Geraldine,Linnehan,Javen
Fossum,Kaden,Linnehan,Peyton,Fossum,Trevon
Linnehan,Kenna,Sullivan,Geraldine,Linnehan,Javen
Fossum,Henry,Linnehan,Peyton,Fossum,Trevon
Linnehan,Lucy,Sullivan,Geraldine,Linnehan,Javen
Fossum,Koby,Linnehan,Peyton,Fossum,Trevon
Linnehan,Alissa,Sullivan,Geraldine,Linnehan,Javen
Fossum,Brad,Linnehan,Peyton,Fossum,Trevon
Linnehan,Bridget,Sullivan,Geraldine,Linnehan,Javen
Fossum,Arjun,Linnehan,Peyton,Fossum,Trevon
Linnehan,Bailey,Fossum,Kallee,Linnehan,Trentin
Fossum,Payton,Linnehan,Peyton,Fossum,Trevon
Linnehan,Samara,Fossum,Marisol,Linnehan,Fredy
Fossum,Emmanuel,Linnehan,Peyton,Fossum,Trevon
Linnehan,Idaly,Fossum,Marisol,Linnehan,Fredy
Fossum,Daryl,Linnehan,Alannah,Fossum,Wanya
Linnehan,Emily,Fossum,Marisol,Linnehan,Fredy
Fossum,Bjorn,Currie,Kira,Fossum,Demonte
Linnehan,Audrey,Fossum,Marisol,Linnehan,Fredy
Fossum,Daniel,Currie,Kira,Fossum,Demonte
Linnehan,Madelyne,Fossum,Marisol,Linnehan,Fredy
Fossum,Griffin,Currie,Kira,Fossum,Demonte
Linnehan,Katheryn,Fossum,Ebony,Linnehan,Enrique
Fossum,Daylon,Currie,Kira,Fossum,Demonte
Linnehan,Siera,Fossum,Ebony,Linnehan,Enrique
Fossum,Jarod,Currie,Kira,Fossum,Demonte
Linnehan,Ashlie,Fossum,Ebony,Linnehan,Enrique
Fossum,Tayler,Currie,Kira,Fossum,Demonte
Linnehan,Danielle,Fossum,Ebony,Linnehan,Enrique
Fossum,Keion,Currie,Kira,Fossum,Demonte
Linnehan,Krupa,Fossum,Ebony,Linnehan,Enrique
Fossum,Braxton,Currie,Kira,Fossum,Demonte
Linnehan,Halee,Fossum,Shelbi,Linnehan,Wilmer
Fossum,Ali,Currie,Kira,Fossum,Demonte
Linnehan,Kaili,Fossum,Shelbi,Linnehan,Wilmer
Fossum,Britton,Currie,Kira,Fossum,Demonte
Linnehan,Spencer,Fossum,Shelbi,Linnehan,Wilmer
Fossum,Zackery,Currie,Kira,Fossum,Demonte
Linnehan,Deborah,Fossum,Shelbi,Linnehan,Wilmer
Fossum,Ulysses,Currie,Kira,Fossum,Demonte
Linnehan,Nina,Fossum,Shelbi,Linnehan,Wilmer
Fossum,Layne,Currie,Kira,Fossum,Demonte
Linnehan,Kierra,Fossum,Shelbi,Linnehan,Wilmer
Fossum,Daequan,Currie,Kira,Fossum,Demonte
Linnehan,Tamara,Fossum,Shelbi,Linnehan,Wilmer
Fossum,Lukas,Currie,Kira,Fossum,Demonte
Linnehan,Priscilla,Fossum,Shelbi,Linnehan,Wilmer
Fossum,Britt,Currie,Kira,Fossum,Demonte
Linnehan,Shanique,Fossum,Shelbi,Linnehan,Wilmer
Fossum,Luciano,Currie,Kira,Fossum,Demonte
Linnehan,Joleen,Fossum,Shelbi,Linnehan,Wilmer
Fossum,Aspen,Currie,Kira,Fossum,Demonte
Linnehan,Rochelle,Fossum,Shaye,Linnehan,Wanya
Fossum,Max,Currie,Kira,Fossum,Demonte
Linnehan,Kitana,Fossum,Shaye,Linnehan,Wanya
Fossum,Cody,Currie,Malina,Fossum,Willie
Linnehan,Carrie,Fossum,Shaye,Linnehan,Wanya
Fossum,Nathaniel,Currie,Malina,Fossum,Willie
Linnehan,Jazmyne,Fossum,Shaye,Linnehan,Wanya
Fossum,Estevan,Currie,Malina,Fossum,Willie
Fossum,Sasha,Linnehan,Breanna,Fossum,Lars
Fossum,Nolan,Currie,Malina,Fossum,Willie
Fossum,Domonique,Linnehan,Breanna,Fossum,Lars
Fossum,Darian,Currie,Malina,Fossum,Willie
Fossum,Tanisha,Linnehan,Breanna,Fossum,Lars
Fossum,Clay,Currie,Malina,Fossum,Willie
Fossum,Alexandrea,Linnehan,Breanna,Fossum,Lars
Fossum,Julius,Currie,Malina,Fossum,Willie
Fossum,Shirley,Linnehan,Breanna,Fossum,Lars
Fossum,Jaquan,Currie,Malina,Fossum,Willie
Fossum,Kassidy,Linnehan,Breanna,Fossum,Lars
Fossum,Steven,Currie,Malina,Fossum,Willie
Fossum,Kyana,Linnehan,Breanna,Fossum,Lars
Fossum,Al,Currie,Malina,Fossum,Willie
Fossum,Evelin,Linnehan,Breanna,Fossum,Lars
Fossum,Moses,Currie,Malina,Fossum,Willie
Fossum,Unique,Linnehan,Yasmin,Fossum,Cesar
Fossum,Valentine,Currie,Malina,Fossum,Willie
Fossum,Kaylin,Linnehan,Yasmin,Fossum,Cesar
Fossum,Ryen,Currie,Malina,Fossum,Willie
Fossum,Mackenzie,Linnehan,Yasmin,Fossum,Cesar
Fossum,Vincent,Currie,Malina,Fossum,Willie
Fossum,Shakira,Linnehan,Peyton,Fossum,Trevon
Fossum,Deonta,Currie,Milena,Fossum,Joshua
Fossum,Helena,Linnehan,Peyton,Fossum,Trevon
Fossum,Addison,Currie,Milena,Fossum,Joshua
Fossum,Jackie,Linnehan,Peyton,Fossum,Trevon
Fossum,Jayce,Currie,Milena,Fossum,Joshua
Fossum,Ravin,Linnehan,Peyton,Fossum,Trevon
Fossum,Beau,Currie,Milena,Fossum,Joshua
Fossum,Avery,Linnehan,Peyton,Fossum,Trevon
Fossum,Campbell,Currie,Milena,Fossum,Joshua
Fossum,Salina,Linnehan,Peyton,Fossum,Trevon
Fossum,Gene,Currie,Milena,Fossum,Joshua
Fossum,Annabel,Linnehan,Peyton,Fossum,Trevon
Fossum,Raequan,Currie,Milena,Fossum,Joshua
Fossum,Kaylynn,Linnehan,Peyton,Fossum,Trevon
Fossum,Nicholaus,Currie,Milena,Fossum,Joshua
Fossum,Lesly,Linnehan,Peyton,Fossum,Trevon
Fossum,Kade,Currie,Aleah,Fossum,Tad
Fossum,Karli,Linnehan,Ciarra,Fossum,Jamari
Fossum,Ethan,Currie,Aleah,Fossum,Tad
Fossum,Xena,Linnehan,Ciarra,Fossum,Jamari
Fossum,Larry,Currie,Aleah,Fossum,Tad
Fossum,Tara,Linnehan,Ciarra,Fossum,Jamari
Fossum,Jamel,Currie,Aleah,Fossum,Tad
Fossum,Rianna,Linnehan,Alannah,Fossum,Wanya
Fossum,Migel,Currie,Aleah,Fossum,Tad
Fossum,Karah,Linnehan,Alannah,Fossum,Wanya
