Ford,Thomas,Morin,Keisha,Ford,Britton
Ford,Avery,Morin,Keisha,Ford,Britton
Ford,Denver,Morin,Keisha,Ford,Britton
Ford,Stacy,Morin,Keisha,Ford,Britton
Ford,Delonta,Morin,Keisha,Ford,Britton
Ford,Kiera,Morin,Keisha,Ford,Britton
Ford,Darrius,Morin,Keisha,Ford,Britton
Collins,Noelle,Brown,Aubrey,Collins,Tarik
Ford,Issac,Morin,Keisha,Ford,Britton
Collins,Christie,Brown,Aubrey,Collins,Tarik
Ford,Alec,Morin,Keisha,Ford,Britton
Collins,Dandrea,Brown,Aubrey,Collins,Tarik
Collins,Kyle,Brown,Aubrey,Collins,Tarik
Collins,Jaimie,Brown,Aubrey,Collins,Tarik
Collins,Myles,Brown,Aubrey,Collins,Tarik
Robinson,Cristal,Oefelein,Kylie,Robinson,Caleb
Collins,Isidro,Brown,Aubrey,Collins,Tarik
Robinson,Daniella,Oefelein,Kylie,Robinson,Caleb
Robinson,Steve,Cockrell,Candy,Robinson,Korey
Robinson,Tara,Cockrell,Candy,Robinson,Korey
Robinson,Marquis,Cockrell,Candy,Robinson,Korey
Robinson,Cody,Cockrell,Candy,Robinson,Korey
Robinson,Isidro,Cockrell,Candy,Robinson,Korey
Robinson,Corina,Cockrell,Candy,Robinson,Korey
Kregel,Glenn,Young,Carolina,Kregel,Collin
Robinson,Lizbeth,Cockrell,Candy,Robinson,Korey
Kregel,Layne,Young,Carolina,Kregel,Collin
Robinson,Anjelica,Cockrell,Candy,Robinson,Korey
Kregel,Kevon,Young,Carolina,Kregel,Collin
Kregel,Jasmin,Young,Carolina,Kregel,Collin
Kregel,Patrick,Young,Carolina,Kregel,Collin
Kregel,Anja,Young,Carolina,Kregel,Collin
Kregel,Luciano,Young,Carolina,Kregel,Collin
Kregel,Flor,Young,Carolina,Kregel,Collin
Fillmore,Lance,Lenoir,Breonna,Fillmore,Dedrick
Fillmore,Kayli,Lenoir,Breonna,Fillmore,Dedrick
Fillmore,Darrin,Lenoir,Breonna,Fillmore,Dedrick
Fillmore,Madelyn,Lenoir,Breonna,Fillmore,Dedrick
Mitchell,Kolton,Lu,Georgina,Mitchell,Forrest
Mitchell,Bryana,Lu,Georgina,Mitchell,Forrest
Mitchell,Darrius,Lu,Georgina,Mitchell,Forrest
Mitchell,Natalia,Lu,Georgina,Mitchell,Forrest
Mitchell,Nathaniel,Lu,Georgina,Mitchell,Forrest
Mitchell,Raven,Lu,Georgina,Mitchell,Forrest
Jefferson,Evan,Bull,Bridgett,Jefferson,Gilbert
Jefferson,Jocelyne,Bull,Bridgett,Jefferson,Gilbert
McDivitt,Marc,Ewing,Aaliyah,McDivitt,Aspen
Jefferson,Daniela,Bull,Bridgett,Jefferson,Gilbert
McDivitt,Jamari,Ewing,Aaliyah,McDivitt,Aspen
McDivitt,Camille,Ewing,Aaliyah,McDivitt,Aspen
McDivitt,Travon,Ewing,Aaliyah,McDivitt,Aspen
McDivitt,Destany,Ewing,Aaliyah,McDivitt,Aspen
Reagan,Savion,Wheelock,Rikki,Reagan,Kayle
McDivitt,Nichole,Ewing,Aaliyah,McDivitt,Aspen
Washington,Kirkland,Bowersox,Glenda,Washington,Darius
McDivitt,Sasha,Ewing,Aaliyah,McDivitt,Aspen
Washington,Bailey,Bowersox,Glenda,Washington,Darius
McDivitt,Sylvia,Ewing,Aaliyah,McDivitt,Aspen
Washington,Ronnie,Bowersox,Glenda,Washington,Darius
McDivitt,Shaina,Ewing,Aaliyah,McDivitt,Aspen
Roosevelt,Alejandro,Roosa,Carissa,Roosevelt,Leon
Washington,Cara,Bowersox,Glenda,Washington,Darius
Wilson,Trace,Ochoa,Brandy,Wilson,Tavon
Washington,Melissa,Bowersox,Glenda,Washington,Darius
Wilson,Erick,Ochoa,Brandy,Wilson,Tavon
Washington,Theresa,Bowersox,Glenda,Washington,Darius
Wilson,Gerald,Ochoa,Brandy,Wilson,Tavon
Roosevelt,Chase,Roosa,Carissa,Roosevelt,Leon
Wilson,Malik,Ochoa,Brandy,Wilson,Tavon
Roosevelt,Maggie,Roosa,Carissa,Roosevelt,Leon
Wilson,Migel,Ochoa,Brandy,Wilson,Tavon
Roosevelt,Anastasia,Roosa,Carissa,Roosevelt,Leon
Wilson,Dana,Ochoa,Brandy,Wilson,Tavon
Roosevelt,Brandy,Roosa,Carissa,Roosevelt,Leon
Greene,Malcolm,Ross,Angelica,Greene,Everett
Wilson,Regina,Ochoa,Brandy,Wilson,Tavon
Greene,Carlos,Ross,Angelica,Greene,Everett
Wilson,Alissa,Ochoa,Brandy,Wilson,Tavon
Greene,Lance,McDivitt,Alissa,Greene,Gannon
Greene,Aisha,Ross,Angelica,Greene,Everett
Greene,Khalid,McDivitt,Alissa,Greene,Gannon
Greene,Kiana,McDivitt,Alissa,Greene,Gannon
Chapman,Adalberto,Vanderhooven,Marilyn,Chapman,Kahlil
Greene,Alexandra,McDivitt,Alissa,Greene,Gannon
Chapman,Stevan,Vanderhooven,Marilyn,Chapman,Kahlil
Chapman,Cori,Vanderhooven,Marilyn,Chapman,Kahlil
Chapman,Kapil,Vanderhooven,Marilyn,Chapman,Kahlil
Chapman,Juliette,Vanderhooven,Marilyn,Chapman,Kahlil
Duke,Habram,McBride,Ruth,Duke,Owen
Duke,Kyla,McBride,Ruth,Duke,Owen
Greene,Anthoni,Zamka,Tyler,Greene,Amari
Duke,Kaina,McBride,Ruth,Duke,Owen
Greene,Reid,Zamka,Tyler,Greene,Amari
Duke,Asia,McBride,Ruth,Duke,Owen
Greene,Marquise,Zamka,Tyler,Greene,Amari
Greene,Anita,Zamka,Tyler,Greene,Amari
Greene,Shamar,Zamka,Tyler,Greene,Amari
Greene,Kaila,Zamka,Tyler,Greene,Amari
Greene,Spencer,Zamka,Tyler,Greene,Amari
Greene,Madalyn,Zamka,Tyler,Greene,Amari
Armstrong,Neftaly,Shriver,Maricarmen,Armstrong,Lamar
Cleave,Juliet,Kavandi,Dixie,Cleave,Keegan
Cleave,Kelton,Kavandi,Dixie,Cleave,Keegan
Sellers,Annabel,Forrester,Amber,Sellers,Benjamin
Cleave,Jaylon,Kavandi,Dixie,Cleave,Keegan
Sellers,Kaitlynn,Forrester,Amber,Sellers,Benjamin
Sellers,Rodney,Forrester,Amber,Sellers,Benjamin
Altman,Cameron,Collins,Abagail,Altman,Zackary
Sellers,Connor,Forrester,Amber,Sellers,Benjamin
Altman,Micaela,Collins,Abagail,Altman,Zackary
Altman,Camden,Collins,Abagail,Altman,Zackary
Altman,Kristen,Collins,Abagail,Altman,Zackary
Altman,Toby,Collins,Abagail,Altman,Zackary
Shriver,Ramona,Buchli,Lacey,Shriver,Daylon
Altman,Jamari,Collins,Abagail,Altman,Zackary
Shriver,Geneva,Buchli,Lacey,Shriver,Daylon
Altman,Rakeem,Collins,Abagail,Altman,Zackary
Shriver,Courtney,Buchli,Lacey,Shriver,Daylon
Shriver,Ty,Buchli,Lacey,Shriver,Daylon
Shriver,Vera,Buchli,Lacey,Shriver,Daylon
Shriver,Graham,Buchli,Lacey,Shriver,Daylon
Linenger,Caylee,Cleave,Ashli,Linenger,Patrick
Shriver,Phillip,Buchli,Lacey,Shriver,Daylon
Linenger,Evelyn,Cleave,Ashli,Linenger,Patrick
Shriver,Bronson,Buchli,Lacey,Shriver,Daylon
Linenger,Breana,Cleave,Ashli,Linenger,Patrick
Shriver,Deondre,Buchli,Lacey,Shriver,Daylon
Carpenter,Jazmine,Ivins,Asya,Carpenter,Andre
Shriver,Dustin,Buchli,Lacey,Shriver,Daylon
Carpenter,Ashtin,Ivins,Asya,Carpenter,Andre
Linenger,Quinton,Cleave,Ashli,Linenger,Patrick
Carpenter,Virginia,Ivins,Asya,Carpenter,Andre
Linenger,Jerryd,Cleave,Ashli,Linenger,Patrick
Carpenter,Linda,Ivins,Asya,Carpenter,Andre
Carpenter,Moshe,Ivins,Asya,Carpenter,Andre
Carpenter,Selena,Ivins,Asya,Carpenter,Andre
Carpenter,Kyle,Ivins,Asya,Carpenter,Andre
Carpenter,Moesha,Ivins,Asya,Carpenter,Andre
Carpenter,Jamari,Ivins,Asya,Carpenter,Andre
Carey,Sapphire,Truman,Tatyana,Carey,Josie
Carpenter,Ramon,Ivins,Asya,Carpenter,Andre
Carey,Daesha,Truman,Tatyana,Carey,Josie
Carey,Jeramie,Truman,Tatyana,Carey,Josie
Carey,Bertha,Truman,Tatyana,Carey,Josie
Carey,Cullen,Truman,Tatyana,Carey,Josie
Carey,Tracy,Truman,Tatyana,Carey,Josie
Carey,Marcus,Truman,Tatyana,Carey,Josie
Carey,Brittney,Truman,Tatyana,Carey,Josie
Rominger,Hashim,Baker,Cheyanne,Rominger,Maliki
Rominger,Silvia,Baker,Cheyanne,Rominger,Maliki
Rominger,Ismael,Baker,Cheyanne,Rominger,Maliki
Rominger,Courteney,Baker,Cheyanne,Rominger,Maliki
Rominger,Westley,Baker,Cheyanne,Rominger,Maliki
Rominger,Maureen,Baker,Cheyanne,Rominger,Maliki
Rominger,Adan,Baker,Cheyanne,Rominger,Maliki
Rominger,Keana,Baker,Cheyanne,Rominger,Maliki
Wilcutt,Dean,Weitz,Carmen,Wilcutt,Quanterriu
Wilcutt,Amelia,Weitz,Carmen,Wilcutt,Quanterriu
Wilcutt,Salvatore,Weitz,Carmen,Wilcutt,Quanterriu
Wilcutt,Trisha,Weitz,Carmen,Wilcutt,Quanterriu
Weber,Omar,Ride,Jean,Weber,Bretton
Wilcutt,Silvia,Weitz,Carmen,Wilcutt,Quanterriu
Weber,Tristin,Ride,Jean,Weber,Bretton
Wilcutt,Lacey,Weitz,Carmen,Wilcutt,Quanterriu
Weber,Jabari,Ride,Jean,Weber,Bretton
Weber,Cristina,Ride,Jean,Weber,Bretton
Weber,Clarence,Ride,Jean,Weber,Bretton
Weber,Brielle,Ride,Jean,Weber,Bretton
Weber,Tarik,Ride,Jean,Weber,Bretton
Ford,Genesis,Ford,Emerald,Ford,Thomas
Horowitz,Devan,Readdy,Luisa,Horowitz,Lamar
Ford,Savanna,Ford,Emerald,Ford,Thomas
Ford,Daequan,Ford,Emerald,Ford,Thomas
Ford,Aubrie,Ford,Emerald,Ford,Thomas
Ford,Brayden,Ford,Emerald,Ford,Thomas
Ford,Kaytlyn,Ford,Emerald,Ford,Thomas
Ford,Erin,Ford,Casie,Ford,Denver
Ford,Paris,Ford,Emerald,Ford,Thomas
Ford,Tyler,Ford,Casie,Ford,Denver
Ford,Yajaira,Ford,Avery,Ford,Ryan
Ford,Maleek,Ford,Casie,Ford,Denver
Ford,Madeleine,Ford,Casie,Ford,Denver
Ford,Devaughn,Ford,Casie,Ford,Denver
Ford,Renee,Ford,Casie,Ford,Denver
Ford,Shlomo,Ford,Stacy,Ford,Mariano
Ford,Darcy,Ford,Stacy,Ford,Mariano
Ford,Elmer,Ford,Lisa,Ford,Delonta
Ford,Jazmyn,Ford,Lisa,Ford,Delonta
Ford,Cole,Ford,Lisa,Ford,Delonta
Ford,Karley,Ford,Lisa,Ford,Delonta
Ford,Mickey,Ford,Lisa,Ford,Delonta
Ford,Ida,Ford,Lisa,Ford,Delonta
Ford,Baby,Ford,Kiera,Ford,Conrad
Ford,Celena,Ford,Lisa,Ford,Delonta
Ford,Shayne,Ford,Monica,Ford,Darrius
Ford,Brianne,Ford,Monica,Ford,Darrius
Ford,Sidney,Ford,Monica,Ford,Darrius
Ford,Mary,Ford,Monica,Ford,Darrius
Ford,Ben,Collins,Noelle,Ford,Maximillia
Ford,Juliet,Collins,Noelle,Ford,Maximillia
Ford,Cristopher,Collins,Noelle,Ford,Maximillia
Ford,Georgia,Collins,Noelle,Ford,Maximillia
Ford,Aiden,Collins,Caitlan,Ford,Issac
Ford,Erin,Collins,Noelle,Ford,Maximillia
Ford,Leland,Collins,Christie,Ford,Drew
Ford,Brianna,Collins,Caitlan,Ford,Issac
Ford,Antavius,Collins,Christie,Ford,Drew
Ford,Siobhan,Collins,Caitlan,Ford,Issac
Ford,Jeremy,Collins,Christie,Ford,Drew
Ford,Spencer,Collins,Caitlan,Ford,Issac
Ford,Nolan,Collins,Christie,Ford,Drew
Ford,Allie,Collins,Caitlan,Ford,Issac
Ford,Nickolas,Collins,Phoebe,Ford,Alec
Ford,Lucia,Collins,Caitlan,Ford,Issac
Ford,Cullen,Collins,Phoebe,Ford,Alec
Ford,Victoria,Collins,Christie,Ford,Drew
Ford,Reginald,Collins,Phoebe,Ford,Alec
Ford,Clara,Collins,Christie,Ford,Drew
Ford,Jeffery,Collins,Phoebe,Ford,Alec
Ford,Mallory,Collins,Phoebe,Ford,Alec
Ford,Drew,Collins,Dandrea,Ford,Rudy
Ford,Natasha,Collins,Phoebe,Ford,Alec
Ford,Tucker,Collins,Dandrea,Ford,Rudy
Ford,Avery,Collins,Phoebe,Ford,Alec
Ford,Jacoby,Collins,Dandrea,Ford,Rudy
Ford,Talia,Collins,Phoebe,Ford,Alec
Ford,Demonte,Collins,Dandrea,Ford,Rudy
Ford,Mallory,Collins,Dandrea,Ford,Rudy
Ford,Sebastian,Collins,Dandrea,Ford,Rudy
Ford,Loni,Collins,Dandrea,Ford,Rudy
Ford,Courtney,Collins,Dandrea,Ford,Rudy
Ford,Jade,Collins,Dandrea,Ford,Rudy
Collins,Fred,Collins,Yasmin,Collins,Kyle
Ford,Makayla,Collins,Dandrea,Ford,Rudy
Collins,Guadalupe,Collins,Jaimie,Collins,Rory
Ford,Jordan,Collins,Dandrea,Ford,Rudy
Collins,Rudy,Collins,Jaimie,Collins,Rory
Collins,Brooke,Collins,Yasmin,Collins,Kyle
Collins,Ronnie,Collins,Jaimie,Collins,Rory
Collins,Erin,Collins,Yasmin,Collins,Kyle
Collins,Terence,Collins,Jaimie,Collins,Rory
Collins,Tristin,Collins,Yasmin,Collins,Kyle
Collins,Michel,Collins,Jaimie,Collins,Rory
Collins,Marisol,Collins,Yasmin,Collins,Kyle
Collins,Harley,Collins,Jaimie,Collins,Rory
Collins,Carolina,Collins,Jaimie,Collins,Rory
Collins,Royce,Robinson,Trinity,Collins,Myles
Collins,Makenzie,Collins,Jaimie,Collins,Rory
Collins,Myron,Robinson,Cristal,Collins,Johnny
Collins,Jayda,Collins,Jaimie,Collins,Rory
Collins,Jan,Robinson,Cristal,Collins,Johnny
Collins,Jenny,Robinson,Cristal,Collins,Johnny
Collins,Issac,Robinson,Cristal,Collins,Johnny
Collins,Ellen,Robinson,Cristal,Collins,Johnny
Collins,Ray,Robinson,Cristal,Collins,Johnny
Collins,Camila,Robinson,Cristal,Collins,Johnny
Collins,Garrett,Robinson,Daniella,Collins,Cody
Collins,Jenny,Robinson,Cristal,Collins,Johnny
Robinson,Maleek,Robinson,Naomi,Robinson,Steve
Collins,Essence,Robinson,Lori,Collins,Isidro
Robinson,Bailey,Robinson,Naomi,Robinson,Steve
Collins,Alexis,Robinson,Lori,Collins,Isidro
Robinson,Drake,Robinson,Naomi,Robinson,Steve
Collins,Noemi,Robinson,Lori,Collins,Isidro
Robinson,Erich,Robinson,Naomi,Robinson,Steve
Collins,Devin,Robinson,Lori,Collins,Isidro
Robinson,Nicholas,Robinson,Carolyn,Robinson,Marquis
Collins,Nayeli,Robinson,Daniella,Collins,Cody
Robinson,Gunnar,Robinson,Carolyn,Robinson,Marquis
Collins,Rani,Robinson,Daniella,Collins,Cody
Robinson,Joshua,Robinson,Carolyn,Robinson,Marquis
Collins,Luz,Robinson,Daniella,Collins,Cody
Robinson,Lane,Robinson,Carolyn,Robinson,Marquis
Robinson,Carmelita,Robinson,Naomi,Robinson,Steve
Robinson,Brennon,Robinson,Cody,Robinson,Carter
Robinson,Caitriona,Robinson,Naomi,Robinson,Steve
Robinson,Jaime,Robinson,Cody,Robinson,Carter
Robinson,Jennie,Robinson,Naomi,Robinson,Steve
Robinson,Korey,Robinson,Cody,Robinson,Carter
Robinson,Tasha,Robinson,Naomi,Robinson,Steve
Robinson,William,Robinson,Cody,Robinson,Carter
Robinson,Danielle,Robinson,Tara,Robinson,Barrett
Robinson,Emerson,Robinson,Carly,Robinson,Isidro
Robinson,Brianna,Robinson,Carolyn,Robinson,Marquis
Kregel,Adonis,Robinson,Corina,Kregel,Ezequiel
Robinson,Brionna,Robinson,Carolyn,Robinson,Marquis
Kregel,Gannon,Robinson,Corina,Kregel,Ezequiel
Robinson,Meghan,Robinson,Carolyn,Robinson,Marquis
Kregel,Emerson,Robinson,Nyla,Kregel,Glenn
Robinson,Carolyn,Robinson,Carolyn,Robinson,Marquis
Kregel,Isaac,Robinson,Nyla,Kregel,Glenn
Robinson,Brook,Robinson,Carolyn,Robinson,Marquis
Kregel,Kurt,Robinson,Nyla,Kregel,Glenn
Robinson,Sage,Robinson,Cody,Robinson,Carter
Kregel,Dale,Robinson,Nyla,Kregel,Glenn
Robinson,Ashlie,Robinson,Cody,Robinson,Carter
Kregel,Johnathan,Robinson,Lizbeth,Kregel,Langston
Robinson,Carra,Robinson,Cody,Robinson,Carter
Kregel,Brady,Robinson,Lizbeth,Kregel,Langston
Robinson,Mackenzie,Robinson,Cody,Robinson,Carter
Kregel,Jared,Robinson,Lizbeth,Kregel,Langston
Robinson,Cassandra,Robinson,Carly,Robinson,Isidro
Kregel,Xavier,Robinson,Kyra,Kregel,Layne
Robinson,Janessa,Robinson,Carly,Robinson,Isidro
Kregel,Caleb,Robinson,Kyra,Kregel,Layne
Kregel,Jocelyne,Robinson,Corina,Kregel,Ezequiel
Kregel,Logan,Robinson,Kyra,Kregel,Layne
Kregel,Constance,Robinson,Corina,Kregel,Ezequiel
Kregel,Zackary,Robinson,Kyra,Kregel,Layne
Kregel,Annalie,Robinson,Corina,Kregel,Ezequiel
Kregel,Cruz,Robinson,Kyra,Kregel,Layne
Kregel,Caitlin,Robinson,Nyla,Kregel,Glenn
Kregel,Darian,Robinson,Kyra,Kregel,Layne
Kregel,Chrystal,Robinson,Nyla,Kregel,Glenn
Kregel,Donald,Robinson,Anjelica,Kregel,Ezequiel
Kregel,Nancy,Robinson,Nyla,Kregel,Glenn
Kregel,Frederick,Robinson,Anjelica,Kregel,Ezequiel
Kregel,Yvette,Robinson,Nyla,Kregel,Glenn
Kregel,Chris,Robinson,Anjelica,Kregel,Ezequiel
Kregel,Flor,Robinson,Lizbeth,Kregel,Langston
Kregel,Mauro,Robinson,Anjelica,Kregel,Ezequiel
Kregel,Brieanna,Robinson,Lizbeth,Kregel,Langston
Kregel,Diamond,Kregel,Kiara,Kregel,Kevon
Kregel,Chelsie,Robinson,Kyra,Kregel,Layne
Kregel,Clayton,Kregel,Jasmin,Kregel,Marcell
Kregel,Leslie,Robinson,Kyra,Kregel,Layne
Kregel,Menachem,Kregel,Chaya,Kregel,Patrick
Kregel,Dallas,Robinson,Kyra,Kregel,Layne
Kregel,Bryan,Kregel,Chaya,Kregel,Patrick
Kregel,Diamond,Robinson,Anjelica,Kregel,Ezequiel
Kregel,Claudio,Kregel,Chaya,Kregel,Patrick
Kregel,Allison,Robinson,Anjelica,Kregel,Ezequiel
Kregel,Dusty,Kregel,Chaya,Kregel,Patrick
Kregel,Chasity,Robinson,Anjelica,Kregel,Ezequiel
Kregel,Gordon,Kregel,Anja,Kregel,Cody
Kregel,Guadalupe,Robinson,Anjelica,Kregel,Ezequiel
Kregel,Xavier,Kregel,Natalie,Kregel,Luciano
Kregel,Athena,Kregel,Kiara,Kregel,Kevon
Kregel,Van,Kregel,Natalie,Kregel,Luciano
Kregel,Tess,Kregel,Jasmin,Kregel,Marcell
Kregel,Bernard,Kregel,Natalie,Kregel,Luciano
Kregel,Nina,Kregel,Chaya,Kregel,Patrick
Kregel,Dexter,Kregel,Natalie,Kregel,Luciano
Kregel,Chase,Kregel,Chaya,Kregel,Patrick
Kregel,Raekwon,Kregel,Natalie,Kregel,Luciano
Kregel,Janae,Kregel,Chaya,Kregel,Patrick
Fillmore,Casey,Kregel,Flor,Fillmore,Gustavo
Kregel,Annalisa,Kregel,Chaya,Kregel,Patrick
Fillmore,Chaz,Kregel,Flor,Fillmore,Gustavo
Kregel,Bria,Kregel,Anja,Kregel,Cody
Fillmore,Ishmael,Fillmore,Zoe,Fillmore,Lance
Kregel,Chantal,Kregel,Anja,Kregel,Cody
Fillmore,Conner,Fillmore,Kayli,Fillmore,Garin
Kregel,Kiara,Kregel,Natalie,Kregel,Luciano
Fillmore,Fredrick,Fillmore,Kayli,Fillmore,Garin
Kregel,Chloe,Kregel,Natalie,Kregel,Luciano
Fillmore,Micheal,Fillmore,Kayli,Fillmore,Garin
Kregel,Janay,Kregel,Natalie,Kregel,Luciano
Fillmore,Cedric,Fillmore,Brianna,Fillmore,Darrin
Kregel,Destiny,Kregel,Natalie,Kregel,Luciano
Fillmore,Tracy,Fillmore,Brianna,Fillmore,Darrin
Fillmore,Esmeralda,Kregel,Flor,Fillmore,Gustavo
Fillmore,Augustus,Fillmore,Brianna,Fillmore,Darrin
Fillmore,Jacquelyn,Kregel,Flor,Fillmore,Gustavo
Mitchell,Daylon,Fillmore,Madelyn,Mitchell,Valentine
Fillmore,Astrid,Fillmore,Kayli,Fillmore,Garin
Mitchell,Errol,Fillmore,Madelyn,Mitchell,Valentine
Fillmore,Casie,Fillmore,Kayli,Fillmore,Garin
Mitchell,Kurtis,Fillmore,Madelyn,Mitchell,Valentine
Fillmore,Caitriona,Fillmore,Kayli,Fillmore,Garin
Mitchell,Dangelo,Fillmore,Madelyn,Mitchell,Valentine
Fillmore,Melody,Fillmore,Brianna,Fillmore,Darrin
Mitchell,Joel,Fillmore,Madelyn,Mitchell,Valentine
Fillmore,Juliet,Fillmore,Brianna,Fillmore,Darrin
Mitchell,Felix,Fillmore,Madelyn,Mitchell,Valentine
Fillmore,Kaylyn,Fillmore,Brianna,Fillmore,Darrin
Ford,Britton,Morin,Keisha,(null)
Mitchell,Kirk,Mitchell,Bryana,Mitchell,Robert
Mitchell,Misty,Fillmore,Madelyn,Mitchell,Valentine
Mitchell,Dorian,Mitchell,Bryana,Mitchell,Robert
Mitchell,Alison,Fillmore,Madelyn,Mitchell,Valentine
Mitchell,Jay,Mitchell,Bryana,Mitchell,Robert
Mitchell,Daphne,Fillmore,Madelyn,Mitchell,Valentine
Mitchell,Jordan,Mitchell,Bryana,Mitchell,Robert
Mitchell,Sheila,Fillmore,Madelyn,Mitchell,Valentine
Mitchell,Garett,Mitchell,Bryana,Mitchell,Robert
Mitchell,Danika,Mitchell,Bryana,Mitchell,Robert
Mitchell,Dylan,Mitchell,Anamarie,Mitchell,Darrius
Mitchell,Arlene,Mitchell,Bryana,Mitchell,Robert
Mitchell,Tyler,Mitchell,Anamarie,Mitchell,Darrius
Mitchell,Cheyanna,Mitchell,Bryana,Mitchell,Robert
Mitchell,Charles,Mitchell,Anamarie,Mitchell,Darrius
Mitchell,Kiara,Mitchell,Bryana,Mitchell,Robert
Mitchell,Shayne,Mitchell,Anamarie,Mitchell,Darrius
Mitchell,Cheyann,Mitchell,Bryana,Mitchell,Robert
Mitchell,Zaquan,Mitchell,Natalia,Mitchell,Devante
Mitchell,Kellie,Mitchell,Anamarie,Mitchell,Darrius
Mitchell,Don,Mitchell,Natalia,Mitchell,Devante
Mitchell,Regina,Mitchell,Anamarie,Mitchell,Darrius
Mitchell,Rolando,Mitchell,Carina,Mitchell,Nathaniel
Mitchell,Jade,Mitchell,Anamarie,Mitchell,Darrius
Mitchell,Delonta,Mitchell,Carina,Mitchell,Nathaniel
Mitchell,Lauryn,Mitchell,Anamarie,Mitchell,Darrius
Mitchell,Jairo,Mitchell,Carina,Mitchell,Nathaniel
Mitchell,Yamilex,Mitchell,Anamarie,Mitchell,Darrius
Jefferson,Addison,Mitchell,Raven,Jefferson,Kieran
Mitchell,Lesley,Mitchell,Natalia,Mitchell,Devante
Jefferson,Grant,Mitchell,Coral,Jefferson,Evan
Mitchell,Bailee,Mitchell,Natalia,Mitchell,Devante
Jefferson,Irfan,Mitchell,Coral,Jefferson,Evan
Mitchell,Heather,Mitchell,Natalia,Mitchell,Devante
Jefferson,Stephon,Mitchell,Coral,Jefferson,Evan
Mitchell,Kyle,Mitchell,Natalia,Mitchell,Devante
Jefferson,Demetrius,Mitchell,Coral,Jefferson,Evan
Mitchell,Willow,Mitchell,Carina,Mitchell,Nathaniel
Jefferson,Cory,Mitchell,Coral,Jefferson,Evan
Mitchell,Grace,Mitchell,Carina,Mitchell,Nathaniel
McDivitt,Quintyn,Jefferson,Jocelyne,McDivitt,Deonte
Mitchell,Keirra,Mitchell,Carina,Mitchell,Nathaniel
McDivitt,George,Jefferson,Jocelyne,McDivitt,Deonte
Mitchell,Nia,Mitchell,Carina,Mitchell,Nathaniel
McDivitt,Adalberto,Jefferson,Rachelle,McDivitt,Marc
Jefferson,Odalys,Mitchell,Raven,Jefferson,Kieran
McDivitt,Ryland,Jefferson,Rachelle,McDivitt,Marc
Jefferson,Dayna,Mitchell,Raven,Jefferson,Kieran
McDivitt,Demarcus,Jefferson,Rachelle,McDivitt,Marc
Jefferson,Kerri,Mitchell,Raven,Jefferson,Kieran
McDivitt,Francisco,Jefferson,Rachelle,McDivitt,Marc
Jefferson,Dyamond,Mitchell,Coral,Jefferson,Evan
McDivitt,Dylon,Jefferson,Rachelle,McDivitt,Marc
Jefferson,Callan,Mitchell,Coral,Jefferson,Evan
McDivitt,Hugh,Jefferson,Rachelle,McDivitt,Marc
McDivitt,Shayna,Jefferson,Jocelyne,McDivitt,Deonte
McDivitt,Kaleb,Jefferson,Daniela,McDivitt,Russell
McDivitt,Brandy,Jefferson,Jocelyne,McDivitt,Deonte
McDivitt,Cameron,Jefferson,Daniela,McDivitt,Russell
McDivitt,Glenda,Jefferson,Rachelle,McDivitt,Marc
McDivitt,Raekwon,Jefferson,Daniela,McDivitt,Russell
McDivitt,Rosemarie,Jefferson,Rachelle,McDivitt,Marc
McDivitt,Paul,Jefferson,Daniela,McDivitt,Russell
McDivitt,Allana,Jefferson,Rachelle,McDivitt,Marc
McDivitt,Donald,Jefferson,Daniela,McDivitt,Russell
McDivitt,Sidney,Jefferson,Rachelle,McDivitt,Marc
McDivitt,Xavier,McDivitt,Stacey,McDivitt,Jamari
McDivitt,Dayna,Jefferson,Daniela,McDivitt,Russell
McDivitt,Corbin,McDivitt,Stacey,McDivitt,Jamari
McDivitt,Danielle,Jefferson,Daniela,McDivitt,Russell
McDivitt,Donald,McDivitt,Stacey,McDivitt,Jamari
McDivitt,Natalia,Jefferson,Daniela,McDivitt,Russell
McDivitt,Lauren,McDivitt,Camille,McDivitt,Mateo
McDivitt,Banesa,Jefferson,Daniela,McDivitt,Russell
McDivitt,Brock,McDivitt,Camille,McDivitt,Mateo
McDivitt,Breona,McDivitt,Stacey,McDivitt,Jamari
McDivitt,Kevin,McDivitt,Blair,McDivitt,Travon
McDivitt,Nichole,McDivitt,Stacey,McDivitt,Jamari
McDivitt,Walter,McDivitt,Destany,McDivitt,Owen
McDivitt,Kaila,McDivitt,Stacey,McDivitt,Jamari
McDivitt,Leonardo,McDivitt,Destany,McDivitt,Owen
McDivitt,Tianna,McDivitt,Stacey,McDivitt,Jamari
McDivitt,Tristian,McDivitt,Destany,McDivitt,Owen
McDivitt,Heavenly,McDivitt,Stacey,McDivitt,Jamari
McDivitt,Alek,McDivitt,Destany,McDivitt,Owen
McDivitt,Sarai,McDivitt,Camille,McDivitt,Mateo
McDivitt,Killian,McDivitt,Destany,McDivitt,Owen
McDivitt,Madilyn,McDivitt,Camille,McDivitt,Mateo
McDivitt,Maximillia,McDivitt,Destany,McDivitt,Owen
McDivitt,Kyra,McDivitt,Camille,McDivitt,Mateo
McDivitt,Landon,McDivitt,Destany,McDivitt,Owen
McDivitt,Ashly,McDivitt,Blair,McDivitt,Travon
