Duffy,Simeon,Hauck,Dena,Duffy,Vinh
Onizuka,Allana,See,Skyler,Onizuka,Isaac
Onizuka,Skylar,See,Skyler,Onizuka,Isaac
Onizuka,Bridgette,See,Skyler,Onizuka,Isaac
Onizuka,Alonso,See,Skyler,Onizuka,Isaac
Onizuka,Alissa,See,Skyler,Onizuka,Isaac
Onizuka,Mark,See,Skyler,Onizuka,Isaac
Zophar,Samantha,Harris,Malina,Zophar,Christian
Onizuka,Yobani,See,Skyler,Onizuka,Isaac
Zophar,Emerald,Harris,Malina,Zophar,Christian
Onizuka,Erich,See,Skyler,Onizuka,Isaac
Kilrain,Sara,Casper,Ida,Kilrain,Carl
Zophar,Alonzo,Harris,Malina,Zophar,Christian
Reilly,Camisha,Eisele,Aleisha,Reilly,Andy
Zophar,Hugo,Harris,Malina,Zophar,Christian
Chamitoff,Courteney,Clifford,Kaila,Chamitoff,Edward
Zophar,Toby,Harris,Malina,Zophar,Christian
Oswald,Christine,Bloomfield,Cali,Oswald,Jacori
Zophar,Alfredo,Harris,Malina,Zophar,Christian
Oswald,Rebecca,Bloomfield,Cali,Oswald,Jacori
Zophar,Fabian,Harris,Malina,Zophar,Christian
Oswald,Rebeca,Bloomfield,Cali,Oswald,Jacori
Zophar,Kody,Harris,Malina,Zophar,Christian
Morgan,Christie,Weber,Hunter,Morgan,William
Kilrain,Harold,Casper,Ida,Kilrain,Carl
Morgan,Rowan,Weber,Hunter,Morgan,William
Reilly,Andy,Eisele,Aleisha,Reilly,Andy
Wolf,Constance,McDivitt,Alina,Wolf,Henry
Chamitoff,Benjamen,Clifford,Kaila,Chamitoff,Edward
Ride,Raquel,Daniels,Aundrea,Ride,Abdiel
Oswald,Augustus,Bloomfield,Cali,Oswald,Jacori
Ride,Brenna,Daniels,Aundrea,Ride,Abdiel
Oswald,Lamar,Bloomfield,Cali,Oswald,Jacori
Ride,Meghan,Daniels,Aundrea,Ride,Abdiel
Morgan,Neftaly,Weber,Hunter,Morgan,William
Whitson,Eliana,Cutter,Jean,Whitson,Lars
Morgan,Eddie,Weber,Hunter,Morgan,William
Whitson,Loni,Cutter,Jean,Whitson,Lars
Morgan,Domonic,Weber,Hunter,Morgan,William
Whitson,Cayla,Cutter,Jean,Whitson,Lars
Wolf,Nigel,McDivitt,Alina,Wolf,Henry
Herrington,Amna,Gordon,Aliyah,Herrington,Jason
Ride,Dallas,Daniels,Aundrea,Ride,Abdiel
Herrington,Carrie,Gordon,Aliyah,Herrington,Jason
Ride,Micah,Daniels,Aundrea,Ride,Abdiel
Herrington,Antoinette,Gordon,Aliyah,Herrington,Jason
Ride,Isaiah,Daniels,Aundrea,Ride,Abdiel
Herrington,Calandra,Gordon,Aliyah,Herrington,Jason
Ride,Adam,Daniels,Aundrea,Ride,Abdiel
Reightler,Aubrey,Thorne,Violet,Reightler,Frankie
Ride,Jovan,Daniels,Aundrea,Ride,Abdiel
Reightler,Keisha,Thorne,Violet,Reightler,Frankie
Ride,Ahmad,Daniels,Aundrea,Ride,Abdiel
Reightler,Luz,Thorne,Violet,Reightler,Frankie
Whitson,Wade,Cutter,Jean,Whitson,Lars
Reightler,Crystal,Thorne,Violet,Reightler,Frankie
Whitson,Elliott,Cutter,Jean,Whitson,Lars
Low,Divya,Armstrong,Deja,Low,Daylon
Whitson,Jeffery,Cutter,Jean,Whitson,Lars
Low,Kristie,Armstrong,Deja,Low,Daylon
Whitson,Keith,Cutter,Jean,Whitson,Lars
Meade,Breana,Hoffman,Brielle,Meade,Reed
Herrington,Shea,Gordon,Aliyah,Herrington,Jason
Meade,Clair,Hoffman,Brielle,Meade,Reed
Herrington,Lionel,Gordon,Aliyah,Herrington,Jason
Meade,Kelsie,Hoffman,Brielle,Meade,Reed
Herrington,Jameson,Gordon,Aliyah,Herrington,Jason
Meade,Dorothy,Hoffman,Brielle,Meade,Reed
Herrington,Nathan,Gordon,Aliyah,Herrington,Jason
Eisele,Kaela,Madison,Olga,Eisele,Austin
Reightler,Esau,Thorne,Violet,Reightler,Frankie
Eisele,Brooklyn,Madison,Olga,Eisele,Austin
Reightler,Tate,Thorne,Violet,Reightler,Frankie
Eisele,Daisy,Madison,Olga,Eisele,Austin
Low,Spenser,Armstrong,Deja,Low,Daylon
Eisele,Chantel,Madison,Olga,Eisele,Austin
Meade,Stephanie,Hoffman,Brielle,Meade,Reed
Jackson,Octavia,Truman,Kendra,Jackson,Antavius
Meade,Julian,Hoffman,Brielle,Meade,Reed
Jackson,Amber,Truman,Kendra,Jackson,Antavius
Eisele,Darrin,Madison,Olga,Eisele,Austin
Mullane,Chase,Spring,Chardonnay,Mullane,Gabriel
Eisele,Javon,Madison,Olga,Eisele,Austin
Mullane,Monika,Spring,Chardonnay,Mullane,Gabriel
Eisele,Marques,Madison,Olga,Eisele,Austin
Mullane,Valeria,Spring,Chardonnay,Mullane,Gabriel
Eisele,Gustavo,Madison,Olga,Eisele,Austin
Mullane,Lucia,Spring,Chardonnay,Mullane,Gabriel
Eisele,Arian,Madison,Olga,Eisele,Austin
Mullane,Helen,Spring,Chardonnay,Mullane,Gabriel
Eisele,Frederick,Madison,Olga,Eisele,Austin
Aldrin,Cara,Brady,Lucy,Aldrin,Antavius
Jackson,Shelby,Truman,Kendra,Jackson,Antavius
Vanderhooven,Maryssa,Caldwell,Courtney,Vanderhooven,Brice
Jackson,Ali,Truman,Kendra,Jackson,Antavius
Vanderhooven,Justice,Caldwell,Courtney,Vanderhooven,Brice
Jackson,Gavin,Truman,Kendra,Jackson,Antavius
Vanderhooven,Mara,Caldwell,Courtney,Vanderhooven,Brice
Jackson,Levi,Truman,Kendra,Jackson,Antavius
Vanderhooven,Lucia,Caldwell,Courtney,Vanderhooven,Brice
Mullane,Gilberto,Spring,Chardonnay,Mullane,Gabriel
Kelly,Delanie,Hire,Jane,Kelly,Winston
Mullane,Gage,Spring,Chardonnay,Mullane,Gabriel
Kelly,Breona,Hire,Jane,Kelly,Winston
Mullane,Elliott,Spring,Chardonnay,Mullane,Gabriel
Kelly,Gabrielle,Hire,Jane,Kelly,Winston
Aldrin,Donovan,Brady,Lucy,Aldrin,Antavius
Carr,Asya,Carpenter,Nina,Carr,Sunny
Aldrin,Kieran,Brady,Lucy,Aldrin,Antavius
Halsell,Cynthia,Cagle,Luz,Halsell,Brad
Vanderhooven,Cristian,Caldwell,Courtney,Vanderhooven,Brice
Halsell,Kate,Cagle,Luz,Halsell,Brad
Vanderhooven,Yair,Caldwell,Courtney,Vanderhooven,Brice
Wisoff,Leanna,Chaffee,Monique,Wisoff,Hunter
Vanderhooven,Cameron,Caldwell,Courtney,Vanderhooven,Brice
Wisoff,Lauryn,Chaffee,Monique,Wisoff,Hunter
Vanderhooven,Dylon,Caldwell,Courtney,Vanderhooven,Brice
Wisoff,Laura,Chaffee,Monique,Wisoff,Hunter
Vanderhooven,Brian,Caldwell,Courtney,Vanderhooven,Brice
Wisoff,Shea,Chaffee,Monique,Wisoff,Hunter
Kelly,Ronald,Hire,Jane,Kelly,Winston
Pierce,Dalila,Noriega,Austin,Pierce,Javon
Kelly,Deanthony,Hire,Jane,Kelly,Winston
Pierce,Karlee,Noriega,Austin,Pierce,Javon
Kelly,Dontae,Hire,Jane,Kelly,Winston
Pierce,Kylie,Noriega,Austin,Pierce,Javon
Carr,Justus,Carpenter,Nina,Carr,Sunny
Pierce,Jamie,Noriega,Austin,Pierce,Javon
Carr,Oscar,Carpenter,Nina,Carr,Sunny
McKinley,Katelin,Lousma,Noel,McKinley,Dallas
Carr,Lamont,Carpenter,Nina,Carr,Sunny
McKinley,Brielle,Lousma,Noel,McKinley,Dallas
Wisoff,Deonta,Chaffee,Monique,Wisoff,Hunter
Archambault,Liz,Morgan,Viridiana,Archambault,Tucker
Wisoff,Kendall,Chaffee,Monique,Wisoff,Hunter
Hoffman,Dania,Lounge,Heidi,Hoffman,Jarred
Wisoff,Tavon,Chaffee,Monique,Wisoff,Hunter
Michel,Amina,Brady,Lisa,Michel,Samuel
Wisoff,Caden,Chaffee,Monique,Wisoff,Hunter
Michel,Halie,Brady,Lisa,Michel,Samuel
Wisoff,Tanner,Chaffee,Monique,Wisoff,Hunter
Duffy,Daesha,Onizuka,Erin,Duffy,Simeon
Pierce,Fabian,Noriega,Austin,Pierce,Javon
Duffy,Ebone,Onizuka,Allana,Duffy,Quintyn
Pierce,Garrett,Noriega,Austin,Pierce,Javon
Duffy,Caylee,Onizuka,Allana,Duffy,Quintyn
McKinley,Joseph,Lousma,Noel,McKinley,Dallas
Duffy,Katharine,Onizuka,Allana,Duffy,Quintyn
McKinley,Colton,Lousma,Noel,McKinley,Dallas
Duffy,Lesley,Onizuka,Allana,Duffy,Quintyn
Archambault,Edwin,Morgan,Viridiana,Archambault,Tucker
Onizuka,Ana,Onizuka,Carrie,Onizuka,Skylar
Michel,Jaime,Brady,Lisa,Michel,Samuel
Onizuka,Patricia,Onizuka,Carrie,Onizuka,Skylar
Michel,Dakota,Brady,Lisa,Michel,Samuel
Onizuka,Savanna,Onizuka,Carrie,Onizuka,Skylar
Michel,Alvaro,Brady,Lisa,Michel,Samuel
Onizuka,Kaitlyn,Onizuka,Carrie,Onizuka,Skylar
Michel,Terrell,Brady,Lisa,Michel,Samuel
Onizuka,Elaine,Onizuka,Carrie,Onizuka,Skylar
Michel,Colt,Brady,Lisa,Michel,Samuel
Onizuka,Jacklyn,Onizuka,Carrie,Onizuka,Skylar
Duffy,Diamond,Onizuka,Erin,Duffy,Simeon
Onizuka,Tayla,Onizuka,Carrie,Onizuka,Skylar
Duffy,Juancarlos,Onizuka,Erin,Duffy,Simeon
Onizuka,Chana,Onizuka,Bridgette,Onizuka,Jovonte
Duffy,Braydon,Onizuka,Allana,Duffy,Quintyn
Onizuka,Banesa,Onizuka,Bridgette,Onizuka,Jovonte
Duffy,Jason,Onizuka,Allana,Duffy,Quintyn
Onizuka,Alexandrea,Onizuka,Bridgette,Onizuka,Jovonte
Duffy,Shmuel,Onizuka,Allana,Duffy,Quintyn
Onizuka,Alayna,Onizuka,Bridgette,Onizuka,Jovonte
Onizuka,Clarence,Onizuka,Carrie,Onizuka,Skylar
Onizuka,Karina,Onizuka,Kyle,Onizuka,Alonso
Onizuka,Johnathen,Onizuka,Carrie,Onizuka,Skylar
Onizuka,Alycia,Onizuka,Kyle,Onizuka,Alonso
Onizuka,Jovon,Onizuka,Carrie,Onizuka,Skylar
Onizuka,Tamra,Onizuka,Kyle,Onizuka,Alonso
Onizuka,Elvin,Onizuka,Bridgette,Onizuka,Jovonte
Onizuka,Julianna,Onizuka,Alissa,Onizuka,Dale
Onizuka,Braeden,Onizuka,Bridgette,Onizuka,Jovonte
Onizuka,Hunter,Zophar,Samantha,Onizuka,Ahmad
Onizuka,Dean,Onizuka,Bridgette,Onizuka,Jovonte
Onizuka,Carmela,Zophar,Samantha,Onizuka,Ahmad
Onizuka,Kristian,Onizuka,Bridgette,Onizuka,Jovonte
Onizuka,Sally,Zophar,Samantha,Onizuka,Ahmad
Onizuka,Santana,Onizuka,Kyle,Onizuka,Alonso
Onizuka,Alisa,Zophar,Samantha,Onizuka,Ahmad
Onizuka,Samual,Onizuka,Kyle,Onizuka,Alonso
Onizuka,Anna,Zophar,Emerald,Onizuka,Arthur
Onizuka,Terrell,Onizuka,Kyle,Onizuka,Alonso
Onizuka,Kassandra,Zophar,Emerald,Onizuka,Arthur
Onizuka,Marcanthon,Onizuka,Alissa,Onizuka,Dale
Onizuka,Elaina,Zophar,Emerald,Onizuka,Arthur
Onizuka,Alexander,Zophar,Krystal,Onizuka,Mark
Onizuka,Dandrea,Zophar,Emerald,Onizuka,Arthur
Onizuka,Ryland,Zophar,Samantha,Onizuka,Ahmad
Onizuka,Kyla,Kilrain,Maryssa,Onizuka,Erich
Onizuka,Bradly,Zophar,Samantha,Onizuka,Ahmad
Onizuka,Leticia,Kilrain,Sara,Onizuka,Maverick
Onizuka,Milton,Zophar,Emerald,Onizuka,Arthur
Zophar,Janet,Kilrain,Bethany,Zophar,Alonzo
Onizuka,Cole,Zophar,Emerald,Onizuka,Arthur
Zophar,Michelle,Kilrain,Bethany,Zophar,Alonzo
Onizuka,Eddie,Zophar,Emerald,Onizuka,Arthur
Zophar,Alysa,Kilrain,Bethany,Zophar,Alonzo
Onizuka,Kurtis,Zophar,Emerald,Onizuka,Arthur
Zophar,Cori,Kilrain,Bethany,Zophar,Alonzo
Onizuka,Saxon,Zophar,Emerald,Onizuka,Arthur
Zophar,Jazmin,Reilly,Camisha,Zophar,Manuel
Onizuka,Thomas,Kilrain,Sara,Onizuka,Maverick
Zophar,Chardonnay,Reilly,Camisha,Zophar,Manuel
Zophar,Sheldon,Kilrain,Bethany,Zophar,Alonzo
Zophar,Rhiannon,Chamitoff,Marisa,Zophar,Hugo
Zophar,Malachi,Kilrain,Bethany,Zophar,Alonzo
Zophar,Lauryn,Chamitoff,Marisa,Zophar,Hugo
Zophar,Chaim,Kilrain,Bethany,Zophar,Alonzo
Zophar,Sarina,Chamitoff,Marisa,Zophar,Hugo
Zophar,Erik,Kilrain,Bethany,Zophar,Alonzo
Zophar,Octavia,Chamitoff,Courteney,Zophar,Victor
Zophar,Dyllon,Kilrain,Bethany,Zophar,Alonzo
Zophar,Yvette,Chamitoff,Stephanie,Zophar,Toby
Zophar,Nathanael,Reilly,Camisha,Zophar,Manuel
Zophar,Suzette,Chamitoff,Stephanie,Zophar,Toby
Zophar,Jackson,Reilly,Camisha,Zophar,Manuel
Zophar,Myranda,Chamitoff,Stephanie,Zophar,Toby
Zophar,Quinn,Chamitoff,Marisa,Zophar,Hugo
Zophar,Caitlin,Chamitoff,Stephanie,Zophar,Toby
Zophar,Frederick,Chamitoff,Marisa,Zophar,Hugo
Zophar,Sky,Chamitoff,Stephanie,Zophar,Toby
Zophar,Joey,Chamitoff,Marisa,Zophar,Hugo
Zophar,Caitlan,Oswald,Christine,Zophar,Toby
Zophar,Joel,Chamitoff,Marisa,Zophar,Hugo
Zophar,Bernadette,Oswald,Christine,Zophar,Toby
Zophar,Tristen,Chamitoff,Courteney,Zophar,Victor
Zophar,Kailey,Oswald,Christine,Zophar,Toby
Zophar,Felix,Chamitoff,Stephanie,Zophar,Toby
Zophar,Raquel,Oswald,Christine,Zophar,Toby
Zophar,Owen,Chamitoff,Stephanie,Zophar,Toby
Zophar,Dalila,Oswald,Christine,Zophar,Toby
Zophar,Caleb,Chamitoff,Stephanie,Zophar,Toby
Zophar,Becca,Oswald,Aisha,Zophar,Alfredo
Zophar,Marc,Oswald,Christine,Zophar,Toby
Zophar,Jaime,Oswald,Aisha,Zophar,Alfredo
Zophar,Carter,Oswald,Christine,Zophar,Toby
Zophar,Juliet,Oswald,Aisha,Zophar,Alfredo
Zophar,Trevor,Oswald,Christine,Zophar,Toby
Zophar,Maribel,Oswald,Aisha,Zophar,Alfredo
Zophar,Jairo,Oswald,Christine,Zophar,Toby
Zophar,Tatiana,Oswald,Rebecca,Zophar,Remington
Zophar,Al,Oswald,Christine,Zophar,Toby
Zophar,Casey,Oswald,Rebecca,Zophar,Remington
Zophar,Adan,Oswald,Aisha,Zophar,Alfredo
Zophar,Stefanie,Oswald,Rebecca,Zophar,Remington
Zophar,Niko,Oswald,Aisha,Zophar,Alfredo
Zophar,Bridgett,Oswald,Rebecca,Zophar,Remington
Zophar,Ben,Oswald,Aisha,Zophar,Alfredo
Zophar,Jennie,Oswald,Rebecca,Zophar,Remington
Zophar,Christen,Oswald,Rebecca,Zophar,Remington
Zophar,Chelsy,Oswald,Dominique,Zophar,Fabian
Zophar,Mariano,Oswald,Rebecca,Zophar,Remington
Zophar,Aubrey,Oswald,Dominique,Zophar,Fabian
Zophar,Manuel,Oswald,Rebecca,Zophar,Remington
Zophar,Emily,Oswald,Dominique,Zophar,Fabian
Zophar,Jamari,Oswald,Rebecca,Zophar,Remington
Zophar,Luisa,Oswald,Rebeca,Zophar,Davon
Zophar,Lloyd,Oswald,Dominique,Zophar,Fabian
Zophar,Kayley,Oswald,Rebeca,Zophar,Davon
Zophar,Arturo,Oswald,Dominique,Zophar,Fabian
Zophar,Caitlin,Oswald,Rebeca,Zophar,Davon
Zophar,Derrick,Oswald,Rebeca,Zophar,Davon
Zophar,Gretchen,Oswald,Rebeca,Zophar,Davon
Zophar,Nicholas,Oswald,Rebeca,Zophar,Davon
Zophar,Dania,Oswald,Meghan,Zophar,Kody
Zophar,Fredrick,Oswald,Rebeca,Zophar,Davon
Kilrain,Rita,Morgan,Christie,Kilrain,Kirk
Zophar,Israel,Oswald,Rebeca,Zophar,Davon
Kilrain,Thalia,Morgan,Christie,Kilrain,Kirk
Zophar,Rogelio,Oswald,Meghan,Zophar,Kody
Kilrain,Jade,Morgan,Evelyn,Kilrain,Harold
Zophar,Ariel,Oswald,Meghan,Zophar,Kody
Reilly,Cierra,Morgan,Rowan,Reilly,Alek
Zophar,Jaylon,Oswald,Meghan,Zophar,Kody
Reilly,Nicolle,Morgan,Rowan,Reilly,Alek
Zophar,Jace,Oswald,Meghan,Zophar,Kody
Reilly,Colby,Morgan,Rowan,Reilly,Alek
Kilrain,Ross,Morgan,Christie,Kilrain,Kirk
Reilly,Casandra,Morgan,Rowan,Reilly,Alek
Reilly,Patrick,Morgan,Rowan,Reilly,Alek
Reilly,Adrian,Morgan,Rowan,Reilly,Alek
Reilly,Lucas,Morgan,Rowan,Reilly,Alek
Reilly,Corina,Wolf,Danae,Reilly,Andy
Reilly,Orlando,Morgan,Rowan,Reilly,Alek
Chamitoff,Stormy,Wolf,Chelsea,Chamitoff,Benjamen
Reilly,Evan,Wolf,Danae,Reilly,Andy
Chamitoff,Amina,Wolf,Chelsea,Chamitoff,Benjamen
Chamitoff,Killian,Wolf,Constance,Chamitoff,Nour
Chamitoff,Kassandra,Wolf,Chelsea,Chamitoff,Benjamen
Chamitoff,Jarrod,Wolf,Chelsea,Chamitoff,Benjamen
Oswald,Elissa,Ride,Raquel,Oswald,Juancarlos
Oswald,Rhett,Ride,Raquel,Oswald,Juancarlos
Oswald,Makayla,Ride,Raquel,Oswald,Juancarlos
Oswald,Justyn,Ride,Raquel,Oswald,Juancarlos
Oswald,Ashanti,Ride,Raquel,Oswald,Juancarlos
Oswald,Lorenzo,Ride,Brenna,Oswald,Misael
Oswald,Ann,Ride,Brenna,Oswald,Misael
Oswald,Nadav,Ride,Brenna,Oswald,Misael
Oswald,Karlee,Ride,Brenna,Oswald,Misael
Oswald,Cecil,Ride,Brenna,Oswald,Misael
Oswald,Aundrea,Ride,Brenna,Oswald,Misael
Oswald,Stefan,Ride,Brenna,Oswald,Misael
Oswald,Francisca,Ride,Maritza,Oswald,Lamar
Oswald,Kapil,Ride,Brenna,Oswald,Misael
Oswald,Destiney,Ride,Maritza,Oswald,Lamar
Oswald,Edwin,Ride,Maritza,Oswald,Lamar
Oswald,Kaylee,Ride,Maritza,Oswald,Lamar
Oswald,Jesus,Ride,Maritza,Oswald,Lamar
Oswald,Candy,Ride,Maritza,Oswald,Lamar
Oswald,Dandre,Ride,Maritza,Oswald,Lamar
Oswald,Torrie,Ride,Meghan,Oswald,Jon
Oswald,Braxton,Ride,Maritza,Oswald,Lamar
Oswald,Corinne,Ride,Meghan,Oswald,Jon
Oswald,Patric,Ride,Meghan,Oswald,Jon
Oswald,Chelsie,Ride,Meghan,Oswald,Jon
Oswald,Nestor,Ride,Meghan,Oswald,Jon
Morgan,Keara,Ride,Ashlee,Morgan,Neftaly
Oswald,Ali,Ride,Meghan,Oswald,Jon
Morgan,Kaylynn,Ride,Ashlee,Morgan,Neftaly
Oswald,Nathanael,Ride,Meghan,Oswald,Jon
Morgan,Gabriella,Ride,Ashlee,Morgan,Neftaly
Oswald,Aron,Ride,Meghan,Oswald,Jon
Morgan,Georgia,Whitson,Eliana,Morgan,Deion
Morgan,Keeton,Ride,Ashlee,Morgan,Neftaly
Morgan,Allyson,Whitson,Eliana,Morgan,Deion
Morgan,Brodie,Ride,Ashlee,Morgan,Neftaly
Morgan,Krista,Whitson,Eliana,Morgan,Deion
Morgan,Junior,Ride,Ashlee,Morgan,Neftaly
Morgan,Renee,Whitson,Eliana,Morgan,Deion
Morgan,Jamal,Whitson,Eliana,Morgan,Deion
Morgan,Kennedy,Whitson,Eliana,Morgan,Deion
Morgan,Ben,Whitson,Eliana,Morgan,Deion
Morgan,Daesha,Whitson,Eliana,Morgan,Deion
Morgan,Alfredo,Whitson,Eliana,Morgan,Deion
Morgan,Kristin,Whitson,Amina,Morgan,Eddie
Morgan,Darius,Whitson,Eliana,Morgan,Deion
Morgan,Shea,Whitson,Loni,Morgan,Nolan
Morgan,Daniel,Whitson,Jaclyn,Morgan,Domonic
Morgan,Viridiana,Whitson,Loni,Morgan,Nolan
Morgan,Jeb,Whitson,Cayla,Morgan,Deontae
Morgan,Audra,Whitson,Loni,Morgan,Nolan
Morgan,Rory,Whitson,Cayla,Morgan,Deontae
Morgan,Marina,Whitson,Cayla,Morgan,Deontae
Morgan,Sterling,Whitson,Cayla,Morgan,Deontae
Morgan,Celena,Whitson,Cayla,Morgan,Deontae
Morgan,Deondre,Whitson,Cayla,Morgan,Deontae
Wolf,Marisol,Whitson,Bryana,Wolf,Nigel
Wolf,Jeramie,Whitson,Bryana,Wolf,Nigel
Wolf,Yasmine,Whitson,Bryana,Wolf,Nigel
Wolf,Jade,Whitson,Bryana,Wolf,Nigel
Wolf,Felicia,Whitson,Bryana,Wolf,Nigel
Wolf,Felix,Whitson,Bryana,Wolf,Nigel
Wolf,Antoinette,Whitson,Bryana,Wolf,Nigel
Wolf,Alonso,Whitson,Bryana,Wolf,Nigel
Ride,Kelley,Herrington,Ashtin,Ride,Dallas
Ride,Mauricio,Herrington,Amna,Ride,Joshua
Ride,Theresa,Herrington,Ashtin,Ride,Dallas
Ride,Daxton,Herrington,Amna,Ride,Joshua
Ride,Alena,Herrington,Jazmine,Ride,Micah
Ride,Henry,Herrington,Amna,Ride,Joshua
Ride,Alannah,Herrington,Jazmine,Ride,Micah
Duffy,Vinh,Hauck,Dena,(null)
Ride,Alfonso,Herrington,Jazmine,Ride,Micah
Ride,Tamia,Herrington,Antoinette,Ride,Roy
Ride,Trey,Herrington,Jazmine,Ride,Micah
Ride,Alyson,Herrington,Antoinette,Ride,Roy
Ride,Owen,Herrington,Antoinette,Ride,Roy
Ride,Sydni,Herrington,Antoinette,Ride,Roy
Ride,Taylor,Herrington,Antoinette,Ride,Roy
Ride,Kierra,Herrington,Kori,Ride,Isaiah
Ride,Lance,Herrington,Antoinette,Ride,Roy
Ride,Cierra,Herrington,Kori,Ride,Isaiah
Ride,Abraham,Herrington,Antoinette,Ride,Roy
Ride,Audra,Herrington,Kori,Ride,Isaiah
Ride,Deric,Herrington,Kori,Ride,Isaiah
Ride,Lily,Herrington,Kori,Ride,Isaiah
Ride,Ron,Herrington,Kori,Ride,Isaiah
Ride,Shayna,Herrington,Kori,Ride,Isaiah
Ride,Kirk,Herrington,Kori,Ride,Isaiah
Ride,Katie,Herrington,Kori,Ride,Isaiah
Ride,Migel,Herrington,Calandra,Ride,Jessee
Ride,Eva,Herrington,Kori,Ride,Isaiah
Ride,Sedrick,Reightler,Josie,Ride,Adam
Ride,Anna,Herrington,Calandra,Ride,Jessee
Ride,Bjorn,Reightler,Josie,Ride,Adam
Ride,Ashlee,Herrington,Calandra,Ride,Jessee
Ride,Oneil,Reightler,Aubrey,Ride,Esteban
Ride,Carissa,Herrington,Calandra,Ride,Jessee
Ride,Miles,Reightler,Aubrey,Ride,Esteban
Ride,Gloria,Reightler,Josie,Ride,Adam
Ride,Shamar,Reightler,Aubrey,Ride,Esteban
Ride,Kassidy,Reightler,Aubrey,Ride,Esteban
Ride,Sammie,Reightler,Terri,Ride,Jovan
Ride,Maryssa,Reightler,Aubrey,Ride,Esteban
Ride,Kelson,Reightler,Terri,Ride,Jovan
Ride,Ruth,Reightler,Terri,Ride,Jovan
Ride,Hugh,Reightler,Terri,Ride,Jovan
Ride,Avery,Reightler,Terri,Ride,Jovan
Ride,Anthony,Reightler,Terri,Ride,Jovan
Ride,Chastity,Reightler,Terri,Ride,Jovan
Ride,Bo,Reightler,Taylor,Ride,Ahmad
Ride,Viridiana,Reightler,Terri,Ride,Jovan
Ride,Shlomo,Reightler,Taylor,Ride,Ahmad
Ride,Eva,Reightler,Keisha,Ride,Salvador
Ride,Romeo,Reightler,Taylor,Ride,Ahmad
Ride,Kasandra,Reightler,Taylor,Ride,Ahmad
Ride,Keith,Reightler,Taylor,Ride,Ahmad
Ride,Molly,Reightler,Taylor,Ride,Ahmad
Ride,Trenton,Reightler,Taylor,Ride,Ahmad
Whitson,Judith,Reightler,Luz,Whitson,Aspen
Whitson,Simon,Reightler,Luz,Whitson,Aspen
Whitson,Chastity,Reightler,Luz,Whitson,Aspen
Whitson,Stephon,Reightler,Luz,Whitson,Aspen
Whitson,Karla,Reightler,Luz,Whitson,Aspen
Whitson,Isaias,Reightler,Luz,Whitson,Aspen
Whitson,Essence,Reightler,Luz,Whitson,Aspen
Whitson,Melvin,Reightler,Ciera,Whitson,Wade
Whitson,Ashly,Reightler,Luz,Whitson,Aspen
Whitson,Zakery,Reightler,Ciera,Whitson,Wade
Whitson,Beverly,Reightler,Ciera,Whitson,Wade
Whitson,Melvin,Reightler,Ciera,Whitson,Wade
Whitson,Anisha,Reightler,Ciera,Whitson,Wade
Whitson,Chase,Reightler,Crystal,Whitson,Sammie
Whitson,Zoe,Reightler,Ciera,Whitson,Wade
Whitson,Zev,Reightler,Crystal,Whitson,Sammie
Whitson,Julianna,Reightler,Ciera,Whitson,Wade
Whitson,Reece,Reightler,Crystal,Whitson,Sammie
Whitson,Karina,Reightler,Crystal,Whitson,Sammie
Whitson,Stevan,Low,Aubrey,Whitson,Elliott
Whitson,Celeste,Reightler,Crystal,Whitson,Sammie
Whitson,Mathieu,Low,Aubrey,Whitson,Elliott
Whitson,Noelle,Reightler,Crystal,Whitson,Sammie
Whitson,Kaden,Low,Divya,Whitson,Michael
Whitson,Jill,Reightler,Crystal,Whitson,Sammie
Whitson,Phillip,Low,Divya,Whitson,Michael
Whitson,Yasmeen,Low,Aubrey,Whitson,Elliott
Whitson,Gilbert,Low,Divya,Whitson,Michael
Whitson,Vera,Low,Divya,Whitson,Michael
Whitson,Mariano,Low,Divya,Whitson,Michael
Whitson,Alisia,Low,Divya,Whitson,Michael
Whitson,Shemar,Low,Cheryl,Whitson,Jeffery
Whitson,Bianca,Low,Divya,Whitson,Michael
Whitson,Dale,Low,Cheryl,Whitson,Jeffery
Whitson,Bianca,Low,Divya,Whitson,Michael
Whitson,Khalil,Low,Kristie,Whitson,Walter
Whitson,Clare,Low,Divya,Whitson,Michael
Whitson,Ronnie,Low,Kristie,Whitson,Walter
Whitson,Mayra,Low,Divya,Whitson,Michael
Whitson,Kegan,Low,Kristie,Whitson,Walter
Whitson,Katarina,Low,Kristie,Whitson,Walter
Whitson,Alberto,Meade,Delanie,Whitson,Keith
Whitson,Hallie,Low,Kristie,Whitson,Walter
Whitson,Salvador,Meade,Delanie,Whitson,Keith
Whitson,Alina,Low,Kristie,Whitson,Walter
Whitson,Seamus,Meade,Delanie,Whitson,Keith
Whitson,Glenda,Low,Kristie,Whitson,Walter
Whitson,Roberto,Meade,Delanie,Whitson,Keith
Whitson,Ellen,Low,Kristie,Whitson,Walter
Whitson,Edgardo,Meade,Breana,Whitson,Stanley
Whitson,Kalee,Meade,Delanie,Whitson,Keith
